6a9eb06429877fbd07f88dd2,com.gisma.advanced_database.shipment.adapter.secondary.mongo.entity.ShippingDBO,2026-09-07T12:39:00.926Z,da5ce837-5a1e-425c-9989-9425fc2361b4,"{""name"": ""Money Market Account auxiliary"", ""address"": {""street"": ""978 Trenton Squares"", ""city"": ""374 Mariano Burgs"", ""state"": ""2764 Effertz Shoals"", ""number"": ""98250047"", ""zipCode"": ""39045385"", ""district"": ""open-source"", ""createdAt"": {""$date"": ""2026-09-07T12:39:00.926Z""}, ""updatedAt"": {""$date"": ""2026-09-07T12:39:00.926Z""}}, ""createdAt"": {""$date"": ""2026-09-07T12:39:00.926Z""}, ""updatedAt"": {""$date"": ""2026-09-07T12:39:00.926Z""}}",DELIVERED,2026-09-07T12:39:00.926Z
6a9eb06529877fbd07f88dd3,com.gisma.advanced_database.shipment.adapter.secondary.mongo.entity.ShippingDBO,2026-09-07T12:39:01.335Z,450d1956-2723-4eb9-90a1-c09cf2e98bcb,"{""name"": ""Credit Card Account primary"", ""address"": {""street"": ""1667 Enos Forest"", ""city"": ""9385 Stoltenberg Coves"", ""state"": ""591 Kihn Mission"", ""number"": ""87833036"", ""zipCode"": ""66877310"", ""district"": ""open-source"", ""createdAt"": {""$date"": ""2026-09-07T12:39:01.335Z""}, ""updatedAt"": {""$date"": ""2026-09-07T12:39:01.335Z""}}, ""createdAt"": {""$date"": ""2026-09-07T12:39:01.335Z""}, ""updatedAt"": {""$date"": ""2026-09-07T12:39:01.335Z""}}",PACKED,2026-09-07T12:39:01.335Z
6a9eb06529877fbd07f88dd4,com.gisma.advanced_database.shipment.adapter.secondary.mongo.entity.ShippingDBO,2026-09-07T12:39:01.593Z,05a63a94-f7f3-495a-84f9-a6f851152760,"{""name"": ""Investment Account haptic"", ""address"": {""street"": ""762 Lodge Lane"", ""city"": ""9187 E Maple Street"", ""state"": ""257 Wolff Course"", ""number"": ""87431832"", ""zipCode"": ""58051753"", ""district"": ""primary"", ""createdAt"": {""$date"": ""2026-09-07T12:39:01.593Z""}, ""updatedAt"": {""$date"": ""2026-09-07T12:39:01.593Z""}}, ""createdAt"": {""$date"": ""2026-09-07T12:39:01.593Z""}, ""updatedAt"": {""$date"": ""2026-09-07T12:39:01.593Z""}}",DELIVERED,2026-09-07T12:39:01.593Z
6a9eb06529877fbd07f88dd5,com.gisma.advanced_database.shipment.adapter.secondary.mongo.entity.ShippingDBO,2026-09-07T12:39:01.868Z,92b3b751-6d54-4f80-8202-1d06eda5f861,"{""name"": ""Personal Loan Account redundant"", ""address"": {""street"": ""98524 Oxford Street"", ""city"": ""9710 Stanton Underpass"", ""state"": ""8605 Avenue Road"", ""number"": ""75254334"", ""zipCode"": ""92093932"", ""district"": ""online"", ""createdAt"": {""$date"": ""2026-09-07T12:39:01.868Z""}, ""updatedAt"": {""$date"": ""2026-09-07T12:39:01.868Z""}}, ""createdAt"": {""$date"": ""2026-09-07T12:39:01.868Z""}, ""updatedAt"": {""$date"": ""2026-09-07T12:39:01.868Z""}}",OUT_FOR_DELIVERY,2026-09-07T12:39:01.868Z
6a9eb06629877fbd07f88dd6,com.gisma.advanced_database.shipment.adapter.secondary.mongo.entity.ShippingDBO,2026-09-07T12:39:02.116Z,fcb56b95-d2b0-42d7-aa8f-757a693ec6e2,"{""name"": ""Home Loan Account 1080p"", ""address"": {""street"": ""861 Schinner Greens"", ""city"": ""788 Ashlynn Villages"", ""state"": ""65660 Elouise Path"", ""number"": ""02708371"", ""zipCode"": ""29062182"", ""district"": ""virtual"", ""createdAt"": {""$date"": ""2026-09-07T12:39:02.116Z""}, ""updatedAt"": {""$date"": ""2026-09-07T12:39:02.116Z""}}, ""createdAt"": {""$date"": ""2026-09-07T12:39:02.116Z""}, ""updatedAt"": {""$date"": ""2026-09-07T12:39:02.116Z""}}",TRANSIT,2026-09-07T12:39:02.116Z
6a9eb06629877fbd07f88dd7,com.gisma.advanced_database.shipment.adapter.secondary.mongo.entity.ShippingDBO,2026-09-07T12:39:02.374Z,20cbe153-8a64-473b-9b4e-886345ad2fdc,"{""name"": ""Credit Card Account 1080p"", ""address"": {""street"": ""8226 Walker Light"", ""city"": ""98749 Madison Street"", ""state"": ""3088 W 12th Street"", ""number"": ""50101350"", ""zipCode"": ""97518102"", ""district"": ""online"", ""createdAt"": {""$date"": ""2026-09-07T12:39:02.374Z""}, ""updatedAt"": {""$date"": ""2026-09-07T12:39:02.374Z""}}, ""createdAt"": {""$date"": ""2026-09-07T12:39:02.374Z""}, ""updatedAt"": {""$date"": ""2026-09-07T12:39:02.374Z""}}",DELIVERED,2026-09-07T12:39:02.374Z
6a9eb06629877fbd07f88dd8,com.gisma.advanced_database.shipment.adapter.secondary.mongo.entity.ShippingDBO,2026-09-07T12:39:02.636Z,f7c6624d-8763-41b0-9a83-1a3bcc5374cf,"{""name"": ""Money Market Account solid state"", ""address"": {""street"": ""95791 Windermere Road"", ""city"": ""44323 Coby Forks"", ""state"": ""8008 Ida Flats"", ""number"": ""58766095"", ""zipCode"": ""25299707"", ""district"": ""back-end"", ""createdAt"": {""$date"": ""2026-09-07T12:39:02.636Z""}, ""updatedAt"": {""$date"": ""2026-09-07T12:39:02.636Z""}}, ""createdAt"": {""$date"": ""2026-09-07T12:39:02.636Z""}, ""updatedAt"": {""$date"": ""2026-09-07T12:39:02.636Z""}}",SHIPPED,2026-09-07T12:39:02.636Z
6a9eb06629877fbd07f88dd9,com.gisma.advanced_database.shipment.adapter.secondary.mongo.entity.ShippingDBO,2026-09-07T12:39:02.889Z,2a71a665-9002-4503-8958-c182da0b2e96,"{""name"": ""Credit Card Account optical"", ""address"": {""street"": ""2874 Price Viaduct"", ""city"": ""756 Schaden Glen"", ""state"": ""838 O'Hara Pine"", ""number"": ""57371422"", ""zipCode"": ""85324963"", ""district"": ""cross-platform"", ""createdAt"": {""$date"": ""2026-09-07T12:39:02.889Z""}, ""updatedAt"": {""$date"": ""2026-09-07T12:39:02.889Z""}}, ""createdAt"": {""$date"": ""2026-09-07T12:39:02.889Z""}, ""updatedAt"": {""$date"": ""2026-09-07T12:39:02.889Z""}}",TRANSIT,2026-09-07T12:39:02.889Z
6a9eb06729877fbd07f88dda,com.gisma.advanced_database.shipment.adapter.secondary.mongo.entity.ShippingDBO,2026-09-07T12:39:03.142Z,651b7cb3-1acb-4b4a-bd45-21c8ff23438f,"{""name"": ""Checking Account digital"", ""address"": {""street"": ""501 Cassin Green"", ""city"": ""70708 Johns Hill"", ""state"": ""17529 W State Street"", ""number"": ""77650709"", ""zipCode"": ""49840366"", ""district"": ""multi-byte"", ""createdAt"": {""$date"": ""2026-09-07T12:39:03.142Z""}, ""updatedAt"": {""$date"": ""2026-09-07T12:39:03.142Z""}}, ""createdAt"": {""$date"": ""2026-09-07T12:39:03.142Z""}, ""updatedAt"": {""$date"": ""2026-09-07T12:39:03.142Z""}}",OUT_FOR_DELIVERY,2026-09-07T12:39:03.142Z
6a9eb06729877fbd07f88ddb,com.gisma.advanced_database.shipment.adapter.secondary.mongo.entity.ShippingDBO,2026-09-07T12:39:03.412Z,65fcfa53-60fd-42b5-a967-83b5fcb53a2e,"{""name"": ""Home Loan Account neural"", ""address"": {""street"": ""8515 McGlynn Manor"", ""city"": ""90755 Carolyn Circle"", ""state"": ""890 Johnson Cliffs"", ""number"": ""20725654"", ""zipCode"": ""82011086"", ""district"": ""primary"", ""createdAt"": {""$date"": ""2026-09-07T12:39:03.412Z""}, ""updatedAt"": {""$date"": ""2026-09-07T12:39:03.412Z""}}, ""createdAt"": {""$date"": ""2026-09-07T12:39:03.412Z""}, ""updatedAt"": {""$date"": ""2026-09-07T12:39:03.412Z""}}",PLACED,2026-09-07T12:39:03.412Z
6a9eb06729877fbd07f88ddc,com.gisma.advanced_database.shipment.adapter.secondary.mongo.entity.ShippingDBO,2026-09-07T12:39:03.695Z,74e657a8-8c7d-4884-b4b3-2bdf7de88098,"{""name"": ""Checking Account cross-platform"", ""address"": {""street"": ""404 Thelma Lock"", ""city"": ""428 Raleigh Shores"", ""state"": ""6089 E Oak Street"", ""number"": ""84122726"", ""zipCode"": ""81459761"", ""district"": ""virtual"", ""createdAt"": {""$date"": ""2026-09-07T12:39:03.695Z""}, ""updatedAt"": {""$date"": ""2026-09-07T12:39:03.695Z""}}, ""createdAt"": {""$date"": ""2026-09-07T12:39:03.695Z""}, ""updatedAt"": {""$date"": ""2026-09-07T12:39:03.695Z""}}",PACKED,2026-09-07T12:39:03.695Z
6a9eb06729877fbd07f88ddd,com.gisma.advanced_database.shipment.adapter.secondary.mongo.entity.ShippingDBO,2026-09-07T12:39:03.915Z,8c8631e0-a004-41f0-9bae-eb0610f68f3c,"{""name"": ""Credit Card Account bluetooth"", ""address"": {""street"": ""852 Old Military Road"", ""city"": ""451 Brookside"", ""state"": ""25210 Boundary Road"", ""number"": ""18612301"", ""zipCode"": ""45053022"", ""district"": ""bluetooth"", ""createdAt"": {""$date"": ""2026-09-07T12:39:03.915Z""}, ""updatedAt"": {""$date"": ""2026-09-07T12:39:03.915Z""}}, ""createdAt"": {""$date"": ""2026-09-07T12:39:03.915Z""}, ""updatedAt"": {""$date"": ""2026-09-07T12:39:03.915Z""}}",TRANSIT,2026-09-07T12:39:03.915Z
6a9eb06829877fbd07f88dde,com.gisma.advanced_database.shipment.adapter.secondary.mongo.entity.ShippingDBO,2026-09-07T12:39:04.155Z,11f821a8-7950-4db9-93fc-fdd40d4c107e,"{""name"": ""Checking Account auxiliary"", ""address"": {""street"": ""852 Moshe Haven"", ""city"": ""8110 The Oval"", ""state"": ""92721 Dicki Club"", ""number"": ""06159118"", ""zipCode"": ""69439398"", ""district"": ""multi-byte"", ""createdAt"": {""$date"": ""2026-09-07T12:39:04.155Z""}, ""updatedAt"": {""$date"": ""2026-09-07T12:39:04.155Z""}}, ""createdAt"": {""$date"": ""2026-09-07T12:39:04.155Z""}, ""updatedAt"": {""$date"": ""2026-09-07T12:39:04.155Z""}}",PLACED,2026-09-07T12:39:04.155Z
6a9eb06829877fbd07f88ddf,com.gisma.advanced_database.shipment.adapter.secondary.mongo.entity.ShippingDBO,2026-09-07T12:39:04.381Z,bd5acd3d-29ce-4df7-8285-b9e1cf73a20f,"{""name"": ""Home Loan Account open-source"", ""address"": {""street"": ""139 Jaqueline Wall"", ""city"": ""888 Ezekiel Crossing"", ""state"": ""6762 Arlie River"", ""number"": ""18898757"", ""zipCode"": ""39244399"", ""district"": ""virtual"", ""createdAt"": {""$date"": ""2026-09-07T12:39:04.381Z""}, ""updatedAt"": {""$date"": ""2026-09-07T12:39:04.381Z""}}, ""createdAt"": {""$date"": ""2026-09-07T12:39:04.381Z""}, ""updatedAt"": {""$date"": ""2026-09-07T12:39:04.381Z""}}",PLACED,2026-09-07T12:39:04.381Z
6a9eb06829877fbd07f88de0,com.gisma.advanced_database.shipment.adapter.secondary.mongo.entity.ShippingDBO,2026-09-07T12:39:04.637Z,8a13a467-6808-410f-a554-a808e595b8c2,"{""name"": ""Savings Account neural"", ""address"": {""street"": ""4367 High Street"", ""city"": ""42260 Jessyca Cliffs"", ""state"": ""5906 Darrion Flats"", ""number"": ""42433549"", ""zipCode"": ""84381033"", ""district"": ""multi-byte"", ""createdAt"": {""$date"": ""2026-09-07T12:39:04.637Z""}, ""updatedAt"": {""$date"": ""2026-09-07T12:39:04.637Z""}}, ""createdAt"": {""$date"": ""2026-09-07T12:39:04.637Z""}, ""updatedAt"": {""$date"": ""2026-09-07T12:39:04.637Z""}}",DELIVERED,2026-09-07T12:39:04.637Z
6a9eb06829877fbd07f88de1,com.gisma.advanced_database.shipment.adapter.secondary.mongo.entity.ShippingDBO,2026-09-07T12:39:04.884Z,88024209-549e-48e7-bedb-8439d6b35463,"{""name"": ""Savings Account bluetooth"", ""address"": {""street"": ""120 Haylee Plaza"", ""city"": ""467 Carter Skyway"", ""state"": ""3500 Chyna Lane"", ""number"": ""99335198"", ""zipCode"": ""55067410"", ""district"": ""neural"", ""createdAt"": {""$date"": ""2026-09-07T12:39:04.884Z""}, ""updatedAt"": {""$date"": ""2026-09-07T12:39:04.884Z""}}, ""createdAt"": {""$date"": ""2026-09-07T12:39:04.884Z""}, ""updatedAt"": {""$date"": ""2026-09-07T12:39:04.884Z""}}",PLACED,2026-09-07T12:39:04.884Z
6a9eb06929877fbd07f88de2,com.gisma.advanced_database.shipment.adapter.secondary.mongo.entity.ShippingDBO,2026-09-07T12:39:05.165Z,e5739ea6-c8f5-45d1-a92b-01cab98fa0d7,"{""name"": ""Investment Account open-source"", ""address"": {""street"": ""16408 Chapel Close"", ""city"": ""1030 Lang Skyway"", ""state"": ""42214 Park Crescent"", ""number"": ""23914932"", ""zipCode"": ""54825850"", ""district"": ""multi-byte"", ""createdAt"": {""$date"": ""2026-09-07T12:39:05.165Z""}, ""updatedAt"": {""$date"": ""2026-09-07T12:39:05.165Z""}}, ""createdAt"": {""$date"": ""2026-09-07T12:39:05.165Z""}, ""updatedAt"": {""$date"": ""2026-09-07T12:39:05.165Z""}}",DELIVERED,2026-09-07T12:39:05.165Z
6a9eb06929877fbd07f88de3,com.gisma.advanced_database.shipment.adapter.secondary.mongo.entity.ShippingDBO,2026-09-07T12:39:05.458Z,05ab244a-1c26-4ef2-890a-5e66f008ec8c,"{""name"": ""Checking Account multi-byte"", ""address"": {""street"": ""37988 Ullrich Fort"", ""city"": ""42574 Nelson Street"", ""state"": ""4614 Main Street"", ""number"": ""52259750"", ""zipCode"": ""80317633"", ""district"": ""auxiliary"", ""createdAt"": {""$date"": ""2026-09-07T12:39:05.458Z""}, ""updatedAt"": {""$date"": ""2026-09-07T12:39:05.458Z""}}, ""createdAt"": {""$date"": ""2026-09-07T12:39:05.458Z""}, ""updatedAt"": {""$date"": ""2026-09-07T12:39:05.458Z""}}",PACKED,2026-09-07T12:39:05.458Z
6a9eb06929877fbd07f88de4,com.gisma.advanced_database.shipment.adapter.secondary.mongo.entity.ShippingDBO,2026-09-07T12:39:05.745Z,b9e33c0f-f76e-4e73-b523-85686a719fb7,"{""name"": ""Personal Loan Account solid state"", ""address"": {""street"": ""518 Schroeder Green"", ""city"": ""7328 Smith Street"", ""state"": ""438 Hills Parkways"", ""number"": ""75267517"", ""zipCode"": ""09517437"", ""district"": ""solid state"", ""createdAt"": {""$date"": ""2026-09-07T12:39:05.745Z""}, ""updatedAt"": {""$date"": ""2026-09-07T12:39:05.745Z""}}, ""createdAt"": {""$date"": ""2026-09-07T12:39:05.745Z""}, ""updatedAt"": {""$date"": ""2026-09-07T12:39:05.745Z""}}",OUT_FOR_DELIVERY,2026-09-07T12:39:05.745Z
6a9eb06929877fbd07f88de5,com.gisma.advanced_database.shipment.adapter.secondary.mongo.entity.ShippingDBO,2026-09-07T12:39:05.982Z,a9a9b830-84ad-47fb-81d3-44dc6c7eb0cb,"{""name"": ""Investment Account optical"", ""address"": {""street"": ""9296 Schaefer Plains"", ""city"": ""54382 Pouros Land"", ""state"": ""64131 Pete Run"", ""number"": ""00763685"", ""zipCode"": ""82182183"", ""district"": ""cross-platform"", ""createdAt"": {""$date"": ""2026-09-07T12:39:05.982Z""}, ""updatedAt"": {""$date"": ""2026-09-07T12:39:05.982Z""}}, ""createdAt"": {""$date"": ""2026-09-07T12:39:05.982Z""}, ""updatedAt"": {""$date"": ""2026-09-07T12:39:05.982Z""}}",OUT_FOR_DELIVERY,2026-09-07T12:39:05.982Z
6a9eb08929877fbd07f88de6,com.gisma.advanced_database.shipment.adapter.secondary.mongo.entity.ShippingDBO,2026-09-07T12:39:37.362Z,91de8eba-21d4-4d1d-b0dd-351c0a50e5e7,"{""name"": ""system primary"", ""address"": {""street"": ""123 Roob Hills"", ""city"": ""1810 Serena Crest"", ""state"": ""17544 Green Close"", ""number"": ""76381233"", ""zipCode"": ""66726569"", ""district"": ""multi-byte"", ""createdAt"": {""$date"": ""2026-09-07T12:39:37.362Z""}, ""updatedAt"": {""$date"": ""2026-09-07T12:39:37.362Z""}}, ""createdAt"": {""$date"": ""2026-09-07T12:39:37.362Z""}, ""updatedAt"": {""$date"": ""2026-09-07T12:39:37.362Z""}}",SHIPPED,2026-09-07T12:39:37.362Z
6a9eb08929877fbd07f88de7,com.gisma.advanced_database.shipment.adapter.secondary.mongo.entity.ShippingDBO,2026-09-07T12:39:37.627Z,b6ee7251-a545-4b64-bc0f-cbc0014a8b88,"{""name"": ""firewall online"", ""address"": {""street"": ""3350 Kay Key"", ""city"": ""731 Mafalda Lane"", ""state"": ""3218 Anastacio Passage"", ""number"": ""85120915"", ""zipCode"": ""79786282"", ""district"": ""online"", ""createdAt"": {""$date"": ""2026-09-07T12:39:37.627Z""}, ""updatedAt"": {""$date"": ""2026-09-07T12:39:37.627Z""}}, ""createdAt"": {""$date"": ""2026-09-07T12:39:37.627Z""}, ""updatedAt"": {""$date"": ""2026-09-07T12:39:37.627Z""}}",PACKED,2026-09-07T12:39:37.627Z
6a9eb08929877fbd07f88de8,com.gisma.advanced_database.shipment.adapter.secondary.mongo.entity.ShippingDBO,2026-09-07T12:39:37.898Z,0deb708d-0cd2-427e-b5b4-edc5d5344cad,"{""name"": ""port back-end"", ""address"": {""street"": ""48489 Kreiger Station"", ""city"": ""400 8th Street"", ""state"": ""4433 Upton Spring"", ""number"": ""73410802"", ""zipCode"": ""66804408"", ""district"": ""solid state"", ""createdAt"": {""$date"": ""2026-09-07T12:39:37.898Z""}, ""updatedAt"": {""$date"": ""2026-09-07T12:39:37.898Z""}}, ""createdAt"": {""$date"": ""2026-09-07T12:39:37.898Z""}, ""updatedAt"": {""$date"": ""2026-09-07T12:39:37.898Z""}}",DELIVERED,2026-09-07T12:39:37.898Z
6a9eb08a29877fbd07f88de9,com.gisma.advanced_database.shipment.adapter.secondary.mongo.entity.ShippingDBO,2026-09-07T12:39:38.161Z,e152519f-5bd5-428a-8fdb-be29f86d08e1,"{""name"": ""sensor primary"", ""address"": {""street"": ""49940 Park Crescent"", ""city"": ""30557 Sanford Hollow"", ""state"": ""65362 Maggio Hills"", ""number"": ""93251146"", ""zipCode"": ""10483896"", ""district"": ""1080p"", ""createdAt"": {""$date"": ""2026-09-07T12:39:38.161Z""}, ""updatedAt"": {""$date"": ""2026-09-07T12:39:38.161Z""}}, ""createdAt"": {""$date"": ""2026-09-07T12:39:38.161Z""}, ""updatedAt"": {""$date"": ""2026-09-07T12:39:38.161Z""}}",PLACED,2026-09-07T12:39:38.161Z
6a9eb08a29877fbd07f88dea,com.gisma.advanced_database.shipment.adapter.secondary.mongo.entity.ShippingDBO,2026-09-07T12:39:38.398Z,b4ae210c-e2d9-4625-849e-f9828ec2ddb1,"{""name"": ""driver 1080p"", ""address"": {""street"": ""5862 Dorothy Junction"", ""city"": ""28247 Bobby Rest"", ""state"": ""3073 Stella Court"", ""number"": ""79945535"", ""zipCode"": ""00411062"", ""district"": ""auxiliary"", ""createdAt"": {""$date"": ""2026-09-07T12:39:38.398Z""}, ""updatedAt"": {""$date"": ""2026-09-07T12:39:38.398Z""}}, ""createdAt"": {""$date"": ""2026-09-07T12:39:38.398Z""}, ""updatedAt"": {""$date"": ""2026-09-07T12:39:38.398Z""}}",PACKED,2026-09-07T12:39:38.398Z
6a9eb08a29877fbd07f88deb,com.gisma.advanced_database.shipment.adapter.secondary.mongo.entity.ShippingDBO,2026-09-07T12:39:38.646Z,5ef800ed-6176-4c01-994c-180b75aa1b31,"{""name"": ""monitor open-source"", ""address"": {""street"": ""61480 Elwin Falls"", ""city"": ""272 Layla Burg"", ""state"": ""4024 Daniel Branch"", ""number"": ""82121669"", ""zipCode"": ""44883113"", ""district"": ""haptic"", ""createdAt"": {""$date"": ""2026-09-07T12:39:38.646Z""}, ""updatedAt"": {""$date"": ""2026-09-07T12:39:38.646Z""}}, ""createdAt"": {""$date"": ""2026-09-07T12:39:38.646Z""}, ""updatedAt"": {""$date"": ""2026-09-07T12:39:38.646Z""}}",TRANSIT,2026-09-07T12:39:38.646Z
6a9eb08a29877fbd07f88dec,com.gisma.advanced_database.shipment.adapter.secondary.mongo.entity.ShippingDBO,2026-09-07T12:39:38.893Z,77236c94-fe82-4d5f-8b78-682527dc636f,"{""name"": ""array primary"", ""address"": {""street"": ""4141 Elenora Path"", ""city"": ""9220 Orchard Street"", ""state"": ""153 Fourth Avenue"", ""number"": ""14239781"", ""zipCode"": ""64567035"", ""district"": ""multi-byte"", ""createdAt"": {""$date"": ""2026-09-07T12:39:38.893Z""}, ""updatedAt"": {""$date"": ""2026-09-07T12:39:38.893Z""}}, ""createdAt"": {""$date"": ""2026-09-07T12:39:38.893Z""}, ""updatedAt"": {""$date"": ""2026-09-07T12:39:38.893Z""}}",OUT_FOR_DELIVERY,2026-09-07T12:39:38.893Z
6a9eb08b29877fbd07f88ded,com.gisma.advanced_database.shipment.adapter.secondary.mongo.entity.ShippingDBO,2026-09-07T12:39:39.125Z,c38e5be9-4482-4cad-b327-e7e0c3202e6f,"{""name"": ""card optical"", ""address"": {""street"": ""44716 Turcotte Brooks"", ""city"": ""73442 Darrion Rapids"", ""state"": ""8537 Baumbach Oval"", ""number"": ""44097557"", ""zipCode"": ""35748602"", ""district"": ""multi-byte"", ""createdAt"": {""$date"": ""2026-09-07T12:39:39.125Z""}, ""updatedAt"": {""$date"": ""2026-09-07T12:39:39.125Z""}}, ""createdAt"": {""$date"": ""2026-09-07T12:39:39.125Z""}, ""updatedAt"": {""$date"": ""2026-09-07T12:39:39.125Z""}}",SHIPPED,2026-09-07T12:39:39.125Z
6a9eb08b29877fbd07f88dee,com.gisma.advanced_database.shipment.adapter.secondary.mongo.entity.ShippingDBO,2026-09-07T12:39:39.385Z,a12cfc2a-d787-4ed4-8e83-0481e7edd23e,"{""name"": ""bus haptic"", ""address"": {""street"": ""2232 Kali Lane"", ""city"": ""6188 Feil Village"", ""state"": ""40727 South Avenue"", ""number"": ""12145317"", ""zipCode"": ""77223836"", ""district"": ""solid state"", ""createdAt"": {""$date"": ""2026-09-07T12:39:39.385Z""}, ""updatedAt"": {""$date"": ""2026-09-07T12:39:39.385Z""}}, ""createdAt"": {""$date"": ""2026-09-07T12:39:39.385Z""}, ""updatedAt"": {""$date"": ""2026-09-07T12:39:39.385Z""}}",DELIVERED,2026-09-07T12:39:39.385Z
6a9eb08b29877fbd07f88def,com.gisma.advanced_database.shipment.adapter.secondary.mongo.entity.ShippingDBO,2026-09-07T12:39:39.632Z,f5f64e83-6cbd-40df-97f9-88daba572f38,"{""name"": ""hard drive auxiliary"", ""address"": {""street"": ""560 S High Street"", ""city"": ""385 W Broadway"", ""state"": ""647 Stamm Dam"", ""number"": ""53592032"", ""zipCode"": ""58323935"", ""district"": ""neural"", ""createdAt"": {""$date"": ""2026-09-07T12:39:39.632Z""}, ""updatedAt"": {""$date"": ""2026-09-07T12:39:39.632Z""}}, ""createdAt"": {""$date"": ""2026-09-07T12:39:39.632Z""}, ""updatedAt"": {""$date"": ""2026-09-07T12:39:39.632Z""}}",OUT_FOR_DELIVERY,2026-09-07T12:39:39.632Z
6a9eb08b29877fbd07f88df0,com.gisma.advanced_database.shipment.adapter.secondary.mongo.entity.ShippingDBO,2026-09-07T12:39:39.880Z,5e77cb9f-325c-4e7d-b680-b68d240ac50f,"{""name"": ""application mobile"", ""address"": {""street"": ""71158 Bernier Bridge"", ""city"": ""15067 E 14th Street"", ""state"": ""231 Huels Fort"", ""number"": ""82286305"", ""zipCode"": ""02709090"", ""district"": ""auxiliary"", ""createdAt"": {""$date"": ""2026-09-07T12:39:39.880Z""}, ""updatedAt"": {""$date"": ""2026-09-07T12:39:39.880Z""}}, ""createdAt"": {""$date"": ""2026-09-07T12:39:39.880Z""}, ""updatedAt"": {""$date"": ""2026-09-07T12:39:39.880Z""}}",TRANSIT,2026-09-07T12:39:39.880Z
6a9eb08c29877fbd07f88df1,com.gisma.advanced_database.shipment.adapter.secondary.mongo.entity.ShippingDBO,2026-09-07T12:39:40.128Z,c928ec03-b7b1-496b-b5bc-d84d91d700ac,"{""name"": ""feed haptic"", ""address"": {""street"": ""1774 Kirlin Coves"", ""city"": ""78571 Pagac Manors"", ""state"": ""3335 Bryana Spurs"", ""number"": ""94726238"", ""zipCode"": ""52130109"", ""district"": ""virtual"", ""createdAt"": {""$date"": ""2026-09-07T12:39:40.128Z""}, ""updatedAt"": {""$date"": ""2026-09-07T12:39:40.128Z""}}, ""createdAt"": {""$date"": ""2026-09-07T12:39:40.128Z""}, ""updatedAt"": {""$date"": ""2026-09-07T12:39:40.128Z""}}",PACKED,2026-09-07T12:39:40.128Z
6a9eb08c29877fbd07f88df2,com.gisma.advanced_database.shipment.adapter.secondary.mongo.entity.ShippingDBO,2026-09-07T12:39:40.372Z,fb345a49-f30b-4394-86a6-3daf5e6b728b,"{""name"": ""port auxiliary"", ""address"": {""street"": ""2965 Martin Luther King Boulevard"", ""city"": ""99700 Jane Ford"", ""state"": ""59854 Olson Bridge"", ""number"": ""92211361"", ""zipCode"": ""01000843"", ""district"": ""haptic"", ""createdAt"": {""$date"": ""2026-09-07T12:39:40.372Z""}, ""updatedAt"": {""$date"": ""2026-09-07T12:39:40.372Z""}}, ""createdAt"": {""$date"": ""2026-09-07T12:39:40.372Z""}, ""updatedAt"": {""$date"": ""2026-09-07T12:39:40.372Z""}}",PLACED,2026-09-07T12:39:40.372Z
6a9eb08c29877fbd07f88df3,com.gisma.advanced_database.shipment.adapter.secondary.mongo.entity.ShippingDBO,2026-09-07T12:39:40.639Z,89aad855-709e-4fdc-b356-f87d6a010f0b,"{""name"": ""sensor open-source"", ""address"": {""street"": ""13102 Sunny Camp"", ""city"": ""845 E Elm Street"", ""state"": ""9076 Rath Key"", ""number"": ""27279269"", ""zipCode"": ""33250446"", ""district"": ""multi-byte"", ""createdAt"": {""$date"": ""2026-09-07T12:39:40.639Z""}, ""updatedAt"": {""$date"": ""2026-09-07T12:39:40.639Z""}}, ""createdAt"": {""$date"": ""2026-09-07T12:39:40.639Z""}, ""updatedAt"": {""$date"": ""2026-09-07T12:39:40.639Z""}}",PACKED,2026-09-07T12:39:40.639Z
6a9eb08c29877fbd07f88df4,com.gisma.advanced_database.shipment.adapter.secondary.mongo.entity.ShippingDBO,2026-09-07T12:39:40.897Z,a81476a0-796d-4e59-8907-2e9a800557c3,"{""name"": ""capacitor cross-platform"", ""address"": {""street"": ""901 W River Road"", ""city"": ""282 10th Street"", ""state"": ""1547 Hane Unions"", ""number"": ""06514944"", ""zipCode"": ""94102985"", ""district"": ""bluetooth"", ""createdAt"": {""$date"": ""2026-09-07T12:39:40.897Z""}, ""updatedAt"": {""$date"": ""2026-09-07T12:39:40.897Z""}}, ""createdAt"": {""$date"": ""2026-09-07T12:39:40.897Z""}, ""updatedAt"": {""$date"": ""2026-09-07T12:39:40.897Z""}}",TRANSIT,2026-09-07T12:39:40.897Z
6a9eb0b329877fbd07f88df5,com.gisma.advanced_database.shipment.adapter.secondary.mongo.entity.ShippingDBO,2026-09-07T12:40:19.771Z,c3140aec-5001-4d95-8061-b4c25b255016,"{""name"": ""Auto Loan Account neural"", ""address"": {""street"": ""978 Aric Ford"", ""city"": ""66524 Wisozk Plain"", ""state"": ""864 Coronation Road"", ""number"": ""08929198"", ""zipCode"": ""66307766"", ""district"": ""bluetooth"", ""createdAt"": {""$date"": ""2026-09-07T12:40:19.771Z""}, ""updatedAt"": {""$date"": ""2026-09-07T12:40:19.771Z""}}, ""createdAt"": {""$date"": ""2026-09-07T12:40:19.771Z""}, ""updatedAt"": {""$date"": ""2026-09-07T12:40:19.771Z""}}",PLACED,2026-09-07T12:40:19.771Z
6a9eb0b429877fbd07f88df6,com.gisma.advanced_database.shipment.adapter.secondary.mongo.entity.ShippingDBO,2026-09-07T12:40:20.016Z,65cc91b4-4e33-4191-be15-c51adf5c548d,"{""name"": ""Home Loan Account primary"", ""address"": {""street"": ""38382 Walter Meadows"", ""city"": ""37107 Turner Camp"", ""state"": ""626 Alia Overpass"", ""number"": ""40126648"", ""zipCode"": ""34426939"", ""district"": ""solid state"", ""createdAt"": {""$date"": ""2026-09-07T12:40:20.016Z""}, ""updatedAt"": {""$date"": ""2026-09-07T12:40:20.016Z""}}, ""createdAt"": {""$date"": ""2026-09-07T12:40:20.016Z""}, ""updatedAt"": {""$date"": ""2026-09-07T12:40:20.016Z""}}",TRANSIT,2026-09-07T12:40:20.016Z
6a9eb0b429877fbd07f88df7,com.gisma.advanced_database.shipment.adapter.secondary.mongo.entity.ShippingDBO,2026-09-07T12:40:20.227Z,cb784c26-fc38-4c38-915c-f70fcecb82ad,"{""name"": ""Auto Loan Account cross-platform"", ""address"": {""street"": ""664 Lincoln Avenue"", ""city"": ""538 Dana Plain"", ""state"": ""17269 Third Street"", ""number"": ""61482208"", ""zipCode"": ""20765245"", ""district"": ""auxiliary"", ""createdAt"": {""$date"": ""2026-09-07T12:40:20.227Z""}, ""updatedAt"": {""$date"": ""2026-09-07T12:40:20.227Z""}}, ""createdAt"": {""$date"": ""2026-09-07T12:40:20.227Z""}, ""updatedAt"": {""$date"": ""2026-09-07T12:40:20.227Z""}}",TRANSIT,2026-09-07T12:40:20.227Z
6a9eb0b429877fbd07f88df8,com.gisma.advanced_database.shipment.adapter.secondary.mongo.entity.ShippingDBO,2026-09-07T12:40:20.439Z,878842a3-21d8-4d1b-99a9-76cc38336368,"{""name"": ""Checking Account multi-byte"", ""address"": {""street"": ""855 Heaney Pike"", ""city"": ""4894 W Main"", ""state"": ""1665 Wellington Road"", ""number"": ""92033186"", ""zipCode"": ""65344048"", ""district"": ""neural"", ""createdAt"": {""$date"": ""2026-09-07T12:40:20.439Z""}, ""updatedAt"": {""$date"": ""2026-09-07T12:40:20.439Z""}}, ""createdAt"": {""$date"": ""2026-09-07T12:40:20.439Z""}, ""updatedAt"": {""$date"": ""2026-09-07T12:40:20.439Z""}}",DELIVERED,2026-09-07T12:40:20.439Z
6a9eb0b429877fbd07f88df9,com.gisma.advanced_database.shipment.adapter.secondary.mongo.entity.ShippingDBO,2026-09-07T12:40:20.651Z,01b5094d-6c75-4556-85ab-312355e9405b,"{""name"": ""Home Loan Account cross-platform"", ""address"": {""street"": ""93997 Walker Dale"", ""city"": ""5106 Old State Road"", ""state"": ""28691 Alexandre River"", ""number"": ""78905119"", ""zipCode"": ""83903758"", ""district"": ""bluetooth"", ""createdAt"": {""$date"": ""2026-09-07T12:40:20.651Z""}, ""updatedAt"": {""$date"": ""2026-09-07T12:40:20.651Z""}}, ""createdAt"": {""$date"": ""2026-09-07T12:40:20.651Z""}, ""updatedAt"": {""$date"": ""2026-09-07T12:40:20.651Z""}}",OUT_FOR_DELIVERY,2026-09-07T12:40:20.651Z
6a9eb0b429877fbd07f88dfa,com.gisma.advanced_database.shipment.adapter.secondary.mongo.entity.ShippingDBO,2026-09-07T12:40:20.864Z,f678636a-7537-4457-8770-a31b284c0cf1,"{""name"": ""Money Market Account haptic"", ""address"": {""street"": ""12561 Alfred Street"", ""city"": ""9003 Candace Fall"", ""state"": ""7167 Ursula Knolls"", ""number"": ""51360154"", ""zipCode"": ""41834581"", ""district"": ""auxiliary"", ""createdAt"": {""$date"": ""2026-09-07T12:40:20.864Z""}, ""updatedAt"": {""$date"": ""2026-09-07T12:40:20.864Z""}}, ""createdAt"": {""$date"": ""2026-09-07T12:40:20.864Z""}, ""updatedAt"": {""$date"": ""2026-09-07T12:40:20.864Z""}}",OUT_FOR_DELIVERY,2026-09-07T12:40:20.864Z
6a9eb0b529877fbd07f88dfb,com.gisma.advanced_database.shipment.adapter.secondary.mongo.entity.ShippingDBO,2026-09-07T12:40:21.106Z,68ea752a-658d-4343-83ad-a2757659bb6b,"{""name"": ""Money Market Account virtual"", ""address"": {""street"": ""359 Zulauf Summit"", ""city"": ""4267 St George's Road"", ""state"": ""39133 Amiya Street"", ""number"": ""32849270"", ""zipCode"": ""42064908"", ""district"": ""optical"", ""createdAt"": {""$date"": ""2026-09-07T12:40:21.106Z""}, ""updatedAt"": {""$date"": ""2026-09-07T12:40:21.106Z""}}, ""createdAt"": {""$date"": ""2026-09-07T12:40:21.106Z""}, ""updatedAt"": {""$date"": ""2026-09-07T12:40:21.106Z""}}",SHIPPED,2026-09-07T12:40:21.106Z
6a9eb0b529877fbd07f88dfc,com.gisma.advanced_database.shipment.adapter.secondary.mongo.entity.ShippingDBO,2026-09-07T12:40:21.429Z,7d567e55-0dd0-4cf3-bb8d-13362241d494,"{""name"": ""Checking Account back-end"", ""address"": {""street"": ""4678 Broadway"", ""city"": ""636 Blake Knoll"", ""state"": ""86440 Bridge Road"", ""number"": ""04623741"", ""zipCode"": ""57501781"", ""district"": ""1080p"", ""createdAt"": {""$date"": ""2026-09-07T12:40:21.429Z""}, ""updatedAt"": {""$date"": ""2026-09-07T12:40:21.429Z""}}, ""createdAt"": {""$date"": ""2026-09-07T12:40:21.429Z""}, ""updatedAt"": {""$date"": ""2026-09-07T12:40:21.429Z""}}",SHIPPED,2026-09-07T12:40:21.429Z
6a9eb0b529877fbd07f88dfd,com.gisma.advanced_database.shipment.adapter.secondary.mongo.entity.ShippingDBO,2026-09-07T12:40:21.625Z,f9b0db21-3451-45a4-995f-2005342c0208,"{""name"": ""Home Loan Account solid state"", ""address"": {""street"": ""7915 Halvorson Pine"", ""city"": ""2556 Mosciski Pass"", ""state"": ""278 Cherry Close"", ""number"": ""85068506"", ""zipCode"": ""52795336"", ""district"": ""optical"", ""createdAt"": {""$date"": ""2026-09-07T12:40:21.625Z""}, ""updatedAt"": {""$date"": ""2026-09-07T12:40:21.625Z""}}, ""createdAt"": {""$date"": ""2026-09-07T12:40:21.625Z""}, ""updatedAt"": {""$date"": ""2026-09-07T12:40:21.625Z""}}",TRANSIT,2026-09-07T12:40:21.625Z
6a9eb0b529877fbd07f88dfe,com.gisma.advanced_database.shipment.adapter.secondary.mongo.entity.ShippingDBO,2026-09-07T12:40:21.850Z,42922a0a-2377-4130-9b68-06d298091b97,"{""name"": ""Auto Loan Account mobile"", ""address"": {""street"": ""370 Brigitte Causeway"", ""city"": ""11785 Marquardt Stravenue"", ""state"": ""607 Lincoln Forge"", ""number"": ""63324820"", ""zipCode"": ""11150458"", ""district"": ""redundant"", ""createdAt"": {""$date"": ""2026-09-07T12:40:21.850Z""}, ""updatedAt"": {""$date"": ""2026-09-07T12:40:21.850Z""}}, ""createdAt"": {""$date"": ""2026-09-07T12:40:21.850Z""}, ""updatedAt"": {""$date"": ""2026-09-07T12:40:21.850Z""}}",PACKED,2026-09-07T12:40:21.850Z
6a9eb0b629877fbd07f88dff,com.gisma.advanced_database.shipment.adapter.secondary.mongo.entity.ShippingDBO,2026-09-07T12:40:22.131Z,46b44eed-0a05-424e-a20e-d568b520f8bb,"{""name"": ""Auto Loan Account cross-platform"", ""address"": {""street"": ""6098 Sauer Via"", ""city"": ""56422 Station Road"", ""state"": ""95164 Jamar Villages"", ""number"": ""29588989"", ""zipCode"": ""42956501"", ""district"": ""auxiliary"", ""createdAt"": {""$date"": ""2026-09-07T12:40:22.131Z""}, ""updatedAt"": {""$date"": ""2026-09-07T12:40:22.131Z""}}, ""createdAt"": {""$date"": ""2026-09-07T12:40:22.131Z""}, ""updatedAt"": {""$date"": ""2026-09-07T12:40:22.131Z""}}",OUT_FOR_DELIVERY,2026-09-07T12:40:22.131Z
6a9eb0b629877fbd07f88e00,com.gisma.advanced_database.shipment.adapter.secondary.mongo.entity.ShippingDBO,2026-09-07T12:40:22.325Z,3af66511-4fac-4725-b14c-c95d570211c1,"{""name"": ""Savings Account 1080p"", ""address"": {""street"": ""592 E 12th Street"", ""city"": ""691 Aurelia Trail"", ""state"": ""892 N Harrison Street"", ""number"": ""15241883"", ""zipCode"": ""48664409"", ""district"": ""auxiliary"", ""createdAt"": {""$date"": ""2026-09-07T12:40:22.325Z""}, ""updatedAt"": {""$date"": ""2026-09-07T12:40:22.325Z""}}, ""createdAt"": {""$date"": ""2026-09-07T12:40:22.325Z""}, ""updatedAt"": {""$date"": ""2026-09-07T12:40:22.325Z""}}",PLACED,2026-09-07T12:40:22.325Z
6a9eb0b629877fbd07f88e01,com.gisma.advanced_database.shipment.adapter.secondary.mongo.entity.ShippingDBO,2026-09-07T12:40:22.538Z,38a8bff6-58a5-4a9b-81f1-abad4a100e35,"{""name"": ""Credit Card Account digital"", ""address"": {""street"": ""634 Gleichner Ways"", ""city"": ""872 Freida Ferry"", ""state"": ""2839 S Jefferson Street"", ""number"": ""93713029"", ""zipCode"": ""82312662"", ""district"": ""1080p"", ""createdAt"": {""$date"": ""2026-09-07T12:40:22.538Z""}, ""updatedAt"": {""$date"": ""2026-09-07T12:40:22.538Z""}}, ""createdAt"": {""$date"": ""2026-09-07T12:40:22.538Z""}, ""updatedAt"": {""$date"": ""2026-09-07T12:40:22.538Z""}}",PLACED,2026-09-07T12:40:22.538Z
6a9eb0b629877fbd07f88e02,com.gisma.advanced_database.shipment.adapter.secondary.mongo.entity.ShippingDBO,2026-09-07T12:40:22.743Z,d6c80e82-6819-48db-bdf6-c8d225bc759f,"{""name"": ""Home Loan Account auxiliary"", ""address"": {""street"": ""3041 Chester Road"", ""city"": ""93303 Maia Road"", ""state"": ""75121 The Hawthorns"", ""number"": ""69476451"", ""zipCode"": ""29691383"", ""district"": ""bluetooth"", ""createdAt"": {""$date"": ""2026-09-07T12:40:22.743Z""}, ""updatedAt"": {""$date"": ""2026-09-07T12:40:22.743Z""}}, ""createdAt"": {""$date"": ""2026-09-07T12:40:22.743Z""}, ""updatedAt"": {""$date"": ""2026-09-07T12:40:22.743Z""}}",PACKED,2026-09-07T12:40:22.743Z
6a9eb0b629877fbd07f88e03,com.gisma.advanced_database.shipment.adapter.secondary.mongo.entity.ShippingDBO,2026-09-07T12:40:22.960Z,346eb9f1-b282-48eb-9590-82d2aec7ef5a,"{""name"": ""Credit Card Account wireless"", ""address"": {""street"": ""573 Mayer Gardens"", ""city"": ""84369 Letitia Crossroad"", ""state"": ""4882 Tennyson Road"", ""number"": ""36046432"", ""zipCode"": ""18638403"", ""district"": ""wireless"", ""createdAt"": {""$date"": ""2026-09-07T12:40:22.960Z""}, ""updatedAt"": {""$date"": ""2026-09-07T12:40:22.960Z""}}, ""createdAt"": {""$date"": ""2026-09-07T12:40:22.960Z""}, ""updatedAt"": {""$date"": ""2026-09-07T12:40:22.960Z""}}",SHIPPED,2026-09-07T12:40:22.960Z
6a9eb0b729877fbd07f88e04,com.gisma.advanced_database.shipment.adapter.secondary.mongo.entity.ShippingDBO,2026-09-07T12:40:23.177Z,8817dba0-7962-459d-a1cd-da2108f54336,"{""name"": ""Auto Loan Account back-end"", ""address"": {""street"": ""5667 Poplar Close"", ""city"": ""3283 S Broadway"", ""state"": ""41250 Ruthie Walk"", ""number"": ""25698247"", ""zipCode"": ""95289358"", ""district"": ""virtual"", ""createdAt"": {""$date"": ""2026-09-07T12:40:23.177Z""}, ""updatedAt"": {""$date"": ""2026-09-07T12:40:23.177Z""}}, ""createdAt"": {""$date"": ""2026-09-07T12:40:23.177Z""}, ""updatedAt"": {""$date"": ""2026-09-07T12:40:23.177Z""}}",SHIPPED,2026-09-07T12:40:23.177Z
6a9eb0b729877fbd07f88e05,com.gisma.advanced_database.shipment.adapter.secondary.mongo.entity.ShippingDBO,2026-09-07T12:40:23.395Z,209965aa-ae38-43e9-a6c8-5cc3396e443c,"{""name"": ""Investment Account auxiliary"", ""address"": {""street"": ""462 Greenway"", ""city"": ""9169 Renner Via"", ""state"": ""19651 Stanton Common"", ""number"": ""20116776"", ""zipCode"": ""70696030"", ""district"": ""optical"", ""createdAt"": {""$date"": ""2026-09-07T12:40:23.395Z""}, ""updatedAt"": {""$date"": ""2026-09-07T12:40:23.395Z""}}, ""createdAt"": {""$date"": ""2026-09-07T12:40:23.395Z""}, ""updatedAt"": {""$date"": ""2026-09-07T12:40:23.395Z""}}",DELIVERED,2026-09-07T12:40:23.395Z
6a9eb0b729877fbd07f88e06,com.gisma.advanced_database.shipment.adapter.secondary.mongo.entity.ShippingDBO,2026-09-07T12:40:23.634Z,ce3946ed-c92e-4a4a-be8b-d93188d8a3fb,"{""name"": ""Savings Account online"", ""address"": {""street"": ""67190 Westgate"", ""city"": ""13257 Cormier Forges"", ""state"": ""2992 Sandy Lane"", ""number"": ""42415994"", ""zipCode"": ""07233931"", ""district"": ""optical"", ""createdAt"": {""$date"": ""2026-09-07T12:40:23.634Z""}, ""updatedAt"": {""$date"": ""2026-09-07T12:40:23.634Z""}}, ""createdAt"": {""$date"": ""2026-09-07T12:40:23.634Z""}, ""updatedAt"": {""$date"": ""2026-09-07T12:40:23.634Z""}}",PLACED,2026-09-07T12:40:23.634Z
6a9eb0b729877fbd07f88e07,com.gisma.advanced_database.shipment.adapter.secondary.mongo.entity.ShippingDBO,2026-09-07T12:40:23.857Z,330131b6-2229-4be1-b770-80b8c9f08c61,"{""name"": ""Money Market Account multi-byte"", ""address"": {""street"": ""139 Rogahn Mountains"", ""city"": ""478 Wilkinson Locks"", ""state"": ""679 Georgette Meadows"", ""number"": ""29955277"", ""zipCode"": ""54447618"", ""district"": ""digital"", ""createdAt"": {""$date"": ""2026-09-07T12:40:23.857Z""}, ""updatedAt"": {""$date"": ""2026-09-07T12:40:23.857Z""}}, ""createdAt"": {""$date"": ""2026-09-07T12:40:23.857Z""}, ""updatedAt"": {""$date"": ""2026-09-07T12:40:23.857Z""}}",SHIPPED,2026-09-07T12:40:23.857Z
6a9eb0b829877fbd07f88e08,com.gisma.advanced_database.shipment.adapter.secondary.mongo.entity.ShippingDBO,2026-09-07T12:40:24.077Z,2819ca59-bdc9-4baf-8624-8ada4341e3df,"{""name"": ""Credit Card Account optical"", ""address"": {""street"": ""69646 Charles Street"", ""city"": ""904 Wehner Estates"", ""state"": ""423 Brendan Green"", ""number"": ""04906541"", ""zipCode"": ""45005411"", ""district"": ""multi-byte"", ""createdAt"": {""$date"": ""2026-09-07T12:40:24.077Z""}, ""updatedAt"": {""$date"": ""2026-09-07T12:40:24.077Z""}}, ""createdAt"": {""$date"": ""2026-09-07T12:40:24.077Z""}, ""updatedAt"": {""$date"": ""2026-09-07T12:40:24.077Z""}}",PLACED,2026-09-07T12:40:24.077Z
6a9eb0b829877fbd07f88e09,com.gisma.advanced_database.shipment.adapter.secondary.mongo.entity.ShippingDBO,2026-09-07T12:40:24.299Z,6bac88e9-eb83-4bd1-aa65-d2e0c3f6380c,"{""name"": ""Auto Loan Account digital"", ""address"": {""street"": ""7280 Westfield Road"", ""city"": ""1102 Douglas Ports"", ""state"": ""575 Orpha Creek"", ""number"": ""41847262"", ""zipCode"": ""88258370"", ""district"": ""multi-byte"", ""createdAt"": {""$date"": ""2026-09-07T12:40:24.299Z""}, ""updatedAt"": {""$date"": ""2026-09-07T12:40:24.299Z""}}, ""createdAt"": {""$date"": ""2026-09-07T12:40:24.299Z""}, ""updatedAt"": {""$date"": ""2026-09-07T12:40:24.299Z""}}",SHIPPED,2026-09-07T12:40:24.299Z
6a9eb0b829877fbd07f88e0a,com.gisma.advanced_database.shipment.adapter.secondary.mongo.entity.ShippingDBO,2026-09-07T12:40:24.525Z,c44208c7-a020-4890-84b4-2523f9a1aefd,"{""name"": ""Personal Loan Account 1080p"", ""address"": {""street"": ""9916 Kuhic Burg"", ""city"": ""1985 Albina Garden"", ""state"": ""51179 McKenzie Village"", ""number"": ""53898375"", ""zipCode"": ""42583023"", ""district"": ""haptic"", ""createdAt"": {""$date"": ""2026-09-07T12:40:24.525Z""}, ""updatedAt"": {""$date"": ""2026-09-07T12:40:24.525Z""}}, ""createdAt"": {""$date"": ""2026-09-07T12:40:24.525Z""}, ""updatedAt"": {""$date"": ""2026-09-07T12:40:24.525Z""}}",DELIVERED,2026-09-07T12:40:24.525Z
6a9eb0b829877fbd07f88e0b,com.gisma.advanced_database.shipment.adapter.secondary.mongo.entity.ShippingDBO,2026-09-07T12:40:24.748Z,ae7f08fe-9465-4a45-8222-b4c3530ae64a,"{""name"": ""Personal Loan Account multi-byte"", ""address"": {""street"": ""178 Carlos Roads"", ""city"": ""985 Moss Lane"", ""state"": ""445 Sim Canyon"", ""number"": ""26738005"", ""zipCode"": ""62885973"", ""district"": ""mobile"", ""createdAt"": {""$date"": ""2026-09-07T12:40:24.748Z""}, ""updatedAt"": {""$date"": ""2026-09-07T12:40:24.748Z""}}, ""createdAt"": {""$date"": ""2026-09-07T12:40:24.748Z""}, ""updatedAt"": {""$date"": ""2026-09-07T12:40:24.748Z""}}",PLACED,2026-09-07T12:40:24.748Z
6a9eb0b829877fbd07f88e0c,com.gisma.advanced_database.shipment.adapter.secondary.mongo.entity.ShippingDBO,2026-09-07T12:40:24.974Z,c1185444-37e6-4ea8-89a5-6107387c7719,"{""name"": ""Investment Account haptic"", ""address"": {""street"": ""91710 Feeney River"", ""city"": ""8665 Lew Drives"", ""state"": ""477 Thompson Pines"", ""number"": ""83957585"", ""zipCode"": ""38888651"", ""district"": ""cross-platform"", ""createdAt"": {""$date"": ""2026-09-07T12:40:24.974Z""}, ""updatedAt"": {""$date"": ""2026-09-07T12:40:24.974Z""}}, ""createdAt"": {""$date"": ""2026-09-07T12:40:24.974Z""}, ""updatedAt"": {""$date"": ""2026-09-07T12:40:24.974Z""}}",OUT_FOR_DELIVERY,2026-09-07T12:40:24.974Z
6a9eb0b929877fbd07f88e0d,com.gisma.advanced_database.shipment.adapter.secondary.mongo.entity.ShippingDBO,2026-09-07T12:40:25.196Z,d0cd1e11-bde8-4992-8a43-db28c8928d87,"{""name"": ""Home Loan Account digital"", ""address"": {""street"": ""78638 Front Street"", ""city"": ""90985 Modesto Ranch"", ""state"": ""28705 Smith Street"", ""number"": ""07272915"", ""zipCode"": ""20547402"", ""district"": ""1080p"", ""createdAt"": {""$date"": ""2026-09-07T12:40:25.196Z""}, ""updatedAt"": {""$date"": ""2026-09-07T12:40:25.196Z""}}, ""createdAt"": {""$date"": ""2026-09-07T12:40:25.196Z""}, ""updatedAt"": {""$date"": ""2026-09-07T12:40:25.196Z""}}",SHIPPED,2026-09-07T12:40:25.196Z
6a9eb0b929877fbd07f88e0e,com.gisma.advanced_database.shipment.adapter.secondary.mongo.entity.ShippingDBO,2026-09-07T12:40:25.444Z,65b24892-0ed5-4ede-98e8-9b0e8b3cb369,"{""name"": ""Auto Loan Account auxiliary"", ""address"": {""street"": ""4944 Skylar Ridges"", ""city"": ""99766 Raymond Bypass"", ""state"": ""89500 Franklin Street"", ""number"": ""52481385"", ""zipCode"": ""09573338"", ""district"": ""open-source"", ""createdAt"": {""$date"": ""2026-09-07T12:40:25.444Z""}, ""updatedAt"": {""$date"": ""2026-09-07T12:40:25.444Z""}}, ""createdAt"": {""$date"": ""2026-09-07T12:40:25.444Z""}, ""updatedAt"": {""$date"": ""2026-09-07T12:40:25.444Z""}}",TRANSIT,2026-09-07T12:40:25.444Z
6a9eb0b929877fbd07f88e0f,com.gisma.advanced_database.shipment.adapter.secondary.mongo.entity.ShippingDBO,2026-09-07T12:40:25.997Z,87493184-06b5-48d6-a3fb-955b6630c52a,"{""name"": ""Savings Account bluetooth"", ""address"": {""street"": ""35897 Craig Spring"", ""city"": ""2152 High Street"", ""state"": ""4800 Third Street"", ""number"": ""04389021"", ""zipCode"": ""50521306"", ""district"": ""back-end"", ""createdAt"": {""$date"": ""2026-09-07T12:40:25.997Z""}, ""updatedAt"": {""$date"": ""2026-09-07T12:40:25.997Z""}}, ""createdAt"": {""$date"": ""2026-09-07T12:40:25.997Z""}, ""updatedAt"": {""$date"": ""2026-09-07T12:40:25.997Z""}}",SHIPPED,2026-09-07T12:40:25.997Z
6a9eb0ba29877fbd07f88e10,com.gisma.advanced_database.shipment.adapter.secondary.mongo.entity.ShippingDBO,2026-09-07T12:40:26.254Z,8e220f10-73bc-4ced-97e2-53986ba34627,"{""name"": ""Money Market Account optical"", ""address"": {""street"": ""43090 Green Close"", ""city"": ""87718 N High Street"", ""state"": ""36636 McLaughlin Gateway"", ""number"": ""23944429"", ""zipCode"": ""15782892"", ""district"": ""bluetooth"", ""createdAt"": {""$date"": ""2026-09-07T12:40:26.254Z""}, ""updatedAt"": {""$date"": ""2026-09-07T12:40:26.254Z""}}, ""createdAt"": {""$date"": ""2026-09-07T12:40:26.254Z""}, ""updatedAt"": {""$date"": ""2026-09-07T12:40:26.254Z""}}",PLACED,2026-09-07T12:40:26.254Z
6a9eb0ba29877fbd07f88e11,com.gisma.advanced_database.shipment.adapter.secondary.mongo.entity.ShippingDBO,2026-09-07T12:40:26.546Z,6ddebb13-163a-482b-a76c-366858ffb0fc,"{""name"": ""Auto Loan Account back-end"", ""address"": {""street"": ""2932 Shanon Court"", ""city"": ""651 Alison Pike"", ""state"": ""25993 Bashirian Land"", ""number"": ""72418330"", ""zipCode"": ""35280367"", ""district"": ""open-source"", ""createdAt"": {""$date"": ""2026-09-07T12:40:26.546Z""}, ""updatedAt"": {""$date"": ""2026-09-07T12:40:26.546Z""}}, ""createdAt"": {""$date"": ""2026-09-07T12:40:26.546Z""}, ""updatedAt"": {""$date"": ""2026-09-07T12:40:26.546Z""}}",SHIPPED,2026-09-07T12:40:26.546Z
6a9eb0ba29877fbd07f88e12,com.gisma.advanced_database.shipment.adapter.secondary.mongo.entity.ShippingDBO,2026-09-07T12:40:26.833Z,2cdc233f-7b68-49ae-ab20-65113f6b561b,"{""name"": ""Auto Loan Account back-end"", ""address"": {""street"": ""47592 Alfred Street"", ""city"": ""81210 Dare Gateway"", ""state"": ""53858 Davis Street"", ""number"": ""09530920"", ""zipCode"": ""23273465"", ""district"": ""1080p"", ""createdAt"": {""$date"": ""2026-09-07T12:40:26.833Z""}, ""updatedAt"": {""$date"": ""2026-09-07T12:40:26.833Z""}}, ""createdAt"": {""$date"": ""2026-09-07T12:40:26.833Z""}, ""updatedAt"": {""$date"": ""2026-09-07T12:40:26.833Z""}}",OUT_FOR_DELIVERY,2026-09-07T12:40:26.833Z
6a9eb0bb29877fbd07f88e13,com.gisma.advanced_database.shipment.adapter.secondary.mongo.entity.ShippingDBO,2026-09-07T12:40:27.052Z,9ffdab08-5f7b-4aa6-ae7a-634522fb3af9,"{""name"": ""Auto Loan Account cross-platform"", ""address"": {""street"": ""95505 Botsford Courts"", ""city"": ""3957 Johanna Rue"", ""state"": ""5566 Maxine Fords"", ""number"": ""86903058"", ""zipCode"": ""03083164"", ""district"": ""wireless"", ""createdAt"": {""$date"": ""2026-09-07T12:40:27.052Z""}, ""updatedAt"": {""$date"": ""2026-09-07T12:40:27.052Z""}}, ""createdAt"": {""$date"": ""2026-09-07T12:40:27.052Z""}, ""updatedAt"": {""$date"": ""2026-09-07T12:40:27.052Z""}}",DELIVERED,2026-09-07T12:40:27.052Z
6a9eb0bb29877fbd07f88e14,com.gisma.advanced_database.shipment.adapter.secondary.mongo.entity.ShippingDBO,2026-09-07T12:40:27.313Z,b65545a8-e5a8-4b7a-bdee-ab528b1b2362,"{""name"": ""Money Market Account cross-platform"", ""address"": {""street"": ""7996 Jaron Mills"", ""city"": ""4922 Jefferson Street"", ""state"": ""9757 Poplar Avenue"", ""number"": ""80531148"", ""zipCode"": ""87847967"", ""district"": ""auxiliary"", ""createdAt"": {""$date"": ""2026-09-07T12:40:27.313Z""}, ""updatedAt"": {""$date"": ""2026-09-07T12:40:27.313Z""}}, ""createdAt"": {""$date"": ""2026-09-07T12:40:27.313Z""}, ""updatedAt"": {""$date"": ""2026-09-07T12:40:27.313Z""}}",PACKED,2026-09-07T12:40:27.313Z
6a9eb0bb29877fbd07f88e15,com.gisma.advanced_database.shipment.adapter.secondary.mongo.entity.ShippingDBO,2026-09-07T12:40:27.526Z,acc74bde-529f-4a36-b539-aa2fba454102,"{""name"": ""Personal Loan Account optical"", ""address"": {""street"": ""868 Lauren Via"", ""city"": ""160 Rogahn Mills"", ""state"": ""111 Alf Unions"", ""number"": ""58853665"", ""zipCode"": ""84731453"", ""district"": ""haptic"", ""createdAt"": {""$date"": ""2026-09-07T12:40:27.526Z""}, ""updatedAt"": {""$date"": ""2026-09-07T12:40:27.526Z""}}, ""createdAt"": {""$date"": ""2026-09-07T12:40:27.526Z""}, ""updatedAt"": {""$date"": ""2026-09-07T12:40:27.526Z""}}",OUT_FOR_DELIVERY,2026-09-07T12:40:27.526Z
6a9eb0bb29877fbd07f88e16,com.gisma.advanced_database.shipment.adapter.secondary.mongo.entity.ShippingDBO,2026-09-07T12:40:27.757Z,216e9da6-a73d-4994-84e2-e526b9e88775,"{""name"": ""Checking Account primary"", ""address"": {""street"": ""7642 Depot Street"", ""city"": ""374 King Street"", ""state"": ""2125 Sid Summit"", ""number"": ""74989365"", ""zipCode"": ""52109562"", ""district"": ""back-end"", ""createdAt"": {""$date"": ""2026-09-07T12:40:27.757Z""}, ""updatedAt"": {""$date"": ""2026-09-07T12:40:27.757Z""}}, ""createdAt"": {""$date"": ""2026-09-07T12:40:27.757Z""}, ""updatedAt"": {""$date"": ""2026-09-07T12:40:27.757Z""}}",PLACED,2026-09-07T12:40:27.757Z
6a9eb0bc29877fbd07f88e17,com.gisma.advanced_database.shipment.adapter.secondary.mongo.entity.ShippingDBO,2026-09-07T12:40:28.005Z,33340a25-da4d-4a15-92ca-25fad13540e5,"{""name"": ""Credit Card Account bluetooth"", ""address"": {""street"": ""70166 Oakfield Road"", ""city"": ""6623 Broad Street"", ""state"": ""57306 Hawthorn Avenue"", ""number"": ""67329788"", ""zipCode"": ""49016402"", ""district"": ""virtual"", ""createdAt"": {""$date"": ""2026-09-07T12:40:28.005Z""}, ""updatedAt"": {""$date"": ""2026-09-07T12:40:28.005Z""}}, ""createdAt"": {""$date"": ""2026-09-07T12:40:28.005Z""}, ""updatedAt"": {""$date"": ""2026-09-07T12:40:28.005Z""}}",SHIPPED,2026-09-07T12:40:28.005Z
6a9eb0bc29877fbd07f88e18,com.gisma.advanced_database.shipment.adapter.secondary.mongo.entity.ShippingDBO,2026-09-07T12:40:28.242Z,bc3a56d3-17cc-4be1-8121-6ed6d6298850,"{""name"": ""Checking Account back-end"", ""address"": {""street"": ""583 Holly Close"", ""city"": ""92967 Ursula Loop"", ""state"": ""181 Kiehn Isle"", ""number"": ""92435239"", ""zipCode"": ""05349903"", ""district"": ""1080p"", ""createdAt"": {""$date"": ""2026-09-07T12:40:28.242Z""}, ""updatedAt"": {""$date"": ""2026-09-07T12:40:28.242Z""}}, ""createdAt"": {""$date"": ""2026-09-07T12:40:28.242Z""}, ""updatedAt"": {""$date"": ""2026-09-07T12:40:28.242Z""}}",PLACED,2026-09-07T12:40:28.242Z
6a9eb0bc29877fbd07f88e19,com.gisma.advanced_database.shipment.adapter.secondary.mongo.entity.ShippingDBO,2026-09-07T12:40:28.493Z,5f4b3f28-6446-48d7-8426-d4f005e66e1e,"{""name"": ""Money Market Account solid state"", ""address"": {""street"": ""79348 Adrian Hills"", ""city"": ""7936 Hope Square"", ""state"": ""64727 Arlie Mountains"", ""number"": ""76880537"", ""zipCode"": ""83513229"", ""district"": ""mobile"", ""createdAt"": {""$date"": ""2026-09-07T12:40:28.493Z""}, ""updatedAt"": {""$date"": ""2026-09-07T12:40:28.493Z""}}, ""createdAt"": {""$date"": ""2026-09-07T12:40:28.493Z""}, ""updatedAt"": {""$date"": ""2026-09-07T12:40:28.493Z""}}",SHIPPED,2026-09-07T12:40:28.493Z
6a9eb0bc29877fbd07f88e1a,com.gisma.advanced_database.shipment.adapter.secondary.mongo.entity.ShippingDBO,2026-09-07T12:40:28.745Z,7c531165-9434-4853-8bb5-affb130e9755,"{""name"": ""Investment Account auxiliary"", ""address"": {""street"": ""43120 Bartoletti Ford"", ""city"": ""16724 Ruecker Branch"", ""state"": ""95894 Yundt Harbors"", ""number"": ""59473033"", ""zipCode"": ""48309230"", ""district"": ""auxiliary"", ""createdAt"": {""$date"": ""2026-09-07T12:40:28.745Z""}, ""updatedAt"": {""$date"": ""2026-09-07T12:40:28.745Z""}}, ""createdAt"": {""$date"": ""2026-09-07T12:40:28.745Z""}, ""updatedAt"": {""$date"": ""2026-09-07T12:40:28.745Z""}}",PACKED,2026-09-07T12:40:28.745Z
6a9eb0bc29877fbd07f88e1b,com.gisma.advanced_database.shipment.adapter.secondary.mongo.entity.ShippingDBO,2026-09-07T12:40:28.993Z,cbc8aaee-eb14-400f-863f-07bff45b13b7,"{""name"": ""Investment Account neural"", ""address"": {""street"": ""882 N 4th Street"", ""city"": ""23815 Grady Wall"", ""state"": ""786 Grove Road"", ""number"": ""53977437"", ""zipCode"": ""78582179"", ""district"": ""wireless"", ""createdAt"": {""$date"": ""2026-09-07T12:40:28.993Z""}, ""updatedAt"": {""$date"": ""2026-09-07T12:40:28.993Z""}}, ""createdAt"": {""$date"": ""2026-09-07T12:40:28.993Z""}, ""updatedAt"": {""$date"": ""2026-09-07T12:40:28.993Z""}}",SHIPPED,2026-09-07T12:40:28.993Z
6a9eb0bd29877fbd07f88e1c,com.gisma.advanced_database.shipment.adapter.secondary.mongo.entity.ShippingDBO,2026-09-07T12:40:29.221Z,df0c3c75-8f2f-4aee-ba5f-665eeef04e90,"{""name"": ""Money Market Account open-source"", ""address"": {""street"": ""5623 Stephon Brooks"", ""city"": ""6590 Kingfisher Close"", ""state"": ""16344 W Walnut Street"", ""number"": ""74351518"", ""zipCode"": ""39290656"", ""district"": ""1080p"", ""createdAt"": {""$date"": ""2026-09-07T12:40:29.221Z""}, ""updatedAt"": {""$date"": ""2026-09-07T12:40:29.221Z""}}, ""createdAt"": {""$date"": ""2026-09-07T12:40:29.221Z""}, ""updatedAt"": {""$date"": ""2026-09-07T12:40:29.221Z""}}",SHIPPED,2026-09-07T12:40:29.221Z
6a9eb0bd29877fbd07f88e1d,com.gisma.advanced_database.shipment.adapter.secondary.mongo.entity.ShippingDBO,2026-09-07T12:40:29.473Z,114d1218-1623-4c58-a690-3565fb77db89,"{""name"": ""Savings Account virtual"", ""address"": {""street"": ""357 Ashtyn Common"", ""city"": ""920 Princess Street"", ""state"": ""75321 County Road"", ""number"": ""86809668"", ""zipCode"": ""61646553"", ""district"": ""primary"", ""createdAt"": {""$date"": ""2026-09-07T12:40:29.473Z""}, ""updatedAt"": {""$date"": ""2026-09-07T12:40:29.473Z""}}, ""createdAt"": {""$date"": ""2026-09-07T12:40:29.473Z""}, ""updatedAt"": {""$date"": ""2026-09-07T12:40:29.473Z""}}",TRANSIT,2026-09-07T12:40:29.473Z
6a9eb0bd29877fbd07f88e1e,com.gisma.advanced_database.shipment.adapter.secondary.mongo.entity.ShippingDBO,2026-09-07T12:40:29.708Z,3832429e-308c-49dd-8260-87f8b59a6832,"{""name"": ""Checking Account online"", ""address"": {""street"": ""561 Jackson Street"", ""city"": ""48568 Rohan Corners"", ""state"": ""615 Ritchie Keys"", ""number"": ""84784532"", ""zipCode"": ""67263568"", ""district"": ""mobile"", ""createdAt"": {""$date"": ""2026-09-07T12:40:29.708Z""}, ""updatedAt"": {""$date"": ""2026-09-07T12:40:29.708Z""}}, ""createdAt"": {""$date"": ""2026-09-07T12:40:29.708Z""}, ""updatedAt"": {""$date"": ""2026-09-07T12:40:29.708Z""}}",OUT_FOR_DELIVERY,2026-09-07T12:40:29.708Z
6a9eb0bd29877fbd07f88e1f,com.gisma.advanced_database.shipment.adapter.secondary.mongo.entity.ShippingDBO,2026-09-07T12:40:29.950Z,c7b71a8e-a516-4e03-b030-565dbf410a28,"{""name"": ""Savings Account bluetooth"", ""address"": {""street"": ""76537 Wilford Fort"", ""city"": ""1451 Woodland Close"", ""state"": ""8828 Emilia Glens"", ""number"": ""43819147"", ""zipCode"": ""44281707"", ""district"": ""1080p"", ""createdAt"": {""$date"": ""2026-09-07T12:40:29.950Z""}, ""updatedAt"": {""$date"": ""2026-09-07T12:40:29.950Z""}}, ""createdAt"": {""$date"": ""2026-09-07T12:40:29.950Z""}, ""updatedAt"": {""$date"": ""2026-09-07T12:40:29.950Z""}}",TRANSIT,2026-09-07T12:40:29.950Z
6a9eb0be29877fbd07f88e20,com.gisma.advanced_database.shipment.adapter.secondary.mongo.entity.ShippingDBO,2026-09-07T12:40:30.207Z,f5feab0d-c86c-43c2-a821-2108e439aa8e,"{""name"": ""Credit Card Account optical"", ""address"": {""street"": ""44733 Lonnie Orchard"", ""city"": ""6882 School Lane"", ""state"": ""7093 Roob Valley"", ""number"": ""21388773"", ""zipCode"": ""36087152"", ""district"": ""cross-platform"", ""createdAt"": {""$date"": ""2026-09-07T12:40:30.207Z""}, ""updatedAt"": {""$date"": ""2026-09-07T12:40:30.207Z""}}, ""createdAt"": {""$date"": ""2026-09-07T12:40:30.207Z""}, ""updatedAt"": {""$date"": ""2026-09-07T12:40:30.207Z""}}",PACKED,2026-09-07T12:40:30.207Z
6a9eb0be29877fbd07f88e21,com.gisma.advanced_database.shipment.adapter.secondary.mongo.entity.ShippingDBO,2026-09-07T12:40:30.456Z,97e37a2e-67b8-4710-b1e4-f319aa2db117,"{""name"": ""Personal Loan Account multi-byte"", ""address"": {""street"": ""164 Mallie Dam"", ""city"": ""27892 Cliff Road"", ""state"": ""243 Kathryn Fort"", ""number"": ""72965184"", ""zipCode"": ""52100482"", ""district"": ""mobile"", ""createdAt"": {""$date"": ""2026-09-07T12:40:30.456Z""}, ""updatedAt"": {""$date"": ""2026-09-07T12:40:30.456Z""}}, ""createdAt"": {""$date"": ""2026-09-07T12:40:30.456Z""}, ""updatedAt"": {""$date"": ""2026-09-07T12:40:30.456Z""}}",PLACED,2026-09-07T12:40:30.456Z
6a9eb0be29877fbd07f88e22,com.gisma.advanced_database.shipment.adapter.secondary.mongo.entity.ShippingDBO,2026-09-07T12:40:30.741Z,8e1c68f4-da25-40f5-9fa4-c79b0435e1e7,"{""name"": ""Savings Account neural"", ""address"": {""street"": ""5457 Main Street E"", ""city"": ""652 Derwent Close"", ""state"": ""560 Maximo Mills"", ""number"": ""41335694"", ""zipCode"": ""55940084"", ""district"": ""virtual"", ""createdAt"": {""$date"": ""2026-09-07T12:40:30.741Z""}, ""updatedAt"": {""$date"": ""2026-09-07T12:40:30.741Z""}}, ""createdAt"": {""$date"": ""2026-09-07T12:40:30.741Z""}, ""updatedAt"": {""$date"": ""2026-09-07T12:40:30.741Z""}}",TRANSIT,2026-09-07T12:40:30.741Z
6a9eb0be29877fbd07f88e23,com.gisma.advanced_database.shipment.adapter.secondary.mongo.entity.ShippingDBO,2026-09-07T12:40:30.974Z,acb1b44b-c15e-4ea0-bc0a-a1c4e67cc25d,"{""name"": ""Auto Loan Account redundant"", ""address"": {""street"": ""423 E North Street"", ""city"": ""41340 Kunde Haven"", ""state"": ""15161 Poplar Street"", ""number"": ""97877163"", ""zipCode"": ""48384206"", ""district"": ""bluetooth"", ""createdAt"": {""$date"": ""2026-09-07T12:40:30.974Z""}, ""updatedAt"": {""$date"": ""2026-09-07T12:40:30.974Z""}}, ""createdAt"": {""$date"": ""2026-09-07T12:40:30.974Z""}, ""updatedAt"": {""$date"": ""2026-09-07T12:40:30.974Z""}}",PACKED,2026-09-07T12:40:30.974Z
6a9eb0bf29877fbd07f88e24,com.gisma.advanced_database.shipment.adapter.secondary.mongo.entity.ShippingDBO,2026-09-07T12:40:31.242Z,78e567a5-6bc1-46d7-8636-d1bc1f0d9d13,"{""name"": ""Auto Loan Account wireless"", ""address"": {""street"": ""44473 Susan Greens"", ""city"": ""7068 Shakira Cliffs"", ""state"": ""52707 Lincoln Street"", ""number"": ""01635738"", ""zipCode"": ""30151972"", ""district"": ""mobile"", ""createdAt"": {""$date"": ""2026-09-07T12:40:31.242Z""}, ""updatedAt"": {""$date"": ""2026-09-07T12:40:31.242Z""}}, ""createdAt"": {""$date"": ""2026-09-07T12:40:31.242Z""}, ""updatedAt"": {""$date"": ""2026-09-07T12:40:31.242Z""}}",TRANSIT,2026-09-07T12:40:31.242Z
6a9eb0bf29877fbd07f88e25,com.gisma.advanced_database.shipment.adapter.secondary.mongo.entity.ShippingDBO,2026-09-07T12:40:31.467Z,d3f671e3-3e55-4910-a1bf-17e153bb9b66,"{""name"": ""Investment Account virtual"", ""address"": {""street"": ""401 Zulauf Fort"", ""city"": ""852 Lebsack Mews"", ""state"": ""687 Koss Points"", ""number"": ""57139436"", ""zipCode"": ""81381820"", ""district"": ""solid state"", ""createdAt"": {""$date"": ""2026-09-07T12:40:31.467Z""}, ""updatedAt"": {""$date"": ""2026-09-07T12:40:31.467Z""}}, ""createdAt"": {""$date"": ""2026-09-07T12:40:31.467Z""}, ""updatedAt"": {""$date"": ""2026-09-07T12:40:31.467Z""}}",PLACED,2026-09-07T12:40:31.467Z
6a9eb0bf29877fbd07f88e26,com.gisma.advanced_database.shipment.adapter.secondary.mongo.entity.ShippingDBO,2026-09-07T12:40:31.734Z,dc09a8e7-f57c-4ab5-bf36-b18f27d973c0,"{""name"": ""Checking Account haptic"", ""address"": {""street"": ""62658 Clare Estates"", ""city"": ""94641 Osinski Dam"", ""state"": ""96531 Pollich Ferry"", ""number"": ""54665339"", ""zipCode"": ""74810505"", ""district"": ""bluetooth"", ""createdAt"": {""$date"": ""2026-09-07T12:40:31.734Z""}, ""updatedAt"": {""$date"": ""2026-09-07T12:40:31.734Z""}}, ""createdAt"": {""$date"": ""2026-09-07T12:40:31.734Z""}, ""updatedAt"": {""$date"": ""2026-09-07T12:40:31.734Z""}}",SHIPPED,2026-09-07T12:40:31.734Z
6a9eb0d729877fbd07f88e27,com.gisma.advanced_database.shipment.adapter.secondary.mongo.entity.ShippingDBO,2026-09-07T12:40:55.174Z,b4f7b488-42ae-4121-90d1-b8ef6a248f52,"{""name"": ""Money Market Account open-source"", ""address"": {""street"": ""265 Wilderman Lock"", ""city"": ""9926 Baker Street"", ""state"": ""5671 Jamar Greens"", ""number"": ""88149686"", ""zipCode"": ""94854746"", ""district"": ""digital"", ""createdAt"": {""$date"": ""2026-09-07T12:40:55.174Z""}, ""updatedAt"": {""$date"": ""2026-09-07T12:40:55.174Z""}}, ""createdAt"": {""$date"": ""2026-09-07T12:40:55.174Z""}, ""updatedAt"": {""$date"": ""2026-09-07T12:40:55.174Z""}}",DELIVERED,2026-09-07T12:40:55.174Z
6a9eb0d729877fbd07f88e28,com.gisma.advanced_database.shipment.adapter.secondary.mongo.entity.ShippingDBO,2026-09-07T12:40:55.543Z,1a103ab9-cb42-461e-a785-242c100c00eb,"{""name"": ""Checking Account mobile"", ""address"": {""street"": ""458 Rau Ville"", ""city"": ""830 Mertie Loop"", ""state"": ""177 Bath Road"", ""number"": ""30437169"", ""zipCode"": ""67440723"", ""district"": ""optical"", ""createdAt"": {""$date"": ""2026-09-07T12:40:55.543Z""}, ""updatedAt"": {""$date"": ""2026-09-07T12:40:55.543Z""}}, ""createdAt"": {""$date"": ""2026-09-07T12:40:55.543Z""}, ""updatedAt"": {""$date"": ""2026-09-07T12:40:55.543Z""}}",DELIVERED,2026-09-07T12:40:55.543Z
6a9eb0d729877fbd07f88e29,com.gisma.advanced_database.shipment.adapter.secondary.mongo.entity.ShippingDBO,2026-09-07T12:40:55.866Z,2e810b41-a120-4aab-9653-90c1fce500f6,"{""name"": ""Home Loan Account optical"", ""address"": {""street"": ""39148 Ervin Lodge"", ""city"": ""2559 Borer Glens"", ""state"": ""8673 Erdman Gardens"", ""number"": ""66898531"", ""zipCode"": ""09907216"", ""district"": ""virtual"", ""createdAt"": {""$date"": ""2026-09-07T12:40:55.866Z""}, ""updatedAt"": {""$date"": ""2026-09-07T12:40:55.866Z""}}, ""createdAt"": {""$date"": ""2026-09-07T12:40:55.866Z""}, ""updatedAt"": {""$date"": ""2026-09-07T12:40:55.866Z""}}",PLACED,2026-09-07T12:40:55.866Z
6a9eb0d829877fbd07f88e2a,com.gisma.advanced_database.shipment.adapter.secondary.mongo.entity.ShippingDBO,2026-09-07T12:40:56.205Z,30242cf9-6ff0-4892-8229-a5d407ebcb83,"{""name"": ""Home Loan Account redundant"", ""address"": {""street"": ""44343 Reichel Loop"", ""city"": ""9049 Alma Street"", ""state"": ""411 Second Avenue"", ""number"": ""07022808"", ""zipCode"": ""41926221"", ""district"": ""solid state"", ""createdAt"": {""$date"": ""2026-09-07T12:40:56.205Z""}, ""updatedAt"": {""$date"": ""2026-09-07T12:40:56.205Z""}}, ""createdAt"": {""$date"": ""2026-09-07T12:40:56.205Z""}, ""updatedAt"": {""$date"": ""2026-09-07T12:40:56.205Z""}}",PLACED,2026-09-07T12:40:56.205Z
6a9eb0d829877fbd07f88e2b,com.gisma.advanced_database.shipment.adapter.secondary.mongo.entity.ShippingDBO,2026-09-07T12:40:56.541Z,557b6f7c-3e41-4e08-b073-ce4f026b791e,"{""name"": ""Credit Card Account optical"", ""address"": {""street"": ""273 Allan Union"", ""city"": ""11765 Kunde Radial"", ""state"": ""147 Koepp Spurs"", ""number"": ""63880627"", ""zipCode"": ""44443502"", ""district"": ""1080p"", ""createdAt"": {""$date"": ""2026-09-07T12:40:56.541Z""}, ""updatedAt"": {""$date"": ""2026-09-07T12:40:56.541Z""}}, ""createdAt"": {""$date"": ""2026-09-07T12:40:56.541Z""}, ""updatedAt"": {""$date"": ""2026-09-07T12:40:56.541Z""}}",TRANSIT,2026-09-07T12:40:56.541Z
6a9eb0d829877fbd07f88e2c,com.gisma.advanced_database.shipment.adapter.secondary.mongo.entity.ShippingDBO,2026-09-07T12:40:56.882Z,20f88952-b1d5-4112-8993-24caf10a65db,"{""name"": ""Savings Account auxiliary"", ""address"": {""street"": ""113 University Drive"", ""city"": ""534 West Lane"", ""state"": ""97691 Main Road"", ""number"": ""33343319"", ""zipCode"": ""21522503"", ""district"": ""auxiliary"", ""createdAt"": {""$date"": ""2026-09-07T12:40:56.882Z""}, ""updatedAt"": {""$date"": ""2026-09-07T12:40:56.882Z""}}, ""createdAt"": {""$date"": ""2026-09-07T12:40:56.882Z""}, ""updatedAt"": {""$date"": ""2026-09-07T12:40:56.882Z""}}",DELIVERED,2026-09-07T12:40:56.882Z
6a9eb0d929877fbd07f88e2d,com.gisma.advanced_database.shipment.adapter.secondary.mongo.entity.ShippingDBO,2026-09-07T12:40:57.208Z,92e58883-59eb-43cd-9c2a-14c04e74ec71,"{""name"": ""Credit Card Account solid state"", ""address"": {""street"": ""15613 Hintz Course"", ""city"": ""672 Fore Street"", ""state"": ""77869 E 4th Avenue"", ""number"": ""35833189"", ""zipCode"": ""71567540"", ""district"": ""wireless"", ""createdAt"": {""$date"": ""2026-09-07T12:40:57.208Z""}, ""updatedAt"": {""$date"": ""2026-09-07T12:40:57.208Z""}}, ""createdAt"": {""$date"": ""2026-09-07T12:40:57.208Z""}, ""updatedAt"": {""$date"": ""2026-09-07T12:40:57.208Z""}}",SHIPPED,2026-09-07T12:40:57.208Z
6a9eb0d929877fbd07f88e2e,com.gisma.advanced_database.shipment.adapter.secondary.mongo.entity.ShippingDBO,2026-09-07T12:40:57.545Z,6aa7fe7c-9ce6-425e-9193-de5584b53fd6,"{""name"": ""Personal Loan Account virtual"", ""address"": {""street"": ""7475 Oak Drive"", ""city"": ""8555 Bay Street"", ""state"": ""72800 Broad Street"", ""number"": ""61922554"", ""zipCode"": ""26428985"", ""district"": ""virtual"", ""createdAt"": {""$date"": ""2026-09-07T12:40:57.545Z""}, ""updatedAt"": {""$date"": ""2026-09-07T12:40:57.545Z""}}, ""createdAt"": {""$date"": ""2026-09-07T12:40:57.545Z""}, ""updatedAt"": {""$date"": ""2026-09-07T12:40:57.545Z""}}",SHIPPED,2026-09-07T12:40:57.545Z
6a9eb0d929877fbd07f88e2f,com.gisma.advanced_database.shipment.adapter.secondary.mongo.entity.ShippingDBO,2026-09-07T12:40:57.900Z,79f2af7c-f177-48ff-8ddc-711de3487762,"{""name"": ""Personal Loan Account optical"", ""address"": {""street"": ""4749 Hammes Canyon"", ""city"": ""549 Ward Roads"", ""state"": ""1575 School Street"", ""number"": ""44481629"", ""zipCode"": ""53995166"", ""district"": ""optical"", ""createdAt"": {""$date"": ""2026-09-07T12:40:57.900Z""}, ""updatedAt"": {""$date"": ""2026-09-07T12:40:57.900Z""}}, ""createdAt"": {""$date"": ""2026-09-07T12:40:57.900Z""}, ""updatedAt"": {""$date"": ""2026-09-07T12:40:57.900Z""}}",DELIVERED,2026-09-07T12:40:57.900Z
6a9eb0da29877fbd07f88e30,com.gisma.advanced_database.shipment.adapter.secondary.mongo.entity.ShippingDBO,2026-09-07T12:40:58.256Z,c303c1c6-77f0-4ba2-ac88-4b4a3c72e32b,"{""name"": ""Credit Card Account multi-byte"", ""address"": {""street"": ""1234 Patience Crest"", ""city"": ""7360 Leuschke Turnpike"", ""state"": ""69152 Rodolfo Ferry"", ""number"": ""88988987"", ""zipCode"": ""95380916"", ""district"": ""open-source"", ""createdAt"": {""$date"": ""2026-09-07T12:40:58.256Z""}, ""updatedAt"": {""$date"": ""2026-09-07T12:40:58.256Z""}}, ""createdAt"": {""$date"": ""2026-09-07T12:40:58.256Z""}, ""updatedAt"": {""$date"": ""2026-09-07T12:40:58.256Z""}}",DELIVERED,2026-09-07T12:40:58.256Z
6a9eb0da29877fbd07f88e31,com.gisma.advanced_database.shipment.adapter.secondary.mongo.entity.ShippingDBO,2026-09-07T12:40:58.599Z,beb8e403-0d28-4fb3-be15-45adc6656240,"{""name"": ""Checking Account auxiliary"", ""address"": {""street"": ""2358 Kessler Course"", ""city"": ""478 Senger Place"", ""state"": ""570 Springfield Close"", ""number"": ""48126285"", ""zipCode"": ""11356977"", ""district"": ""open-source"", ""createdAt"": {""$date"": ""2026-09-07T12:40:58.599Z""}, ""updatedAt"": {""$date"": ""2026-09-07T12:40:58.599Z""}}, ""createdAt"": {""$date"": ""2026-09-07T12:40:58.599Z""}, ""updatedAt"": {""$date"": ""2026-09-07T12:40:58.599Z""}}",PACKED,2026-09-07T12:40:58.599Z
6a9eb0da29877fbd07f88e32,com.gisma.advanced_database.shipment.adapter.secondary.mongo.entity.ShippingDBO,2026-09-07T12:40:58.943Z,8d424a2e-dee2-45d2-8e4e-fd4d4ccde411,"{""name"": ""Money Market Account bluetooth"", ""address"": {""street"": ""355 Bogisich Parkway"", ""city"": ""65836 Green Lane"", ""state"": ""623 Quigley Shoal"", ""number"": ""59113931"", ""zipCode"": ""99648076"", ""district"": ""mobile"", ""createdAt"": {""$date"": ""2026-09-07T12:40:58.943Z""}, ""updatedAt"": {""$date"": ""2026-09-07T12:40:58.943Z""}}, ""createdAt"": {""$date"": ""2026-09-07T12:40:58.943Z""}, ""updatedAt"": {""$date"": ""2026-09-07T12:40:58.943Z""}}",PACKED,2026-09-07T12:40:58.943Z
6a9eb0db29877fbd07f88e33,com.gisma.advanced_database.shipment.adapter.secondary.mongo.entity.ShippingDBO,2026-09-07T12:40:59.292Z,e07a8b35-5c55-4242-b8d8-4cdbe2414868,"{""name"": ""Investment Account bluetooth"", ""address"": {""street"": ""50957 Kozey Islands"", ""city"": ""95848 Brittany Ramp"", ""state"": ""734 Fidel Fields"", ""number"": ""00463311"", ""zipCode"": ""35799428"", ""district"": ""haptic"", ""createdAt"": {""$date"": ""2026-09-07T12:40:59.292Z""}, ""updatedAt"": {""$date"": ""2026-09-07T12:40:59.292Z""}}, ""createdAt"": {""$date"": ""2026-09-07T12:40:59.292Z""}, ""updatedAt"": {""$date"": ""2026-09-07T12:40:59.292Z""}}",PACKED,2026-09-07T12:40:59.292Z
6a9eb0db29877fbd07f88e34,com.gisma.advanced_database.shipment.adapter.secondary.mongo.entity.ShippingDBO,2026-09-07T12:40:59.655Z,024b9530-527f-4e39-b4f7-f98f43ea035c,"{""name"": ""Credit Card Account auxiliary"", ""address"": {""street"": ""619 Mohr Bridge"", ""city"": ""4453 Lancaster Road"", ""state"": ""135 St Mary's Close"", ""number"": ""18121840"", ""zipCode"": ""87381287"", ""district"": ""cross-platform"", ""createdAt"": {""$date"": ""2026-09-07T12:40:59.655Z""}, ""updatedAt"": {""$date"": ""2026-09-07T12:40:59.655Z""}}, ""createdAt"": {""$date"": ""2026-09-07T12:40:59.655Z""}, ""updatedAt"": {""$date"": ""2026-09-07T12:40:59.655Z""}}",TRANSIT,2026-09-07T12:40:59.655Z
6a9eb0dc29877fbd07f88e35,com.gisma.advanced_database.shipment.adapter.secondary.mongo.entity.ShippingDBO,2026-09-07T12:41:00.011Z,658d0385-ddae-4b3d-bcd6-28454d83dc8f,"{""name"": ""Savings Account open-source"", ""address"": {""street"": ""937 Camren Circle"", ""city"": ""50348 Mitchell Key"", ""state"": ""5319 Beahan Corners"", ""number"": ""69302703"", ""zipCode"": ""10486572"", ""district"": ""solid state"", ""createdAt"": {""$date"": ""2026-09-07T12:41:00.011Z""}, ""updatedAt"": {""$date"": ""2026-09-07T12:41:00.011Z""}}, ""createdAt"": {""$date"": ""2026-09-07T12:41:00.011Z""}, ""updatedAt"": {""$date"": ""2026-09-07T12:41:00.011Z""}}",DELIVERED,2026-09-07T12:41:00.011Z
6a9eb0dc29877fbd07f88e36,com.gisma.advanced_database.shipment.adapter.secondary.mongo.entity.ShippingDBO,2026-09-07T12:41:00.373Z,879bd643-de8b-41c6-acf9-d86304905a9a,"{""name"": ""Personal Loan Account wireless"", ""address"": {""street"": ""412 The Oval"", ""city"": ""15993 Manor Gardens"", ""state"": ""155 Chestnut Close"", ""number"": ""21673447"", ""zipCode"": ""23336951"", ""district"": ""bluetooth"", ""createdAt"": {""$date"": ""2026-09-07T12:41:00.373Z""}, ""updatedAt"": {""$date"": ""2026-09-07T12:41:00.373Z""}}, ""createdAt"": {""$date"": ""2026-09-07T12:41:00.373Z""}, ""updatedAt"": {""$date"": ""2026-09-07T12:41:00.373Z""}}",TRANSIT,2026-09-07T12:41:00.373Z
6a9eb0dc29877fbd07f88e37,com.gisma.advanced_database.shipment.adapter.secondary.mongo.entity.ShippingDBO,2026-09-07T12:41:00.750Z,20b34f5a-e87f-429b-9359-2f08cea30b92,"{""name"": ""Money Market Account wireless"", ""address"": {""street"": ""324 DuBuque Rue"", ""city"": ""585 Gusikowski Crossing"", ""state"": ""487 Johnson Hollow"", ""number"": ""14972039"", ""zipCode"": ""32726994"", ""district"": ""1080p"", ""createdAt"": {""$date"": ""2026-09-07T12:41:00.750Z""}, ""updatedAt"": {""$date"": ""2026-09-07T12:41:00.750Z""}}, ""createdAt"": {""$date"": ""2026-09-07T12:41:00.750Z""}, ""updatedAt"": {""$date"": ""2026-09-07T12:41:00.750Z""}}",OUT_FOR_DELIVERY,2026-09-07T12:41:00.750Z
6a9eb0dd29877fbd07f88e38,com.gisma.advanced_database.shipment.adapter.secondary.mongo.entity.ShippingDBO,2026-09-07T12:41:01.099Z,e995187b-2360-42a1-9125-a7316e370fdc,"{""name"": ""Checking Account online"", ""address"": {""street"": ""94217 Dayana Harbor"", ""city"": ""406 Ilene Manor"", ""state"": ""856 Liza Walk"", ""number"": ""75793726"", ""zipCode"": ""26184006"", ""district"": ""redundant"", ""createdAt"": {""$date"": ""2026-09-07T12:41:01.099Z""}, ""updatedAt"": {""$date"": ""2026-09-07T12:41:01.099Z""}}, ""createdAt"": {""$date"": ""2026-09-07T12:41:01.099Z""}, ""updatedAt"": {""$date"": ""2026-09-07T12:41:01.099Z""}}",SHIPPED,2026-09-07T12:41:01.099Z
6a9eb0dd29877fbd07f88e39,com.gisma.advanced_database.shipment.adapter.secondary.mongo.entity.ShippingDBO,2026-09-07T12:41:01.499Z,8e42956c-f02f-40fe-9bb0-8b5a996187b7,"{""name"": ""Savings Account neural"", ""address"": {""street"": ""53805 Schuppe Village"", ""city"": ""145 Schimmel Locks"", ""state"": ""878 Demetris Valley"", ""number"": ""11659895"", ""zipCode"": ""80992928"", ""district"": ""mobile"", ""createdAt"": {""$date"": ""2026-09-07T12:41:01.499Z""}, ""updatedAt"": {""$date"": ""2026-09-07T12:41:01.499Z""}}, ""createdAt"": {""$date"": ""2026-09-07T12:41:01.499Z""}, ""updatedAt"": {""$date"": ""2026-09-07T12:41:01.499Z""}}",DELIVERED,2026-09-07T12:41:01.499Z
6a9eb0dd29877fbd07f88e3a,com.gisma.advanced_database.shipment.adapter.secondary.mongo.entity.ShippingDBO,2026-09-07T12:41:01.911Z,ddee8c12-ff3c-4a97-a2fc-ad1ab827febb,"{""name"": ""Savings Account haptic"", ""address"": {""street"": ""502 Koelpin Divide"", ""city"": ""7888 W Chestnut Street"", ""state"": ""2228 S College Street"", ""number"": ""00614695"", ""zipCode"": ""48546824"", ""district"": ""1080p"", ""createdAt"": {""$date"": ""2026-09-07T12:41:01.911Z""}, ""updatedAt"": {""$date"": ""2026-09-07T12:41:01.911Z""}}, ""createdAt"": {""$date"": ""2026-09-07T12:41:01.911Z""}, ""updatedAt"": {""$date"": ""2026-09-07T12:41:01.911Z""}}",PLACED,2026-09-07T12:41:01.911Z
6a9eb0de29877fbd07f88e3b,com.gisma.advanced_database.shipment.adapter.secondary.mongo.entity.ShippingDBO,2026-09-07T12:41:02.271Z,936f60d8-9bdc-4f08-a429-906357634bfe,"{""name"": ""Personal Loan Account multi-byte"", ""address"": {""street"": ""72054 Heather Close"", ""city"": ""22649 W South Street"", ""state"": ""6165 Lurline Burg"", ""number"": ""97175988"", ""zipCode"": ""88758292"", ""district"": ""primary"", ""createdAt"": {""$date"": ""2026-09-07T12:41:02.271Z""}, ""updatedAt"": {""$date"": ""2026-09-07T12:41:02.271Z""}}, ""createdAt"": {""$date"": ""2026-09-07T12:41:02.271Z""}, ""updatedAt"": {""$date"": ""2026-09-07T12:41:02.271Z""}}",TRANSIT,2026-09-07T12:41:02.271Z
6a9eb0de29877fbd07f88e3c,com.gisma.advanced_database.shipment.adapter.secondary.mongo.entity.ShippingDBO,2026-09-07T12:41:02.649Z,8f7ddf31-73a4-4cbd-b138-19de2b8edee5,"{""name"": ""Auto Loan Account 1080p"", ""address"": {""street"": ""3853 Spencer Creek"", ""city"": ""8722 Dock Spurs"", ""state"": ""47207 Gislason Mountain"", ""number"": ""49291673"", ""zipCode"": ""79092899"", ""district"": ""open-source"", ""createdAt"": {""$date"": ""2026-09-07T12:41:02.649Z""}, ""updatedAt"": {""$date"": ""2026-09-07T12:41:02.649Z""}}, ""createdAt"": {""$date"": ""2026-09-07T12:41:02.649Z""}, ""updatedAt"": {""$date"": ""2026-09-07T12:41:02.649Z""}}",TRANSIT,2026-09-07T12:41:02.649Z
6a9eb0df29877fbd07f88e3d,com.gisma.advanced_database.shipment.adapter.secondary.mongo.entity.ShippingDBO,2026-09-07T12:41:03.061Z,ae5c0de7-7c56-42a5-81cd-ffcfcb182e2c,"{""name"": ""Auto Loan Account back-end"", ""address"": {""street"": ""9096 16th Street"", ""city"": ""91804 Lindsey Rapids"", ""state"": ""43630 Prospect Avenue"", ""number"": ""16510024"", ""zipCode"": ""08347892"", ""district"": ""auxiliary"", ""createdAt"": {""$date"": ""2026-09-07T12:41:03.061Z""}, ""updatedAt"": {""$date"": ""2026-09-07T12:41:03.061Z""}}, ""createdAt"": {""$date"": ""2026-09-07T12:41:03.061Z""}, ""updatedAt"": {""$date"": ""2026-09-07T12:41:03.061Z""}}",SHIPPED,2026-09-07T12:41:03.061Z
6a9eb0df29877fbd07f88e3e,com.gisma.advanced_database.shipment.adapter.secondary.mongo.entity.ShippingDBO,2026-09-07T12:41:03.489Z,6b128a6f-f13b-47dd-9493-298b57927f26,"{""name"": ""Auto Loan Account online"", ""address"": {""street"": ""991 7th Avenue"", ""city"": ""691 Labadie Canyon"", ""state"": ""20908 Adell Well"", ""number"": ""74062547"", ""zipCode"": ""44520755"", ""district"": ""neural"", ""createdAt"": {""$date"": ""2026-09-07T12:41:03.489Z""}, ""updatedAt"": {""$date"": ""2026-09-07T12:41:03.489Z""}}, ""createdAt"": {""$date"": ""2026-09-07T12:41:03.489Z""}, ""updatedAt"": {""$date"": ""2026-09-07T12:41:03.489Z""}}",PACKED,2026-09-07T12:41:03.489Z
6a9eb0df29877fbd07f88e3f,com.gisma.advanced_database.shipment.adapter.secondary.mongo.entity.ShippingDBO,2026-09-07T12:41:03.870Z,190aacf4-c62f-49b5-ae94-2ed77f6783ec,"{""name"": ""Investment Account auxiliary"", ""address"": {""street"": ""694 Herzog Summit"", ""city"": ""249 Union Avenue"", ""state"": ""84367 Park View"", ""number"": ""44930321"", ""zipCode"": ""64326325"", ""district"": ""redundant"", ""createdAt"": {""$date"": ""2026-09-07T12:41:03.869Z""}, ""updatedAt"": {""$date"": ""2026-09-07T12:41:03.870Z""}}, ""createdAt"": {""$date"": ""2026-09-07T12:41:03.870Z""}, ""updatedAt"": {""$date"": ""2026-09-07T12:41:03.870Z""}}",TRANSIT,2026-09-07T12:41:03.870Z
6a9eb0e029877fbd07f88e40,com.gisma.advanced_database.shipment.adapter.secondary.mongo.entity.ShippingDBO,2026-09-07T12:41:04.255Z,b44d7f88-303d-48e8-9235-61deea99f6ea,"{""name"": ""Home Loan Account neural"", ""address"": {""street"": ""77384 Torp Lake"", ""city"": ""473 Alisa Passage"", ""state"": ""80726 Nakia Row"", ""number"": ""62547880"", ""zipCode"": ""18985348"", ""district"": ""cross-platform"", ""createdAt"": {""$date"": ""2026-09-07T12:41:04.255Z""}, ""updatedAt"": {""$date"": ""2026-09-07T12:41:04.255Z""}}, ""createdAt"": {""$date"": ""2026-09-07T12:41:04.255Z""}, ""updatedAt"": {""$date"": ""2026-09-07T12:41:04.255Z""}}",TRANSIT,2026-09-07T12:41:04.255Z
6a9eb0e029877fbd07f88e41,com.gisma.advanced_database.shipment.adapter.secondary.mongo.entity.ShippingDBO,2026-09-07T12:41:04.667Z,48058806-13f2-4b65-a6a3-e926dce78981,"{""name"": ""Auto Loan Account bluetooth"", ""address"": {""street"": ""5491 Will Fork"", ""city"": ""640 Jakubowski Forges"", ""state"": ""1277 Carolyn Skyway"", ""number"": ""17358063"", ""zipCode"": ""35265386"", ""district"": ""open-source"", ""createdAt"": {""$date"": ""2026-09-07T12:41:04.667Z""}, ""updatedAt"": {""$date"": ""2026-09-07T12:41:04.667Z""}}, ""createdAt"": {""$date"": ""2026-09-07T12:41:04.667Z""}, ""updatedAt"": {""$date"": ""2026-09-07T12:41:04.667Z""}}",DELIVERED,2026-09-07T12:41:04.667Z
6a9eb0e129877fbd07f88e42,com.gisma.advanced_database.shipment.adapter.secondary.mongo.entity.ShippingDBO,2026-09-07T12:41:05.072Z,9dd96131-e2bb-4f2b-bcff-9bfa5b6a50d7,"{""name"": ""Personal Loan Account digital"", ""address"": {""street"": ""56740 Konopelski Landing"", ""city"": ""2640 Barrows Manors"", ""state"": ""4543 Lester Light"", ""number"": ""20645276"", ""zipCode"": ""08526964"", ""district"": ""open-source"", ""createdAt"": {""$date"": ""2026-09-07T12:41:05.072Z""}, ""updatedAt"": {""$date"": ""2026-09-07T12:41:05.072Z""}}, ""createdAt"": {""$date"": ""2026-09-07T12:41:05.072Z""}, ""updatedAt"": {""$date"": ""2026-09-07T12:41:05.072Z""}}",PLACED,2026-09-07T12:41:05.072Z
6a9eb0e129877fbd07f88e43,com.gisma.advanced_database.shipment.adapter.secondary.mongo.entity.ShippingDBO,2026-09-07T12:41:05.467Z,57c125da-ca81-45e9-9345-c3c652d6b945,"{""name"": ""Home Loan Account virtual"", ""address"": {""street"": ""46648 Libby Valleys"", ""city"": ""2376 Mount Pleasant"", ""state"": ""36335 Clair Mills"", ""number"": ""67112012"", ""zipCode"": ""87304665"", ""district"": ""back-end"", ""createdAt"": {""$date"": ""2026-09-07T12:41:05.467Z""}, ""updatedAt"": {""$date"": ""2026-09-07T12:41:05.467Z""}}, ""createdAt"": {""$date"": ""2026-09-07T12:41:05.467Z""}, ""updatedAt"": {""$date"": ""2026-09-07T12:41:05.467Z""}}",PLACED,2026-09-07T12:41:05.467Z
6a9eb0e129877fbd07f88e44,com.gisma.advanced_database.shipment.adapter.secondary.mongo.entity.ShippingDBO,2026-09-07T12:41:05.879Z,baf469e9-0ea9-45db-971c-a6a2d6fd869b,"{""name"": ""Checking Account open-source"", ""address"": {""street"": ""22606 Grove Lane"", ""city"": ""28633 Sabryna Key"", ""state"": ""655 Eli Stravenue"", ""number"": ""38650981"", ""zipCode"": ""59860322"", ""district"": ""multi-byte"", ""createdAt"": {""$date"": ""2026-09-07T12:41:05.879Z""}, ""updatedAt"": {""$date"": ""2026-09-07T12:41:05.879Z""}}, ""createdAt"": {""$date"": ""2026-09-07T12:41:05.879Z""}, ""updatedAt"": {""$date"": ""2026-09-07T12:41:05.879Z""}}",OUT_FOR_DELIVERY,2026-09-07T12:41:05.879Z
6a9eb0e229877fbd07f88e45,com.gisma.advanced_database.shipment.adapter.secondary.mongo.entity.ShippingDBO,2026-09-07T12:41:06.303Z,3737e2c7-ac4d-42f0-8e00-0f1c742b812a,"{""name"": ""Savings Account redundant"", ""address"": {""street"": ""99047 Funk River"", ""city"": ""381 Broadway"", ""state"": ""968 Church Lane"", ""number"": ""07176151"", ""zipCode"": ""46959277"", ""district"": ""haptic"", ""createdAt"": {""$date"": ""2026-09-07T12:41:06.303Z""}, ""updatedAt"": {""$date"": ""2026-09-07T12:41:06.303Z""}}, ""createdAt"": {""$date"": ""2026-09-07T12:41:06.303Z""}, ""updatedAt"": {""$date"": ""2026-09-07T12:41:06.303Z""}}",PLACED,2026-09-07T12:41:06.303Z
6a9eb0e229877fbd07f88e46,com.gisma.advanced_database.shipment.adapter.secondary.mongo.entity.ShippingDBO,2026-09-07T12:41:06.728Z,7a225aee-4868-476e-b9c9-0eb5d0bf62ed,"{""name"": ""Personal Loan Account haptic"", ""address"": {""street"": ""69839 Elm Road"", ""city"": ""62200 S 6th Street"", ""state"": ""164 Jast Ramp"", ""number"": ""41292914"", ""zipCode"": ""20777475"", ""district"": ""optical"", ""createdAt"": {""$date"": ""2026-09-07T12:41:06.727Z""}, ""updatedAt"": {""$date"": ""2026-09-07T12:41:06.728Z""}}, ""createdAt"": {""$date"": ""2026-09-07T12:41:06.728Z""}, ""updatedAt"": {""$date"": ""2026-09-07T12:41:06.728Z""}}",OUT_FOR_DELIVERY,2026-09-07T12:41:06.728Z
6a9eb0e329877fbd07f88e47,com.gisma.advanced_database.shipment.adapter.secondary.mongo.entity.ShippingDBO,2026-09-07T12:41:07.216Z,d9d13d95-88c9-481c-bb8e-7af4dda498d9,"{""name"": ""Money Market Account redundant"", ""address"": {""street"": ""7594 N Central Avenue"", ""city"": ""80267 Sandy Valleys"", ""state"": ""7620 Parisian Coves"", ""number"": ""58140406"", ""zipCode"": ""72292918"", ""district"": ""optical"", ""createdAt"": {""$date"": ""2026-09-07T12:41:07.216Z""}, ""updatedAt"": {""$date"": ""2026-09-07T12:41:07.216Z""}}, ""createdAt"": {""$date"": ""2026-09-07T12:41:07.216Z""}, ""updatedAt"": {""$date"": ""2026-09-07T12:41:07.216Z""}}",OUT_FOR_DELIVERY,2026-09-07T12:41:07.216Z
6a9eb0e329877fbd07f88e48,com.gisma.advanced_database.shipment.adapter.secondary.mongo.entity.ShippingDBO,2026-09-07T12:41:07.687Z,66df3696-d0b7-4bcd-b746-244cd335b474,"{""name"": ""Money Market Account 1080p"", ""address"": {""street"": ""98736 Nikolaus Brook"", ""city"": ""550 Lake Drive"", ""state"": ""1578 Etha Groves"", ""number"": ""91728009"", ""zipCode"": ""99661583"", ""district"": ""neural"", ""createdAt"": {""$date"": ""2026-09-07T12:41:07.687Z""}, ""updatedAt"": {""$date"": ""2026-09-07T12:41:07.687Z""}}, ""createdAt"": {""$date"": ""2026-09-07T12:41:07.687Z""}, ""updatedAt"": {""$date"": ""2026-09-07T12:41:07.687Z""}}",SHIPPED,2026-09-07T12:41:07.687Z
6a9eb0e429877fbd07f88e49,com.gisma.advanced_database.shipment.adapter.secondary.mongo.entity.ShippingDBO,2026-09-07T12:41:08.228Z,815528a5-690e-4280-bfcf-cd8d8ba22e71,"{""name"": ""Savings Account mobile"", ""address"": {""street"": ""1095 Shields Ridges"", ""city"": ""92667 Price Park"", ""state"": ""86343 Aubree Green"", ""number"": ""24548137"", ""zipCode"": ""87034300"", ""district"": ""cross-platform"", ""createdAt"": {""$date"": ""2026-09-07T12:41:08.228Z""}, ""updatedAt"": {""$date"": ""2026-09-07T12:41:08.228Z""}}, ""createdAt"": {""$date"": ""2026-09-07T12:41:08.228Z""}, ""updatedAt"": {""$date"": ""2026-09-07T12:41:08.228Z""}}",PLACED,2026-09-07T12:41:08.228Z
6a9eb0e529877fbd07f88e4a,com.gisma.advanced_database.shipment.adapter.secondary.mongo.entity.ShippingDBO,2026-09-07T12:41:09.154Z,9f4aea03-aee9-4e39-bfd3-d366bf9cc646,"{""name"": ""Money Market Account cross-platform"", ""address"": {""street"": ""172 Lee Junctions"", ""city"": ""7574 Ferry Cliffs"", ""state"": ""9311 Magnus Trace"", ""number"": ""70234235"", ""zipCode"": ""91562515"", ""district"": ""bluetooth"", ""createdAt"": {""$date"": ""2026-09-07T12:41:09.154Z""}, ""updatedAt"": {""$date"": ""2026-09-07T12:41:09.154Z""}}, ""createdAt"": {""$date"": ""2026-09-07T12:41:09.154Z""}, ""updatedAt"": {""$date"": ""2026-09-07T12:41:09.154Z""}}",PLACED,2026-09-07T12:41:09.154Z
6a9eb0e529877fbd07f88e4b,com.gisma.advanced_database.shipment.adapter.secondary.mongo.entity.ShippingDBO,2026-09-07T12:41:09.759Z,02198b70-7539-42c7-a44c-aeb05a2f3989,"{""name"": ""Savings Account digital"", ""address"": {""street"": ""827 Homenick Rapid"", ""city"": ""92243 Abdul Plains"", ""state"": ""62601 Rosalind Orchard"", ""number"": ""66715694"", ""zipCode"": ""25381666"", ""district"": ""optical"", ""createdAt"": {""$date"": ""2026-09-07T12:41:09.759Z""}, ""updatedAt"": {""$date"": ""2026-09-07T12:41:09.759Z""}}, ""createdAt"": {""$date"": ""2026-09-07T12:41:09.759Z""}, ""updatedAt"": {""$date"": ""2026-09-07T12:41:09.759Z""}}",DELIVERED,2026-09-07T12:41:09.759Z
6a9eb0e629877fbd07f88e4c,com.gisma.advanced_database.shipment.adapter.secondary.mongo.entity.ShippingDBO,2026-09-07T12:41:10.344Z,bed9cbda-3d49-4594-a4df-f9790f94e1cd,"{""name"": ""Checking Account auxiliary"", ""address"": {""street"": ""8987 Ryan Pass"", ""city"": ""99133 Talia Orchard"", ""state"": ""760 Tiffany Court"", ""number"": ""64821755"", ""zipCode"": ""79130524"", ""district"": ""digital"", ""createdAt"": {""$date"": ""2026-09-07T12:41:10.344Z""}, ""updatedAt"": {""$date"": ""2026-09-07T12:41:10.344Z""}}, ""createdAt"": {""$date"": ""2026-09-07T12:41:10.344Z""}, ""updatedAt"": {""$date"": ""2026-09-07T12:41:10.344Z""}}",DELIVERED,2026-09-07T12:41:10.344Z
6a9eb0e629877fbd07f88e4d,com.gisma.advanced_database.shipment.adapter.secondary.mongo.entity.ShippingDBO,2026-09-07T12:41:10.871Z,42718200-3fe7-4905-88c3-90fb8a35f4fb,"{""name"": ""Investment Account redundant"", ""address"": {""street"": ""298 Floyd Lane"", ""city"": ""13635 Ottilie Mill"", ""state"": ""60490 Adams Avenue"", ""number"": ""70612690"", ""zipCode"": ""41452653"", ""district"": ""1080p"", ""createdAt"": {""$date"": ""2026-09-07T12:41:10.871Z""}, ""updatedAt"": {""$date"": ""2026-09-07T12:41:10.871Z""}}, ""createdAt"": {""$date"": ""2026-09-07T12:41:10.871Z""}, ""updatedAt"": {""$date"": ""2026-09-07T12:41:10.871Z""}}",PACKED,2026-09-07T12:41:10.871Z
6a9eb0e729877fbd07f88e4e,com.gisma.advanced_database.shipment.adapter.secondary.mongo.entity.ShippingDBO,2026-09-07T12:41:11.385Z,61a2bedb-a915-4886-93fd-303314ae61b4,"{""name"": ""Investment Account redundant"", ""address"": {""street"": ""21369 Monahan Point"", ""city"": ""384 Main Street S"", ""state"": ""6152 Domenick Points"", ""number"": ""33935507"", ""zipCode"": ""88814021"", ""district"": ""wireless"", ""createdAt"": {""$date"": ""2026-09-07T12:41:11.385Z""}, ""updatedAt"": {""$date"": ""2026-09-07T12:41:11.385Z""}}, ""createdAt"": {""$date"": ""2026-09-07T12:41:11.385Z""}, ""updatedAt"": {""$date"": ""2026-09-07T12:41:11.385Z""}}",DELIVERED,2026-09-07T12:41:11.385Z
6a9eb0e829877fbd07f88e4f,com.gisma.advanced_database.shipment.adapter.secondary.mongo.entity.ShippingDBO,2026-09-07T12:41:12.088Z,e0ba074e-1f61-4871-a812-f84442ef7e53,"{""name"": ""Personal Loan Account multi-byte"", ""address"": {""street"": ""657 Sammie Crossroad"", ""city"": ""8749 Kiehn Lake"", ""state"": ""16131 Konopelski Lock"", ""number"": ""63555334"", ""zipCode"": ""49195350"", ""district"": ""optical"", ""createdAt"": {""$date"": ""2026-09-07T12:41:12.088Z""}, ""updatedAt"": {""$date"": ""2026-09-07T12:41:12.088Z""}}, ""createdAt"": {""$date"": ""2026-09-07T12:41:12.088Z""}, ""updatedAt"": {""$date"": ""2026-09-07T12:41:12.088Z""}}",DELIVERED,2026-09-07T12:41:12.088Z
6a9eb0e829877fbd07f88e50,com.gisma.advanced_database.shipment.adapter.secondary.mongo.entity.ShippingDBO,2026-09-07T12:41:12.612Z,7b9c0998-4b08-488c-8edf-8a4b31b18dc9,"{""name"": ""Savings Account redundant"", ""address"": {""street"": ""8615 Hall Street"", ""city"": ""572 Hawthorn Avenue"", ""state"": ""4847 E 5th Street"", ""number"": ""84927617"", ""zipCode"": ""73142665"", ""district"": ""auxiliary"", ""createdAt"": {""$date"": ""2026-09-07T12:41:12.612Z""}, ""updatedAt"": {""$date"": ""2026-09-07T12:41:12.612Z""}}, ""createdAt"": {""$date"": ""2026-09-07T12:41:12.612Z""}, ""updatedAt"": {""$date"": ""2026-09-07T12:41:12.612Z""}}",TRANSIT,2026-09-07T12:41:12.612Z
6a9eb0e929877fbd07f88e51,com.gisma.advanced_database.shipment.adapter.secondary.mongo.entity.ShippingDBO,2026-09-07T12:41:13.141Z,32ed8887-7148-4510-a73d-8bc0ced5d7b4,"{""name"": ""Home Loan Account haptic"", ""address"": {""street"": ""61784 East Avenue"", ""city"": ""859 Bailey Bypass"", ""state"": ""137 Orin Pines"", ""number"": ""15948432"", ""zipCode"": ""60652243"", ""district"": ""mobile"", ""createdAt"": {""$date"": ""2026-09-07T12:41:13.141Z""}, ""updatedAt"": {""$date"": ""2026-09-07T12:41:13.141Z""}}, ""createdAt"": {""$date"": ""2026-09-07T12:41:13.141Z""}, ""updatedAt"": {""$date"": ""2026-09-07T12:41:13.141Z""}}",PLACED,2026-09-07T12:41:13.141Z
6a9eb0e929877fbd07f88e52,com.gisma.advanced_database.shipment.adapter.secondary.mongo.entity.ShippingDBO,2026-09-07T12:41:13.678Z,15b8a7f1-a5a7-44cc-a238-118a136979fa,"{""name"": ""Credit Card Account auxiliary"", ""address"": {""street"": ""2326 Broadway Street"", ""city"": ""70599 S West Street"", ""state"": ""16301 Joshuah Club"", ""number"": ""56422408"", ""zipCode"": ""34037121"", ""district"": ""redundant"", ""createdAt"": {""$date"": ""2026-09-07T12:41:13.678Z""}, ""updatedAt"": {""$date"": ""2026-09-07T12:41:13.678Z""}}, ""createdAt"": {""$date"": ""2026-09-07T12:41:13.678Z""}, ""updatedAt"": {""$date"": ""2026-09-07T12:41:13.678Z""}}",PACKED,2026-09-07T12:41:13.678Z
6a9eb0ea29877fbd07f88e53,com.gisma.advanced_database.shipment.adapter.secondary.mongo.entity.ShippingDBO,2026-09-07T12:41:14.202Z,50d4aa63-95df-4d47-9149-2a01a3143000,"{""name"": ""Credit Card Account back-end"", ""address"": {""street"": ""3899 Mann Loaf"", ""city"": ""4015 Arno Row"", ""state"": ""32069 4th Avenue"", ""number"": ""90588330"", ""zipCode"": ""95277958"", ""district"": ""bluetooth"", ""createdAt"": {""$date"": ""2026-09-07T12:41:14.202Z""}, ""updatedAt"": {""$date"": ""2026-09-07T12:41:14.202Z""}}, ""createdAt"": {""$date"": ""2026-09-07T12:41:14.202Z""}, ""updatedAt"": {""$date"": ""2026-09-07T12:41:14.202Z""}}",PACKED,2026-09-07T12:41:14.202Z
6a9eb0ea29877fbd07f88e54,com.gisma.advanced_database.shipment.adapter.secondary.mongo.entity.ShippingDBO,2026-09-07T12:41:14.670Z,bafe9f03-2f47-4a21-b2a0-4b757eb14d30,"{""name"": ""Investment Account digital"", ""address"": {""street"": ""8941 Jackson Avenue"", ""city"": ""72669 Larkin Locks"", ""state"": ""312 W 1st Street"", ""number"": ""50403147"", ""zipCode"": ""12436435"", ""district"": ""neural"", ""createdAt"": {""$date"": ""2026-09-07T12:41:14.670Z""}, ""updatedAt"": {""$date"": ""2026-09-07T12:41:14.670Z""}}, ""createdAt"": {""$date"": ""2026-09-07T12:41:14.670Z""}, ""updatedAt"": {""$date"": ""2026-09-07T12:41:14.670Z""}}",SHIPPED,2026-09-07T12:41:14.670Z
6a9eb0eb29877fbd07f88e55,com.gisma.advanced_database.shipment.adapter.secondary.mongo.entity.ShippingDBO,2026-09-07T12:41:15.195Z,108b54cd-b410-4537-be24-1ecaf5b27fa5,"{""name"": ""Money Market Account wireless"", ""address"": {""street"": ""579 Simeon Tunnel"", ""city"": ""5640 E 10th Street"", ""state"": ""70300 Vicarage Close"", ""number"": ""44345313"", ""zipCode"": ""20737589"", ""district"": ""redundant"", ""createdAt"": {""$date"": ""2026-09-07T12:41:15.195Z""}, ""updatedAt"": {""$date"": ""2026-09-07T12:41:15.195Z""}}, ""createdAt"": {""$date"": ""2026-09-07T12:41:15.195Z""}, ""updatedAt"": {""$date"": ""2026-09-07T12:41:15.195Z""}}",OUT_FOR_DELIVERY,2026-09-07T12:41:15.195Z
6a9eb0eb29877fbd07f88e56,com.gisma.advanced_database.shipment.adapter.secondary.mongo.entity.ShippingDBO,2026-09-07T12:41:15.689Z,7a8b9e6a-c359-437e-9641-7a2d4a7544ab,"{""name"": ""Credit Card Account primary"", ""address"": {""street"": ""426 Holly Close"", ""city"": ""384 Gertrude Falls"", ""state"": ""30325 2nd Avenue"", ""number"": ""07155936"", ""zipCode"": ""05857076"", ""district"": ""primary"", ""createdAt"": {""$date"": ""2026-09-07T12:41:15.689Z""}, ""updatedAt"": {""$date"": ""2026-09-07T12:41:15.689Z""}}, ""createdAt"": {""$date"": ""2026-09-07T12:41:15.689Z""}, ""updatedAt"": {""$date"": ""2026-09-07T12:41:15.689Z""}}",DELIVERED,2026-09-07T12:41:15.689Z
6a9eb0ec29877fbd07f88e57,com.gisma.advanced_database.shipment.adapter.secondary.mongo.entity.ShippingDBO,2026-09-07T12:41:16.190Z,d3ce5375-0061-4f5d-b278-a044622757b9,"{""name"": ""Savings Account cross-platform"", ""address"": {""street"": ""8065 Rafael Square"", ""city"": ""99372 Devyn Gardens"", ""state"": ""535 Marvin Skyway"", ""number"": ""61166227"", ""zipCode"": ""54361736"", ""district"": ""neural"", ""createdAt"": {""$date"": ""2026-09-07T12:41:16.190Z""}, ""updatedAt"": {""$date"": ""2026-09-07T12:41:16.190Z""}}, ""createdAt"": {""$date"": ""2026-09-07T12:41:16.190Z""}, ""updatedAt"": {""$date"": ""2026-09-07T12:41:16.190Z""}}",DELIVERED,2026-09-07T12:41:16.190Z
6a9eb0ec29877fbd07f88e58,com.gisma.advanced_database.shipment.adapter.secondary.mongo.entity.ShippingDBO,2026-09-07T12:41:16.856Z,b9928a11-12ae-46ae-83cb-cf599f970ec6,"{""name"": ""Checking Account optical"", ""address"": {""street"": ""168 Turner Park"", ""city"": ""62714 Sasha Curve"", ""state"": ""356 Emile Valleys"", ""number"": ""52512332"", ""zipCode"": ""89510452"", ""district"": ""virtual"", ""createdAt"": {""$date"": ""2026-09-07T12:41:16.856Z""}, ""updatedAt"": {""$date"": ""2026-09-07T12:41:16.856Z""}}, ""createdAt"": {""$date"": ""2026-09-07T12:41:16.856Z""}, ""updatedAt"": {""$date"": ""2026-09-07T12:41:16.856Z""}}",DELIVERED,2026-09-07T12:41:16.856Z
6a9eb12229877fbd07f88e59,com.gisma.advanced_database.shipment.adapter.secondary.mongo.entity.ShippingDBO,2026-09-07T12:42:10.735Z,beab170a-d406-41d3-b0a1-3b54eceb380b,"{""name"": ""Personal Loan Account online"", ""address"": {""street"": ""91662 Schinner Forks"", ""city"": ""542 Kuhic Valley"", ""state"": ""6085 Alvera Villages"", ""number"": ""33792669"", ""zipCode"": ""79623192"", ""district"": ""neural"", ""createdAt"": {""$date"": ""2026-09-07T12:42:10.735Z""}, ""updatedAt"": {""$date"": ""2026-09-07T12:42:10.735Z""}}, ""createdAt"": {""$date"": ""2026-09-07T12:42:10.735Z""}, ""updatedAt"": {""$date"": ""2026-09-07T12:42:10.735Z""}}",PLACED,2026-09-07T12:42:10.735Z
6a9eb12229877fbd07f88e5a,com.gisma.advanced_database.shipment.adapter.secondary.mongo.entity.ShippingDBO,2026-09-07T12:42:10.986Z,b7e6ebbf-3808-4684-9e3e-55dd693d9e35,"{""name"": ""Credit Card Account multi-byte"", ""address"": {""street"": ""6279 Mueller Mountains"", ""city"": ""3114 N Broadway"", ""state"": ""4471 1st Avenue"", ""number"": ""86671787"", ""zipCode"": ""55362222"", ""district"": ""optical"", ""createdAt"": {""$date"": ""2026-09-07T12:42:10.986Z""}, ""updatedAt"": {""$date"": ""2026-09-07T12:42:10.986Z""}}, ""createdAt"": {""$date"": ""2026-09-07T12:42:10.986Z""}, ""updatedAt"": {""$date"": ""2026-09-07T12:42:10.986Z""}}",TRANSIT,2026-09-07T12:42:10.986Z
6a9eb12329877fbd07f88e5b,com.gisma.advanced_database.shipment.adapter.secondary.mongo.entity.ShippingDBO,2026-09-07T12:42:11.198Z,d771773a-125e-482d-97cc-ddb303ed57c8,"{""name"": ""Auto Loan Account wireless"", ""address"": {""street"": ""602 Khalil Spurs"", ""city"": ""724 The Grove"", ""state"": ""7157 Wilderman Courts"", ""number"": ""95090347"", ""zipCode"": ""02407313"", ""district"": ""optical"", ""createdAt"": {""$date"": ""2026-09-07T12:42:11.198Z""}, ""updatedAt"": {""$date"": ""2026-09-07T12:42:11.198Z""}}, ""createdAt"": {""$date"": ""2026-09-07T12:42:11.198Z""}, ""updatedAt"": {""$date"": ""2026-09-07T12:42:11.198Z""}}",SHIPPED,2026-09-07T12:42:11.198Z
6a9eb12329877fbd07f88e5c,com.gisma.advanced_database.shipment.adapter.secondary.mongo.entity.ShippingDBO,2026-09-07T12:42:11.428Z,7ac71ce6-65e0-49e8-93ca-4b3a23e2ded5,"{""name"": ""Home Loan Account open-source"", ""address"": {""street"": ""596 N Bridge Street"", ""city"": ""8677 Joanie Flat"", ""state"": ""85209 Monroe Street"", ""number"": ""02738984"", ""zipCode"": ""01966010"", ""district"": ""multi-byte"", ""createdAt"": {""$date"": ""2026-09-07T12:42:11.428Z""}, ""updatedAt"": {""$date"": ""2026-09-07T12:42:11.428Z""}}, ""createdAt"": {""$date"": ""2026-09-07T12:42:11.428Z""}, ""updatedAt"": {""$date"": ""2026-09-07T12:42:11.428Z""}}",DELIVERED,2026-09-07T12:42:11.428Z
6a9eb12329877fbd07f88e5d,com.gisma.advanced_database.shipment.adapter.secondary.mongo.entity.ShippingDBO,2026-09-07T12:42:11.649Z,876b9ea5-4a95-4608-b1c4-40a0b282afba,"{""name"": ""Savings Account cross-platform"", ""address"": {""street"": ""36259 Esteban Forge"", ""city"": ""196 Wilkinson Island"", ""state"": ""404 Derby Road"", ""number"": ""48935858"", ""zipCode"": ""89746132"", ""district"": ""optical"", ""createdAt"": {""$date"": ""2026-09-07T12:42:11.649Z""}, ""updatedAt"": {""$date"": ""2026-09-07T12:42:11.649Z""}}, ""createdAt"": {""$date"": ""2026-09-07T12:42:11.649Z""}, ""updatedAt"": {""$date"": ""2026-09-07T12:42:11.649Z""}}",DELIVERED,2026-09-07T12:42:11.649Z
6a9eb12329877fbd07f88e5e,com.gisma.advanced_database.shipment.adapter.secondary.mongo.entity.ShippingDBO,2026-09-07T12:42:11.900Z,e6d34067-cf83-4222-8873-460db5453d21,"{""name"": ""Savings Account digital"", ""address"": {""street"": ""86074 Raheem Throughway"", ""city"": ""30525 Lincoln Road"", ""state"": ""906 Ward View"", ""number"": ""17748839"", ""zipCode"": ""98845548"", ""district"": ""mobile"", ""createdAt"": {""$date"": ""2026-09-07T12:42:11.900Z""}, ""updatedAt"": {""$date"": ""2026-09-07T12:42:11.900Z""}}, ""createdAt"": {""$date"": ""2026-09-07T12:42:11.900Z""}, ""updatedAt"": {""$date"": ""2026-09-07T12:42:11.900Z""}}",OUT_FOR_DELIVERY,2026-09-07T12:42:11.900Z
6a9eb12429877fbd07f88e5f,com.gisma.advanced_database.shipment.adapter.secondary.mongo.entity.ShippingDBO,2026-09-07T12:42:12.114Z,3d665892-4c92-490c-a410-2caa93ec58cd,"{""name"": ""Personal Loan Account online"", ""address"": {""street"": ""704 Westfield Road"", ""city"": ""2298 Water Street"", ""state"": ""54373 Considine Hollow"", ""number"": ""00773704"", ""zipCode"": ""90792081"", ""district"": ""digital"", ""createdAt"": {""$date"": ""2026-09-07T12:42:12.114Z""}, ""updatedAt"": {""$date"": ""2026-09-07T12:42:12.114Z""}}, ""createdAt"": {""$date"": ""2026-09-07T12:42:12.114Z""}, ""updatedAt"": {""$date"": ""2026-09-07T12:42:12.114Z""}}",OUT_FOR_DELIVERY,2026-09-07T12:42:12.114Z
6a9eb12429877fbd07f88e60,com.gisma.advanced_database.shipment.adapter.secondary.mongo.entity.ShippingDBO,2026-09-07T12:42:12.318Z,d045627a-9a6e-4460-9c11-bbf76dad0c68,"{""name"": ""Savings Account auxiliary"", ""address"": {""street"": ""974 Kutch Corner"", ""city"": ""67157 Howe Inlet"", ""state"": ""194 Skiles Crossroad"", ""number"": ""74943198"", ""zipCode"": ""45819716"", ""district"": ""multi-byte"", ""createdAt"": {""$date"": ""2026-09-07T12:42:12.318Z""}, ""updatedAt"": {""$date"": ""2026-09-07T12:42:12.318Z""}}, ""createdAt"": {""$date"": ""2026-09-07T12:42:12.318Z""}, ""updatedAt"": {""$date"": ""2026-09-07T12:42:12.318Z""}}",DELIVERED,2026-09-07T12:42:12.318Z
6a9eb12429877fbd07f88e61,com.gisma.advanced_database.shipment.adapter.secondary.mongo.entity.ShippingDBO,2026-09-07T12:42:12.545Z,d2a582c7-532f-4e25-9cbc-fe3860f381d8,"{""name"": ""Money Market Account back-end"", ""address"": {""street"": ""713 Brent Greens"", ""city"": ""33714 Hudson Villages"", ""state"": ""311 S 14th Street"", ""number"": ""23691112"", ""zipCode"": ""90303007"", ""district"": ""neural"", ""createdAt"": {""$date"": ""2026-09-07T12:42:12.545Z""}, ""updatedAt"": {""$date"": ""2026-09-07T12:42:12.545Z""}}, ""createdAt"": {""$date"": ""2026-09-07T12:42:12.545Z""}, ""updatedAt"": {""$date"": ""2026-09-07T12:42:12.545Z""}}",SHIPPED,2026-09-07T12:42:12.545Z
6a9eb12429877fbd07f88e62,com.gisma.advanced_database.shipment.adapter.secondary.mongo.entity.ShippingDBO,2026-09-07T12:42:12.758Z,14fb4df7-8f6c-432c-a3f7-88f9267b18ed,"{""name"": ""Credit Card Account auxiliary"", ""address"": {""street"": ""43826 Koelpin Stravenue"", ""city"": ""57631 Fisher Falls"", ""state"": ""598 Garden Street"", ""number"": ""05661596"", ""zipCode"": ""19198857"", ""district"": ""digital"", ""createdAt"": {""$date"": ""2026-09-07T12:42:12.758Z""}, ""updatedAt"": {""$date"": ""2026-09-07T12:42:12.758Z""}}, ""createdAt"": {""$date"": ""2026-09-07T12:42:12.758Z""}, ""updatedAt"": {""$date"": ""2026-09-07T12:42:12.758Z""}}",PLACED,2026-09-07T12:42:12.758Z
6a9eb12429877fbd07f88e63,com.gisma.advanced_database.shipment.adapter.secondary.mongo.entity.ShippingDBO,2026-09-07T12:42:12.967Z,867a4c7d-6e91-4202-b3d9-6823aa1d61fb,"{""name"": ""Credit Card Account solid state"", ""address"": {""street"": ""3977 Vicarage Road"", ""city"": ""853 Woodlands Close"", ""state"": ""746 Schinner Skyway"", ""number"": ""26897026"", ""zipCode"": ""93286728"", ""district"": ""neural"", ""createdAt"": {""$date"": ""2026-09-07T12:42:12.967Z""}, ""updatedAt"": {""$date"": ""2026-09-07T12:42:12.967Z""}}, ""createdAt"": {""$date"": ""2026-09-07T12:42:12.967Z""}, ""updatedAt"": {""$date"": ""2026-09-07T12:42:12.967Z""}}",PACKED,2026-09-07T12:42:12.967Z
6a9eb12529877fbd07f88e64,com.gisma.advanced_database.shipment.adapter.secondary.mongo.entity.ShippingDBO,2026-09-07T12:42:13.188Z,0bc15cea-f979-480e-a7b7-02eb348f3e5d,"{""name"": ""Money Market Account auxiliary"", ""address"": {""street"": ""67200 Okuneva Parks"", ""city"": ""791 Walsh Junction"", ""state"": ""493 Hagenes Estates"", ""number"": ""55085612"", ""zipCode"": ""82394464"", ""district"": ""redundant"", ""createdAt"": {""$date"": ""2026-09-07T12:42:13.188Z""}, ""updatedAt"": {""$date"": ""2026-09-07T12:42:13.188Z""}}, ""createdAt"": {""$date"": ""2026-09-07T12:42:13.188Z""}, ""updatedAt"": {""$date"": ""2026-09-07T12:42:13.188Z""}}",TRANSIT,2026-09-07T12:42:13.188Z
6a9eb12529877fbd07f88e65,com.gisma.advanced_database.shipment.adapter.secondary.mongo.entity.ShippingDBO,2026-09-07T12:42:13.408Z,734af4af-d203-4d16-8fdf-fee63b7e0d8c,"{""name"": ""Auto Loan Account auxiliary"", ""address"": {""street"": ""30323 Wolf Dam"", ""city"": ""6746 Bartell Summit"", ""state"": ""37204 Steuber Oval"", ""number"": ""55722940"", ""zipCode"": ""29765839"", ""district"": ""auxiliary"", ""createdAt"": {""$date"": ""2026-09-07T12:42:13.408Z""}, ""updatedAt"": {""$date"": ""2026-09-07T12:42:13.408Z""}}, ""createdAt"": {""$date"": ""2026-09-07T12:42:13.408Z""}, ""updatedAt"": {""$date"": ""2026-09-07T12:42:13.408Z""}}",SHIPPED,2026-09-07T12:42:13.408Z
6a9eb12529877fbd07f88e66,com.gisma.advanced_database.shipment.adapter.secondary.mongo.entity.ShippingDBO,2026-09-07T12:42:13.642Z,548ee1a4-b361-44dc-8456-3e8d079f932f,"{""name"": ""Personal Loan Account digital"", ""address"": {""street"": ""98904 Ocie Fields"", ""city"": ""783 Mertz Stravenue"", ""state"": ""314 Levi Drives"", ""number"": ""07237137"", ""zipCode"": ""19950439"", ""district"": ""haptic"", ""createdAt"": {""$date"": ""2026-09-07T12:42:13.642Z""}, ""updatedAt"": {""$date"": ""2026-09-07T12:42:13.642Z""}}, ""createdAt"": {""$date"": ""2026-09-07T12:42:13.642Z""}, ""updatedAt"": {""$date"": ""2026-09-07T12:42:13.642Z""}}",TRANSIT,2026-09-07T12:42:13.643Z
6a9eb12529877fbd07f88e67,com.gisma.advanced_database.shipment.adapter.secondary.mongo.entity.ShippingDBO,2026-09-07T12:42:13.878Z,54c19e2f-9f31-4955-a6ce-1d81051aee97,"{""name"": ""Auto Loan Account open-source"", ""address"": {""street"": ""5501 Kade Canyon"", ""city"": ""8586 E Main Street"", ""state"": ""39622 Park Place"", ""number"": ""33908289"", ""zipCode"": ""64172180"", ""district"": ""back-end"", ""createdAt"": {""$date"": ""2026-09-07T12:42:13.878Z""}, ""updatedAt"": {""$date"": ""2026-09-07T12:42:13.878Z""}}, ""createdAt"": {""$date"": ""2026-09-07T12:42:13.878Z""}, ""updatedAt"": {""$date"": ""2026-09-07T12:42:13.878Z""}}",OUT_FOR_DELIVERY,2026-09-07T12:42:13.878Z
6a9eb12629877fbd07f88e68,com.gisma.advanced_database.shipment.adapter.secondary.mongo.entity.ShippingDBO,2026-09-07T12:42:14.172Z,f73dbb44-95ae-4873-b06d-cdd3390dd2bc,"{""name"": ""Credit Card Account neural"", ""address"": {""street"": ""23569 Elmore Mill"", ""city"": ""4565 Margarita Mountain"", ""state"": ""832 Woodside"", ""number"": ""14066646"", ""zipCode"": ""95159445"", ""district"": ""bluetooth"", ""createdAt"": {""$date"": ""2026-09-07T12:42:14.172Z""}, ""updatedAt"": {""$date"": ""2026-09-07T12:42:14.172Z""}}, ""createdAt"": {""$date"": ""2026-09-07T12:42:14.172Z""}, ""updatedAt"": {""$date"": ""2026-09-07T12:42:14.172Z""}}",PLACED,2026-09-07T12:42:14.172Z
6a9eb12629877fbd07f88e69,com.gisma.advanced_database.shipment.adapter.secondary.mongo.entity.ShippingDBO,2026-09-07T12:42:14.393Z,96fa7831-7a58-48cf-86fc-df199eed8a63,"{""name"": ""Credit Card Account virtual"", ""address"": {""street"": ""550 Hickory Street"", ""city"": ""154 Arden Divide"", ""state"": ""315 Silver Street"", ""number"": ""98503736"", ""zipCode"": ""07779342"", ""district"": ""mobile"", ""createdAt"": {""$date"": ""2026-09-07T12:42:14.393Z""}, ""updatedAt"": {""$date"": ""2026-09-07T12:42:14.393Z""}}, ""createdAt"": {""$date"": ""2026-09-07T12:42:14.393Z""}, ""updatedAt"": {""$date"": ""2026-09-07T12:42:14.393Z""}}",PACKED,2026-09-07T12:42:14.393Z
6a9eb12629877fbd07f88e6a,com.gisma.advanced_database.shipment.adapter.secondary.mongo.entity.ShippingDBO,2026-09-07T12:42:14.627Z,901957c4-e979-403d-a61b-2829248a1cf0,"{""name"": ""Checking Account haptic"", ""address"": {""street"": ""984 W Central Avenue"", ""city"": ""9208 Columbia Avenue"", ""state"": ""458 N Pearl Street"", ""number"": ""98368773"", ""zipCode"": ""75823919"", ""district"": ""1080p"", ""createdAt"": {""$date"": ""2026-09-07T12:42:14.627Z""}, ""updatedAt"": {""$date"": ""2026-09-07T12:42:14.627Z""}}, ""createdAt"": {""$date"": ""2026-09-07T12:42:14.627Z""}, ""updatedAt"": {""$date"": ""2026-09-07T12:42:14.627Z""}}",DELIVERED,2026-09-07T12:42:14.627Z
6a9eb12629877fbd07f88e6b,com.gisma.advanced_database.shipment.adapter.secondary.mongo.entity.ShippingDBO,2026-09-07T12:42:14.852Z,c9906f28-362e-4468-aca7-e1548d0fe4d3,"{""name"": ""Credit Card Account auxiliary"", ""address"": {""street"": ""602 Third Avenue"", ""city"": ""622 E 14th Street"", ""state"": ""2626 Aryanna Extensions"", ""number"": ""77448880"", ""zipCode"": ""26861835"", ""district"": ""optical"", ""createdAt"": {""$date"": ""2026-09-07T12:42:14.852Z""}, ""updatedAt"": {""$date"": ""2026-09-07T12:42:14.852Z""}}, ""createdAt"": {""$date"": ""2026-09-07T12:42:14.852Z""}, ""updatedAt"": {""$date"": ""2026-09-07T12:42:14.852Z""}}",PLACED,2026-09-07T12:42:14.852Z
6a9eb12729877fbd07f88e6c,com.gisma.advanced_database.shipment.adapter.secondary.mongo.entity.ShippingDBO,2026-09-07T12:42:15.070Z,4ea38e13-cab4-4ad9-bbae-75ddbcea6a62,"{""name"": ""Checking Account virtual"", ""address"": {""street"": ""531 Mariane Summit"", ""city"": ""1162 Ali Freeway"", ""state"": ""84467 Nikko Garden"", ""number"": ""87231726"", ""zipCode"": ""94213012"", ""district"": ""optical"", ""createdAt"": {""$date"": ""2026-09-07T12:42:15.070Z""}, ""updatedAt"": {""$date"": ""2026-09-07T12:42:15.070Z""}}, ""createdAt"": {""$date"": ""2026-09-07T12:42:15.070Z""}, ""updatedAt"": {""$date"": ""2026-09-07T12:42:15.070Z""}}",SHIPPED,2026-09-07T12:42:15.070Z
6a9eb12729877fbd07f88e6d,com.gisma.advanced_database.shipment.adapter.secondary.mongo.entity.ShippingDBO,2026-09-07T12:42:15.288Z,bf6ac813-9c52-40b7-8795-fc9f2fb3e26f,"{""name"": ""Home Loan Account primary"", ""address"": {""street"": ""1373 N 3rd Street"", ""city"": ""358 Union Avenue"", ""state"": ""83008 Jerod Mill"", ""number"": ""15810130"", ""zipCode"": ""74305913"", ""district"": ""auxiliary"", ""createdAt"": {""$date"": ""2026-09-07T12:42:15.288Z""}, ""updatedAt"": {""$date"": ""2026-09-07T12:42:15.288Z""}}, ""createdAt"": {""$date"": ""2026-09-07T12:42:15.288Z""}, ""updatedAt"": {""$date"": ""2026-09-07T12:42:15.288Z""}}",SHIPPED,2026-09-07T12:42:15.288Z
6a9eb12729877fbd07f88e6e,com.gisma.advanced_database.shipment.adapter.secondary.mongo.entity.ShippingDBO,2026-09-07T12:42:15.508Z,0ae9f3c0-5e4b-4271-b771-a09a92bcf582,"{""name"": ""Home Loan Account optical"", ""address"": {""street"": ""5900 Nikolaus Expressway"", ""city"": ""55218 Tristin Bypass"", ""state"": ""2983 Talbot Road"", ""number"": ""60094348"", ""zipCode"": ""97351213"", ""district"": ""primary"", ""createdAt"": {""$date"": ""2026-09-07T12:42:15.508Z""}, ""updatedAt"": {""$date"": ""2026-09-07T12:42:15.508Z""}}, ""createdAt"": {""$date"": ""2026-09-07T12:42:15.508Z""}, ""updatedAt"": {""$date"": ""2026-09-07T12:42:15.508Z""}}",OUT_FOR_DELIVERY,2026-09-07T12:42:15.508Z
6a9eb12729877fbd07f88e6f,com.gisma.advanced_database.shipment.adapter.secondary.mongo.entity.ShippingDBO,2026-09-07T12:42:15.736Z,3d865d62-464a-444a-852f-93b83fb36dec,"{""name"": ""Personal Loan Account wireless"", ""address"": {""street"": ""277 Earlene Locks"", ""city"": ""99965 Cambridge Street"", ""state"": ""604 Schmidt Stream"", ""number"": ""87501979"", ""zipCode"": ""30293831"", ""district"": ""optical"", ""createdAt"": {""$date"": ""2026-09-07T12:42:15.736Z""}, ""updatedAt"": {""$date"": ""2026-09-07T12:42:15.736Z""}}, ""createdAt"": {""$date"": ""2026-09-07T12:42:15.736Z""}, ""updatedAt"": {""$date"": ""2026-09-07T12:42:15.736Z""}}",DELIVERED,2026-09-07T12:42:15.736Z
6a9eb12729877fbd07f88e70,com.gisma.advanced_database.shipment.adapter.secondary.mongo.entity.ShippingDBO,2026-09-07T12:42:15.962Z,37127135-8b39-48b8-bb53-897f6e851c4c,"{""name"": ""Auto Loan Account redundant"", ""address"": {""street"": ""5773 Leffler Loop"", ""city"": ""4812 Cedar Road"", ""state"": ""90889 Austyn Cliff"", ""number"": ""54872273"", ""zipCode"": ""25595448"", ""district"": ""digital"", ""createdAt"": {""$date"": ""2026-09-07T12:42:15.962Z""}, ""updatedAt"": {""$date"": ""2026-09-07T12:42:15.962Z""}}, ""createdAt"": {""$date"": ""2026-09-07T12:42:15.962Z""}, ""updatedAt"": {""$date"": ""2026-09-07T12:42:15.962Z""}}",TRANSIT,2026-09-07T12:42:15.962Z
6a9eb12829877fbd07f88e71,com.gisma.advanced_database.shipment.adapter.secondary.mongo.entity.ShippingDBO,2026-09-07T12:42:16.208Z,b745998c-1e0d-4146-8a4b-743ffcbdb5c9,"{""name"": ""Savings Account wireless"", ""address"": {""street"": ""819 Melisa Manors"", ""city"": ""37628 Koch Landing"", ""state"": ""17650 Schultz Place"", ""number"": ""89542095"", ""zipCode"": ""51538517"", ""district"": ""redundant"", ""createdAt"": {""$date"": ""2026-09-07T12:42:16.208Z""}, ""updatedAt"": {""$date"": ""2026-09-07T12:42:16.208Z""}}, ""createdAt"": {""$date"": ""2026-09-07T12:42:16.208Z""}, ""updatedAt"": {""$date"": ""2026-09-07T12:42:16.208Z""}}",PACKED,2026-09-07T12:42:16.208Z
6a9eb12829877fbd07f88e72,com.gisma.advanced_database.shipment.adapter.secondary.mongo.entity.ShippingDBO,2026-09-07T12:42:16.446Z,68f51e69-eb72-413f-ba55-0e5ec30c2071,"{""name"": ""Auto Loan Account online"", ""address"": {""street"": ""6120 The Croft"", ""city"": ""53424 Pennsylvania Avenue"", ""state"": ""297 Hand Lights"", ""number"": ""71500218"", ""zipCode"": ""87231916"", ""district"": ""redundant"", ""createdAt"": {""$date"": ""2026-09-07T12:42:16.446Z""}, ""updatedAt"": {""$date"": ""2026-09-07T12:42:16.446Z""}}, ""createdAt"": {""$date"": ""2026-09-07T12:42:16.446Z""}, ""updatedAt"": {""$date"": ""2026-09-07T12:42:16.446Z""}}",PLACED,2026-09-07T12:42:16.446Z
6a9eb12829877fbd07f88e73,com.gisma.advanced_database.shipment.adapter.secondary.mongo.entity.ShippingDBO,2026-09-07T12:42:16.705Z,e07004f3-e16f-47ff-a95a-4c29ebdffe21,"{""name"": ""Checking Account bluetooth"", ""address"": {""street"": ""1294 Wilkinson Corner"", ""city"": ""1715 West Avenue"", ""state"": ""68488 Parker Plaza"", ""number"": ""85489131"", ""zipCode"": ""32697217"", ""district"": ""digital"", ""createdAt"": {""$date"": ""2026-09-07T12:42:16.705Z""}, ""updatedAt"": {""$date"": ""2026-09-07T12:42:16.705Z""}}, ""createdAt"": {""$date"": ""2026-09-07T12:42:16.705Z""}, ""updatedAt"": {""$date"": ""2026-09-07T12:42:16.705Z""}}",TRANSIT,2026-09-07T12:42:16.705Z
6a9eb12829877fbd07f88e74,com.gisma.advanced_database.shipment.adapter.secondary.mongo.entity.ShippingDBO,2026-09-07T12:42:16.938Z,209beff7-03a7-4658-a3b8-1489c7b1bb96,"{""name"": ""Auto Loan Account online"", ""address"": {""street"": ""358 Highfield Avenue"", ""city"": ""37306 South Street"", ""state"": ""941 Sylvan Lakes"", ""number"": ""19552308"", ""zipCode"": ""58595002"", ""district"": ""bluetooth"", ""createdAt"": {""$date"": ""2026-09-07T12:42:16.938Z""}, ""updatedAt"": {""$date"": ""2026-09-07T12:42:16.938Z""}}, ""createdAt"": {""$date"": ""2026-09-07T12:42:16.938Z""}, ""updatedAt"": {""$date"": ""2026-09-07T12:42:16.938Z""}}",DELIVERED,2026-09-07T12:42:16.938Z
6a9eb12929877fbd07f88e75,com.gisma.advanced_database.shipment.adapter.secondary.mongo.entity.ShippingDBO,2026-09-07T12:42:17.178Z,2eb1b886-54f2-4f51-8793-e40b2c071359,"{""name"": ""Auto Loan Account online"", ""address"": {""street"": ""512 The Oval"", ""city"": ""7939 Hermiston Islands"", ""state"": ""9223 S Division Street"", ""number"": ""60916502"", ""zipCode"": ""98688753"", ""district"": ""online"", ""createdAt"": {""$date"": ""2026-09-07T12:42:17.178Z""}, ""updatedAt"": {""$date"": ""2026-09-07T12:42:17.178Z""}}, ""createdAt"": {""$date"": ""2026-09-07T12:42:17.178Z""}, ""updatedAt"": {""$date"": ""2026-09-07T12:42:17.178Z""}}",PACKED,2026-09-07T12:42:17.178Z
6a9eb12929877fbd07f88e76,com.gisma.advanced_database.shipment.adapter.secondary.mongo.entity.ShippingDBO,2026-09-07T12:42:17.428Z,23226c6c-3b0d-4956-929e-2c0e95e3be53,"{""name"": ""Checking Account wireless"", ""address"": {""street"": ""3593 Spencer Divide"", ""city"": ""409 Cherry Tree Close"", ""state"": ""371 Roberts Dale"", ""number"": ""83017917"", ""zipCode"": ""38343946"", ""district"": ""multi-byte"", ""createdAt"": {""$date"": ""2026-09-07T12:42:17.428Z""}, ""updatedAt"": {""$date"": ""2026-09-07T12:42:17.428Z""}}, ""createdAt"": {""$date"": ""2026-09-07T12:42:17.428Z""}, ""updatedAt"": {""$date"": ""2026-09-07T12:42:17.428Z""}}",PLACED,2026-09-07T12:42:17.428Z
6a9eb12929877fbd07f88e77,com.gisma.advanced_database.shipment.adapter.secondary.mongo.entity.ShippingDBO,2026-09-07T12:42:17.677Z,e05466f0-6652-4205-96c6-3529d2d02510,"{""name"": ""Investment Account back-end"", ""address"": {""street"": ""1957 Stokes Cove"", ""city"": ""2769 Leannon Ford"", ""state"": ""7257 Highfield Road"", ""number"": ""43029743"", ""zipCode"": ""53883642"", ""district"": ""back-end"", ""createdAt"": {""$date"": ""2026-09-07T12:42:17.677Z""}, ""updatedAt"": {""$date"": ""2026-09-07T12:42:17.677Z""}}, ""createdAt"": {""$date"": ""2026-09-07T12:42:17.677Z""}, ""updatedAt"": {""$date"": ""2026-09-07T12:42:17.677Z""}}",PACKED,2026-09-07T12:42:17.677Z
6a9eb12929877fbd07f88e78,com.gisma.advanced_database.shipment.adapter.secondary.mongo.entity.ShippingDBO,2026-09-07T12:42:17.920Z,d305d0be-25e9-40c8-9a16-235318251cc7,"{""name"": ""Home Loan Account mobile"", ""address"": {""street"": ""61721 N 6th Street"", ""city"": ""389 Chester Road"", ""state"": ""77921 Gwen Alley"", ""number"": ""38372039"", ""zipCode"": ""30722616"", ""district"": ""multi-byte"", ""createdAt"": {""$date"": ""2026-09-07T12:42:17.920Z""}, ""updatedAt"": {""$date"": ""2026-09-07T12:42:17.920Z""}}, ""createdAt"": {""$date"": ""2026-09-07T12:42:17.920Z""}, ""updatedAt"": {""$date"": ""2026-09-07T12:42:17.920Z""}}",DELIVERED,2026-09-07T12:42:17.920Z
6a9eb12a29877fbd07f88e79,com.gisma.advanced_database.shipment.adapter.secondary.mongo.entity.ShippingDBO,2026-09-07T12:42:18.189Z,35471bb2-52d6-47d1-b123-f72cf873669e,"{""name"": ""Savings Account bluetooth"", ""address"": {""street"": ""413 Morissette Spur"", ""city"": ""782 Ramona Mountains"", ""state"": ""19668 Gibson Pines"", ""number"": ""43040816"", ""zipCode"": ""84186986"", ""district"": ""solid state"", ""createdAt"": {""$date"": ""2026-09-07T12:42:18.189Z""}, ""updatedAt"": {""$date"": ""2026-09-07T12:42:18.189Z""}}, ""createdAt"": {""$date"": ""2026-09-07T12:42:18.189Z""}, ""updatedAt"": {""$date"": ""2026-09-07T12:42:18.189Z""}}",PACKED,2026-09-07T12:42:18.189Z
6a9eb12a29877fbd07f88e7a,com.gisma.advanced_database.shipment.adapter.secondary.mongo.entity.ShippingDBO,2026-09-07T12:42:18.462Z,bde1db1b-69d5-471e-b8f0-09feddf39f7c,"{""name"": ""Auto Loan Account open-source"", ""address"": {""street"": ""5943 Koss Turnpike"", ""city"": ""400 Quarry Lane"", ""state"": ""69776 Hintz Manor"", ""number"": ""41347877"", ""zipCode"": ""48780452"", ""district"": ""virtual"", ""createdAt"": {""$date"": ""2026-09-07T12:42:18.462Z""}, ""updatedAt"": {""$date"": ""2026-09-07T12:42:18.462Z""}}, ""createdAt"": {""$date"": ""2026-09-07T12:42:18.462Z""}, ""updatedAt"": {""$date"": ""2026-09-07T12:42:18.462Z""}}",OUT_FOR_DELIVERY,2026-09-07T12:42:18.462Z
6a9eb12a29877fbd07f88e7b,com.gisma.advanced_database.shipment.adapter.secondary.mongo.entity.ShippingDBO,2026-09-07T12:42:18.775Z,7f3e417e-0011-4320-b429-e952db5a8aab,"{""name"": ""Savings Account digital"", ""address"": {""street"": ""507 Oak Avenue"", ""city"": ""3270 Prosacco Cliff"", ""state"": ""5152 Nasir Pass"", ""number"": ""70362361"", ""zipCode"": ""81686135"", ""district"": ""multi-byte"", ""createdAt"": {""$date"": ""2026-09-07T12:42:18.775Z""}, ""updatedAt"": {""$date"": ""2026-09-07T12:42:18.775Z""}}, ""createdAt"": {""$date"": ""2026-09-07T12:42:18.775Z""}, ""updatedAt"": {""$date"": ""2026-09-07T12:42:18.775Z""}}",TRANSIT,2026-09-07T12:42:18.775Z
6a9eb12b29877fbd07f88e7c,com.gisma.advanced_database.shipment.adapter.secondary.mongo.entity.ShippingDBO,2026-09-07T12:42:19.018Z,f2ef00f7-2134-4436-a240-1c4d88de2312,"{""name"": ""Auto Loan Account multi-byte"", ""address"": {""street"": ""56384 Oxford Road"", ""city"": ""485 Delilah Mountains"", ""state"": ""70445 O'Keefe Knoll"", ""number"": ""79100611"", ""zipCode"": ""51586105"", ""district"": ""multi-byte"", ""createdAt"": {""$date"": ""2026-09-07T12:42:19.018Z""}, ""updatedAt"": {""$date"": ""2026-09-07T12:42:19.018Z""}}, ""createdAt"": {""$date"": ""2026-09-07T12:42:19.018Z""}, ""updatedAt"": {""$date"": ""2026-09-07T12:42:19.018Z""}}",DELIVERED,2026-09-07T12:42:19.018Z
6a9eb12b29877fbd07f88e7d,com.gisma.advanced_database.shipment.adapter.secondary.mongo.entity.ShippingDBO,2026-09-07T12:42:19.288Z,b3db3b18-8c83-4b7e-8007-80f580bc1af9,"{""name"": ""Auto Loan Account primary"", ""address"": {""street"": ""84893 W Grand Avenue"", ""city"": ""63714 Enrique Summit"", ""state"": ""97021 E Jefferson Street"", ""number"": ""73850371"", ""zipCode"": ""37454032"", ""district"": ""solid state"", ""createdAt"": {""$date"": ""2026-09-07T12:42:19.287Z""}, ""updatedAt"": {""$date"": ""2026-09-07T12:42:19.287Z""}}, ""createdAt"": {""$date"": ""2026-09-07T12:42:19.288Z""}, ""updatedAt"": {""$date"": ""2026-09-07T12:42:19.288Z""}}",PACKED,2026-09-07T12:42:19.288Z
6a9eb12b29877fbd07f88e7e,com.gisma.advanced_database.shipment.adapter.secondary.mongo.entity.ShippingDBO,2026-09-07T12:42:19.536Z,34437b14-01b8-462c-8dc6-c6dc41e626f4,"{""name"": ""Checking Account mobile"", ""address"": {""street"": ""567 Hillard Ville"", ""city"": ""76421 Ritchie Gateway"", ""state"": ""94292 Bethany Villages"", ""number"": ""62237355"", ""zipCode"": ""15482075"", ""district"": ""digital"", ""createdAt"": {""$date"": ""2026-09-07T12:42:19.535Z""}, ""updatedAt"": {""$date"": ""2026-09-07T12:42:19.535Z""}}, ""createdAt"": {""$date"": ""2026-09-07T12:42:19.535Z""}, ""updatedAt"": {""$date"": ""2026-09-07T12:42:19.535Z""}}",PACKED,2026-09-07T12:42:19.536Z
6a9eb12b29877fbd07f88e7f,com.gisma.advanced_database.shipment.adapter.secondary.mongo.entity.ShippingDBO,2026-09-07T12:42:19.778Z,a098cce3-7e26-446d-9232-604568d4eb57,"{""name"": ""Personal Loan Account open-source"", ""address"": {""street"": ""788 S Washington Street"", ""city"": ""7275 Dietrich Circles"", ""state"": ""91115 Water Lane"", ""number"": ""29695130"", ""zipCode"": ""30627835"", ""district"": ""1080p"", ""createdAt"": {""$date"": ""2026-09-07T12:42:19.778Z""}, ""updatedAt"": {""$date"": ""2026-09-07T12:42:19.778Z""}}, ""createdAt"": {""$date"": ""2026-09-07T12:42:19.778Z""}, ""updatedAt"": {""$date"": ""2026-09-07T12:42:19.778Z""}}",PACKED,2026-09-07T12:42:19.778Z
6a9eb12c29877fbd07f88e80,com.gisma.advanced_database.shipment.adapter.secondary.mongo.entity.ShippingDBO,2026-09-07T12:42:20.056Z,0d0e91ec-e99e-49c7-9193-1c04c5ba7c95,"{""name"": ""Home Loan Account virtual"", ""address"": {""street"": ""80467 Princess Wells"", ""city"": ""16319 Lura Land"", ""state"": ""80594 Alma Street"", ""number"": ""94896020"", ""zipCode"": ""82811920"", ""district"": ""bluetooth"", ""createdAt"": {""$date"": ""2026-09-07T12:42:20.056Z""}, ""updatedAt"": {""$date"": ""2026-09-07T12:42:20.056Z""}}, ""createdAt"": {""$date"": ""2026-09-07T12:42:20.056Z""}, ""updatedAt"": {""$date"": ""2026-09-07T12:42:20.056Z""}}",TRANSIT,2026-09-07T12:42:20.056Z
6a9eb12c29877fbd07f88e81,com.gisma.advanced_database.shipment.adapter.secondary.mongo.entity.ShippingDBO,2026-09-07T12:42:20.308Z,d733dea3-0ae7-453a-b500-dbbc0869fb07,"{""name"": ""Savings Account back-end"", ""address"": {""street"": ""878 Damon Ports"", ""city"": ""3582 Kenneth Skyway"", ""state"": ""22316 East Road"", ""number"": ""40329873"", ""zipCode"": ""02516174"", ""district"": ""digital"", ""createdAt"": {""$date"": ""2026-09-07T12:42:20.308Z""}, ""updatedAt"": {""$date"": ""2026-09-07T12:42:20.308Z""}}, ""createdAt"": {""$date"": ""2026-09-07T12:42:20.308Z""}, ""updatedAt"": {""$date"": ""2026-09-07T12:42:20.308Z""}}",PACKED,2026-09-07T12:42:20.308Z
6a9eb12c29877fbd07f88e82,com.gisma.advanced_database.shipment.adapter.secondary.mongo.entity.ShippingDBO,2026-09-07T12:42:20.584Z,d567decb-3fd4-44c7-8640-25e39b537ebb,"{""name"": ""Checking Account redundant"", ""address"": {""street"": ""544 Callie Roads"", ""city"": ""176 Cross Street"", ""state"": ""5441 Brain Bypass"", ""number"": ""14264739"", ""zipCode"": ""91062932"", ""district"": ""auxiliary"", ""createdAt"": {""$date"": ""2026-09-07T12:42:20.584Z""}, ""updatedAt"": {""$date"": ""2026-09-07T12:42:20.584Z""}}, ""createdAt"": {""$date"": ""2026-09-07T12:42:20.584Z""}, ""updatedAt"": {""$date"": ""2026-09-07T12:42:20.584Z""}}",PLACED,2026-09-07T12:42:20.584Z
6a9eb12c29877fbd07f88e83,com.gisma.advanced_database.shipment.adapter.secondary.mongo.entity.ShippingDBO,2026-09-07T12:42:20.826Z,a552142a-7eb6-4ee2-9c6c-93c649503a7c,"{""name"": ""Home Loan Account solid state"", ""address"": {""street"": ""894 Marc Rapids"", ""city"": ""1928 Church Path"", ""state"": ""91838 Paul Unions"", ""number"": ""38672642"", ""zipCode"": ""59161368"", ""district"": ""auxiliary"", ""createdAt"": {""$date"": ""2026-09-07T12:42:20.826Z""}, ""updatedAt"": {""$date"": ""2026-09-07T12:42:20.826Z""}}, ""createdAt"": {""$date"": ""2026-09-07T12:42:20.826Z""}, ""updatedAt"": {""$date"": ""2026-09-07T12:42:20.826Z""}}",SHIPPED,2026-09-07T12:42:20.826Z
6a9eb12d29877fbd07f88e84,com.gisma.advanced_database.shipment.adapter.secondary.mongo.entity.ShippingDBO,2026-09-07T12:42:21.086Z,2f4753c4-7b2b-472b-99e7-39c028e9ed08,"{""name"": ""Money Market Account haptic"", ""address"": {""street"": ""40187 Gislason Vista"", ""city"": ""7019 Boundary Road"", ""state"": ""4401 Krajcik Alley"", ""number"": ""68038875"", ""zipCode"": ""48358331"", ""district"": ""solid state"", ""createdAt"": {""$date"": ""2026-09-07T12:42:21.086Z""}, ""updatedAt"": {""$date"": ""2026-09-07T12:42:21.086Z""}}, ""createdAt"": {""$date"": ""2026-09-07T12:42:21.086Z""}, ""updatedAt"": {""$date"": ""2026-09-07T12:42:21.086Z""}}",SHIPPED,2026-09-07T12:42:21.086Z
6a9eb12d29877fbd07f88e85,com.gisma.advanced_database.shipment.adapter.secondary.mongo.entity.ShippingDBO,2026-09-07T12:42:21.339Z,e16c1186-ce39-4f0d-a74e-053b71bc222b,"{""name"": ""Personal Loan Account primary"", ""address"": {""street"": ""270 Rosenbaum Landing"", ""city"": ""150 Howe Way"", ""state"": ""54785 Cherry Street"", ""number"": ""78629530"", ""zipCode"": ""82420993"", ""district"": ""bluetooth"", ""createdAt"": {""$date"": ""2026-09-07T12:42:21.339Z""}, ""updatedAt"": {""$date"": ""2026-09-07T12:42:21.339Z""}}, ""createdAt"": {""$date"": ""2026-09-07T12:42:21.339Z""}, ""updatedAt"": {""$date"": ""2026-09-07T12:42:21.339Z""}}",SHIPPED,2026-09-07T12:42:21.339Z
6a9eb12d29877fbd07f88e86,com.gisma.advanced_database.shipment.adapter.secondary.mongo.entity.ShippingDBO,2026-09-07T12:42:21.589Z,cbda3ee1-37f1-4482-a255-d4353f23ff3f,"{""name"": ""Checking Account redundant"", ""address"": {""street"": ""9045 Waters Port"", ""city"": ""39551 Old State Road"", ""state"": ""32983 Mueller Stravenue"", ""number"": ""69484187"", ""zipCode"": ""18635121"", ""district"": ""solid state"", ""createdAt"": {""$date"": ""2026-09-07T12:42:21.589Z""}, ""updatedAt"": {""$date"": ""2026-09-07T12:42:21.589Z""}}, ""createdAt"": {""$date"": ""2026-09-07T12:42:21.589Z""}, ""updatedAt"": {""$date"": ""2026-09-07T12:42:21.589Z""}}",PACKED,2026-09-07T12:42:21.589Z
6a9eb12d29877fbd07f88e87,com.gisma.advanced_database.shipment.adapter.secondary.mongo.entity.ShippingDBO,2026-09-07T12:42:21.860Z,eb2872e7-d0a7-4a4c-bcfc-5b402a6d2df5,"{""name"": ""Savings Account solid state"", ""address"": {""street"": ""1770 Marvin Groves"", ""city"": ""34687 Reichel River"", ""state"": ""7619 W Bridge Street"", ""number"": ""70790245"", ""zipCode"": ""05726089"", ""district"": ""solid state"", ""createdAt"": {""$date"": ""2026-09-07T12:42:21.860Z""}, ""updatedAt"": {""$date"": ""2026-09-07T12:42:21.860Z""}}, ""createdAt"": {""$date"": ""2026-09-07T12:42:21.860Z""}, ""updatedAt"": {""$date"": ""2026-09-07T12:42:21.860Z""}}",OUT_FOR_DELIVERY,2026-09-07T12:42:21.860Z
6a9eb12e29877fbd07f88e88,com.gisma.advanced_database.shipment.adapter.secondary.mongo.entity.ShippingDBO,2026-09-07T12:42:22.127Z,415f530f-95fa-49df-966b-c94c033124a8,"{""name"": ""Investment Account cross-platform"", ""address"": {""street"": ""71129 Ziemann Greens"", ""city"": ""940 Mark Unions"", ""state"": ""669 Hunter Crossroad"", ""number"": ""85516830"", ""zipCode"": ""15841653"", ""district"": ""solid state"", ""createdAt"": {""$date"": ""2026-09-07T12:42:22.127Z""}, ""updatedAt"": {""$date"": ""2026-09-07T12:42:22.127Z""}}, ""createdAt"": {""$date"": ""2026-09-07T12:42:22.127Z""}, ""updatedAt"": {""$date"": ""2026-09-07T12:42:22.127Z""}}",PACKED,2026-09-07T12:42:22.127Z
6a9eb12e29877fbd07f88e89,com.gisma.advanced_database.shipment.adapter.secondary.mongo.entity.ShippingDBO,2026-09-07T12:42:22.360Z,5a5ee7b2-1260-4719-8407-cbb2177ecea2,"{""name"": ""Money Market Account 1080p"", ""address"": {""street"": ""2201 Carlos Haven"", ""city"": ""5042 James Street"", ""state"": ""49923 Field Lane"", ""number"": ""99937730"", ""zipCode"": ""94333119"", ""district"": ""solid state"", ""createdAt"": {""$date"": ""2026-09-07T12:42:22.360Z""}, ""updatedAt"": {""$date"": ""2026-09-07T12:42:22.360Z""}}, ""createdAt"": {""$date"": ""2026-09-07T12:42:22.360Z""}, ""updatedAt"": {""$date"": ""2026-09-07T12:42:22.360Z""}}",PLACED,2026-09-07T12:42:22.360Z
6a9eb12e29877fbd07f88e8a,com.gisma.advanced_database.shipment.adapter.secondary.mongo.entity.ShippingDBO,2026-09-07T12:42:22.650Z,f847583f-6b5a-489a-a01a-37c51b93090a,"{""name"": ""Personal Loan Account wireless"", ""address"": {""street"": ""532 Andreane Corner"", ""city"": ""478 Reynolds Hollow"", ""state"": ""9726 Clarence Road"", ""number"": ""59193833"", ""zipCode"": ""00453309"", ""district"": ""optical"", ""createdAt"": {""$date"": ""2026-09-07T12:42:22.650Z""}, ""updatedAt"": {""$date"": ""2026-09-07T12:42:22.650Z""}}, ""createdAt"": {""$date"": ""2026-09-07T12:42:22.650Z""}, ""updatedAt"": {""$date"": ""2026-09-07T12:42:22.650Z""}}",PLACED,2026-09-07T12:42:22.650Z
6a9eb12e29877fbd07f88e8b,com.gisma.advanced_database.shipment.adapter.secondary.mongo.entity.ShippingDBO,2026-09-07T12:42:22.928Z,1275f95f-c07f-4fb9-93f9-496b832872b6,"{""name"": ""Auto Loan Account digital"", ""address"": {""street"": ""970 Llewellyn Land"", ""city"": ""828 Mayra Drive"", ""state"": ""455 W Oak Street"", ""number"": ""34130425"", ""zipCode"": ""15135156"", ""district"": ""multi-byte"", ""createdAt"": {""$date"": ""2026-09-07T12:42:22.928Z""}, ""updatedAt"": {""$date"": ""2026-09-07T12:42:22.928Z""}}, ""createdAt"": {""$date"": ""2026-09-07T12:42:22.928Z""}, ""updatedAt"": {""$date"": ""2026-09-07T12:42:22.928Z""}}",DELIVERED,2026-09-07T12:42:22.928Z
6a9eb12f29877fbd07f88e8c,com.gisma.advanced_database.shipment.adapter.secondary.mongo.entity.ShippingDBO,2026-09-07T12:42:23.221Z,48640180-f45e-4436-9dc1-2d8a328b0e64,"{""name"": ""Home Loan Account digital"", ""address"": {""street"": ""1178 Nickolas Passage"", ""city"": ""8781 11th Street"", ""state"": ""7418 Milton Street"", ""number"": ""63315861"", ""zipCode"": ""50255602"", ""district"": ""open-source"", ""createdAt"": {""$date"": ""2026-09-07T12:42:23.221Z""}, ""updatedAt"": {""$date"": ""2026-09-07T12:42:23.221Z""}}, ""createdAt"": {""$date"": ""2026-09-07T12:42:23.221Z""}, ""updatedAt"": {""$date"": ""2026-09-07T12:42:23.221Z""}}",PACKED,2026-09-07T12:42:23.221Z
6a9eb12f29877fbd07f88e8d,com.gisma.advanced_database.shipment.adapter.secondary.mongo.entity.ShippingDBO,2026-09-07T12:42:23.501Z,d3fe8411-6bde-4325-94b2-23ce2a990f2d,"{""name"": ""Credit Card Account optical"", ""address"": {""street"": ""91458 Herman Hill"", ""city"": ""640 Riverside Drive"", ""state"": ""49428 State Line Road"", ""number"": ""20443095"", ""zipCode"": ""98752879"", ""district"": ""multi-byte"", ""createdAt"": {""$date"": ""2026-09-07T12:42:23.500Z""}, ""updatedAt"": {""$date"": ""2026-09-07T12:42:23.500Z""}}, ""createdAt"": {""$date"": ""2026-09-07T12:42:23.500Z""}, ""updatedAt"": {""$date"": ""2026-09-07T12:42:23.501Z""}}",PLACED,2026-09-07T12:42:23.501Z
6a9eb12f29877fbd07f88e8e,com.gisma.advanced_database.shipment.adapter.secondary.mongo.entity.ShippingDBO,2026-09-07T12:42:23.804Z,8aa888f9-71fc-4293-b736-1217bd474b42,"{""name"": ""Personal Loan Account wireless"", ""address"": {""street"": ""58534 Carroll Manors"", ""city"": ""7627 Market Place"", ""state"": ""3245 Maximilian Causeway"", ""number"": ""68343071"", ""zipCode"": ""41118260"", ""district"": ""redundant"", ""createdAt"": {""$date"": ""2026-09-07T12:42:23.804Z""}, ""updatedAt"": {""$date"": ""2026-09-07T12:42:23.804Z""}}, ""createdAt"": {""$date"": ""2026-09-07T12:42:23.804Z""}, ""updatedAt"": {""$date"": ""2026-09-07T12:42:23.804Z""}}",TRANSIT,2026-09-07T12:42:23.804Z
6a9eb13029877fbd07f88e8f,com.gisma.advanced_database.shipment.adapter.secondary.mongo.entity.ShippingDBO,2026-09-07T12:42:24.084Z,6300135b-df63-4f2a-81c8-1fb0e7ac246e,"{""name"": ""Personal Loan Account optical"", ""address"": {""street"": ""1093 Berniece Trail"", ""city"": ""87434 Craig Knolls"", ""state"": ""81703 East Street"", ""number"": ""99012185"", ""zipCode"": ""06668062"", ""district"": ""1080p"", ""createdAt"": {""$date"": ""2026-09-07T12:42:24.084Z""}, ""updatedAt"": {""$date"": ""2026-09-07T12:42:24.084Z""}}, ""createdAt"": {""$date"": ""2026-09-07T12:42:24.084Z""}, ""updatedAt"": {""$date"": ""2026-09-07T12:42:24.084Z""}}",PACKED,2026-09-07T12:42:24.084Z
6a9eb13029877fbd07f88e90,com.gisma.advanced_database.shipment.adapter.secondary.mongo.entity.ShippingDBO,2026-09-07T12:42:24.386Z,08393698-bfc8-442b-9b44-c51db47586a8,"{""name"": ""Investment Account 1080p"", ""address"": {""street"": ""19869 Steuber Grove"", ""city"": ""891 E River Road"", ""state"": ""59406 First Avenue"", ""number"": ""67671436"", ""zipCode"": ""54902573"", ""district"": ""back-end"", ""createdAt"": {""$date"": ""2026-09-07T12:42:24.386Z""}, ""updatedAt"": {""$date"": ""2026-09-07T12:42:24.386Z""}}, ""createdAt"": {""$date"": ""2026-09-07T12:42:24.386Z""}, ""updatedAt"": {""$date"": ""2026-09-07T12:42:24.386Z""}}",TRANSIT,2026-09-07T12:42:24.386Z
6a9eb13029877fbd07f88e91,com.gisma.advanced_database.shipment.adapter.secondary.mongo.entity.ShippingDBO,2026-09-07T12:42:24.685Z,9f3f05e6-1e0b-4830-b39a-73297a8dfb58,"{""name"": ""Money Market Account bluetooth"", ""address"": {""street"": ""315 Mill Lane"", ""city"": ""19547 Medhurst Path"", ""state"": ""523 Ash Road"", ""number"": ""31916470"", ""zipCode"": ""50498766"", ""district"": ""back-end"", ""createdAt"": {""$date"": ""2026-09-07T12:42:24.685Z""}, ""updatedAt"": {""$date"": ""2026-09-07T12:42:24.685Z""}}, ""createdAt"": {""$date"": ""2026-09-07T12:42:24.685Z""}, ""updatedAt"": {""$date"": ""2026-09-07T12:42:24.685Z""}}",TRANSIT,2026-09-07T12:42:24.685Z
6a9eb13129877fbd07f88e92,com.gisma.advanced_database.shipment.adapter.secondary.mongo.entity.ShippingDBO,2026-09-07T12:42:25.014Z,a1fde7ab-694c-426e-ad2e-d7b1175d45b9,"{""name"": ""Investment Account back-end"", ""address"": {""street"": ""17728 The Meadows"", ""city"": ""660 Matilda Villages"", ""state"": ""36475 Luettgen Path"", ""number"": ""89256754"", ""zipCode"": ""74985560"", ""district"": ""cross-platform"", ""createdAt"": {""$date"": ""2026-09-07T12:42:25.014Z""}, ""updatedAt"": {""$date"": ""2026-09-07T12:42:25.014Z""}}, ""createdAt"": {""$date"": ""2026-09-07T12:42:25.014Z""}, ""updatedAt"": {""$date"": ""2026-09-07T12:42:25.014Z""}}",PACKED,2026-09-07T12:42:25.014Z
6a9eb13129877fbd07f88e93,com.gisma.advanced_database.shipment.adapter.secondary.mongo.entity.ShippingDBO,2026-09-07T12:42:25.317Z,807e09a7-4eca-4698-8ce3-8ffc07181794,"{""name"": ""Investment Account optical"", ""address"": {""street"": ""57393 Middle Street"", ""city"": ""2437 Goyette Bypass"", ""state"": ""4289 Fay Route"", ""number"": ""19952566"", ""zipCode"": ""45573457"", ""district"": ""open-source"", ""createdAt"": {""$date"": ""2026-09-07T12:42:25.317Z""}, ""updatedAt"": {""$date"": ""2026-09-07T12:42:25.317Z""}}, ""createdAt"": {""$date"": ""2026-09-07T12:42:25.317Z""}, ""updatedAt"": {""$date"": ""2026-09-07T12:42:25.317Z""}}",TRANSIT,2026-09-07T12:42:25.317Z
6a9eb13129877fbd07f88e94,com.gisma.advanced_database.shipment.adapter.secondary.mongo.entity.ShippingDBO,2026-09-07T12:42:25.630Z,e6fef85a-58eb-4209-88f1-05141c01b793,"{""name"": ""Home Loan Account virtual"", ""address"": {""street"": ""3550 Chestnut Close"", ""city"": ""4991 Marcelino Shoal"", ""state"": ""2552 Clyde Forge"", ""number"": ""34535472"", ""zipCode"": ""25947091"", ""district"": ""auxiliary"", ""createdAt"": {""$date"": ""2026-09-07T12:42:25.630Z""}, ""updatedAt"": {""$date"": ""2026-09-07T12:42:25.630Z""}}, ""createdAt"": {""$date"": ""2026-09-07T12:42:25.630Z""}, ""updatedAt"": {""$date"": ""2026-09-07T12:42:25.630Z""}}",PACKED,2026-09-07T12:42:25.630Z
6a9eb13129877fbd07f88e95,com.gisma.advanced_database.shipment.adapter.secondary.mongo.entity.ShippingDBO,2026-09-07T12:42:25.953Z,286fc79f-f3d0-4cdb-8aa2-248e84300966,"{""name"": ""Checking Account 1080p"", ""address"": {""street"": ""129 Rosario Falls"", ""city"": ""4294 Joe Union"", ""state"": ""416 Huel Unions"", ""number"": ""53122950"", ""zipCode"": ""02280600"", ""district"": ""redundant"", ""createdAt"": {""$date"": ""2026-09-07T12:42:25.953Z""}, ""updatedAt"": {""$date"": ""2026-09-07T12:42:25.953Z""}}, ""createdAt"": {""$date"": ""2026-09-07T12:42:25.953Z""}, ""updatedAt"": {""$date"": ""2026-09-07T12:42:25.953Z""}}",PLACED,2026-09-07T12:42:25.953Z
6a9eb13229877fbd07f88e96,com.gisma.advanced_database.shipment.adapter.secondary.mongo.entity.ShippingDBO,2026-09-07T12:42:26.290Z,5e696ccc-51d8-45cb-8ab7-5d6be3fa34c8,"{""name"": ""Credit Card Account solid state"", ""address"": {""street"": ""3780 Will Loop"", ""city"": ""2674 Doyle Summit"", ""state"": ""7961 Ferry Manors"", ""number"": ""07836043"", ""zipCode"": ""07901799"", ""district"": ""redundant"", ""createdAt"": {""$date"": ""2026-09-07T12:42:26.290Z""}, ""updatedAt"": {""$date"": ""2026-09-07T12:42:26.290Z""}}, ""createdAt"": {""$date"": ""2026-09-07T12:42:26.290Z""}, ""updatedAt"": {""$date"": ""2026-09-07T12:42:26.290Z""}}",OUT_FOR_DELIVERY,2026-09-07T12:42:26.290Z
6a9eb13229877fbd07f88e97,com.gisma.advanced_database.shipment.adapter.secondary.mongo.entity.ShippingDBO,2026-09-07T12:42:26.617Z,cbf2250c-76c0-4915-853e-442f91a2f97b,"{""name"": ""Checking Account digital"", ""address"": {""street"": ""931 Sycamore Drive"", ""city"": ""9043 Cremin Ford"", ""state"": ""9586 Mill Street"", ""number"": ""83718395"", ""zipCode"": ""56261242"", ""district"": ""neural"", ""createdAt"": {""$date"": ""2026-09-07T12:42:26.617Z""}, ""updatedAt"": {""$date"": ""2026-09-07T12:42:26.617Z""}}, ""createdAt"": {""$date"": ""2026-09-07T12:42:26.617Z""}, ""updatedAt"": {""$date"": ""2026-09-07T12:42:26.617Z""}}",PACKED,2026-09-07T12:42:26.617Z
6a9eb13229877fbd07f88e98,com.gisma.advanced_database.shipment.adapter.secondary.mongo.entity.ShippingDBO,2026-09-07T12:42:26.958Z,69419000-63a5-4aa6-9e86-58efb581e122,"{""name"": ""Home Loan Account multi-byte"", ""address"": {""street"": ""6760 West Fort"", ""city"": ""9182 Ashley Mission"", ""state"": ""5280 Kennedy Path"", ""number"": ""09941648"", ""zipCode"": ""29037044"", ""district"": ""primary"", ""createdAt"": {""$date"": ""2026-09-07T12:42:26.958Z""}, ""updatedAt"": {""$date"": ""2026-09-07T12:42:26.958Z""}}, ""createdAt"": {""$date"": ""2026-09-07T12:42:26.958Z""}, ""updatedAt"": {""$date"": ""2026-09-07T12:42:26.958Z""}}",PLACED,2026-09-07T12:42:26.958Z
6a9eb13329877fbd07f88e99,com.gisma.advanced_database.shipment.adapter.secondary.mongo.entity.ShippingDBO,2026-09-07T12:42:27.293Z,81998816-5991-4336-998a-78d9b4a93e7c,"{""name"": ""Money Market Account wireless"", ""address"": {""street"": ""84665 Green Close"", ""city"": ""1965 Kelton Pine"", ""state"": ""9741 The Dell"", ""number"": ""12058402"", ""zipCode"": ""45857877"", ""district"": ""neural"", ""createdAt"": {""$date"": ""2026-09-07T12:42:27.293Z""}, ""updatedAt"": {""$date"": ""2026-09-07T12:42:27.293Z""}}, ""createdAt"": {""$date"": ""2026-09-07T12:42:27.293Z""}, ""updatedAt"": {""$date"": ""2026-09-07T12:42:27.293Z""}}",SHIPPED,2026-09-07T12:42:27.293Z
6a9eb13329877fbd07f88e9a,com.gisma.advanced_database.shipment.adapter.secondary.mongo.entity.ShippingDBO,2026-09-07T12:42:27.628Z,7c25e765-19bd-4d59-ad95-b0aa3f457eed,"{""name"": ""Credit Card Account back-end"", ""address"": {""street"": ""34778 Alexis Manor"", ""city"": ""3405 Blick Radial"", ""state"": ""5986 Braun Street"", ""number"": ""04135818"", ""zipCode"": ""33186953"", ""district"": ""1080p"", ""createdAt"": {""$date"": ""2026-09-07T12:42:27.628Z""}, ""updatedAt"": {""$date"": ""2026-09-07T12:42:27.628Z""}}, ""createdAt"": {""$date"": ""2026-09-07T12:42:27.628Z""}, ""updatedAt"": {""$date"": ""2026-09-07T12:42:27.628Z""}}",DELIVERED,2026-09-07T12:42:27.628Z
6a9eb13329877fbd07f88e9b,com.gisma.advanced_database.shipment.adapter.secondary.mongo.entity.ShippingDBO,2026-09-07T12:42:27.977Z,cb32d8cf-35a5-44b1-8936-e47e4b075987,"{""name"": ""Checking Account haptic"", ""address"": {""street"": ""8432 Bath Road"", ""city"": ""542 Vicarage Close"", ""state"": ""605 S 6th Street"", ""number"": ""11542825"", ""zipCode"": ""58467875"", ""district"": ""primary"", ""createdAt"": {""$date"": ""2026-09-07T12:42:27.977Z""}, ""updatedAt"": {""$date"": ""2026-09-07T12:42:27.977Z""}}, ""createdAt"": {""$date"": ""2026-09-07T12:42:27.977Z""}, ""updatedAt"": {""$date"": ""2026-09-07T12:42:27.977Z""}}",TRANSIT,2026-09-07T12:42:27.977Z
6a9eb13429877fbd07f88e9c,com.gisma.advanced_database.shipment.adapter.secondary.mongo.entity.ShippingDBO,2026-09-07T12:42:28.262Z,8785b092-860d-45c2-93ae-2d638d20eb09,"{""name"": ""Checking Account multi-byte"", ""address"": {""street"": ""362 Giovanna Isle"", ""city"": ""475 The Lane"", ""state"": ""3107 S Oak Street"", ""number"": ""21143328"", ""zipCode"": ""64469962"", ""district"": ""neural"", ""createdAt"": {""$date"": ""2026-09-07T12:42:28.262Z""}, ""updatedAt"": {""$date"": ""2026-09-07T12:42:28.262Z""}}, ""createdAt"": {""$date"": ""2026-09-07T12:42:28.262Z""}, ""updatedAt"": {""$date"": ""2026-09-07T12:42:28.262Z""}}",PACKED,2026-09-07T12:42:28.262Z
6a9eb13429877fbd07f88e9d,com.gisma.advanced_database.shipment.adapter.secondary.mongo.entity.ShippingDBO,2026-09-07T12:42:28.555Z,ccd25b82-3536-4792-99ff-ed860a55177a,"{""name"": ""Money Market Account bluetooth"", ""address"": {""street"": ""98017 Vivien Hollow"", ""city"": ""53906 Ruecker Point"", ""state"": ""376 Bath Road"", ""number"": ""73693326"", ""zipCode"": ""57003190"", ""district"": ""1080p"", ""createdAt"": {""$date"": ""2026-09-07T12:42:28.555Z""}, ""updatedAt"": {""$date"": ""2026-09-07T12:42:28.555Z""}}, ""createdAt"": {""$date"": ""2026-09-07T12:42:28.555Z""}, ""updatedAt"": {""$date"": ""2026-09-07T12:42:28.555Z""}}",PACKED,2026-09-07T12:42:28.555Z
6a9eb13429877fbd07f88e9e,com.gisma.advanced_database.shipment.adapter.secondary.mongo.entity.ShippingDBO,2026-09-07T12:42:28.860Z,258cbed4-4a20-40a3-8662-d47045047b11,"{""name"": ""Auto Loan Account neural"", ""address"": {""street"": ""148 3rd Avenue"", ""city"": ""52604 Pine Close"", ""state"": ""881 Smith Cliffs"", ""number"": ""67645337"", ""zipCode"": ""61535703"", ""district"": ""open-source"", ""createdAt"": {""$date"": ""2026-09-07T12:42:28.860Z""}, ""updatedAt"": {""$date"": ""2026-09-07T12:42:28.860Z""}}, ""createdAt"": {""$date"": ""2026-09-07T12:42:28.860Z""}, ""updatedAt"": {""$date"": ""2026-09-07T12:42:28.860Z""}}",TRANSIT,2026-09-07T12:42:28.860Z
6a9eb14c29877fbd07f88e9f,com.gisma.advanced_database.shipment.adapter.secondary.mongo.entity.ShippingDBO,2026-09-07T12:42:52.958Z,8f8e34fb-03bd-4cd8-bb89-5a474d06f0a9,"{""name"": ""circuit neural"", ""address"": {""street"": ""148 3rd Avenue"", ""city"": ""52604 Pine Close"", ""state"": ""881 Smith Cliffs"", ""number"": ""67645337"", ""zipCode"": ""61535703"", ""district"": ""open-source"", ""createdAt"": {""$date"": ""2026-09-07T12:42:52.958Z""}, ""updatedAt"": {""$date"": ""2026-09-07T12:42:52.958Z""}}, ""createdAt"": {""$date"": ""2026-09-07T12:42:52.958Z""}, ""updatedAt"": {""$date"": ""2026-09-07T12:42:52.958Z""}}",PACKED,2026-09-07T12:42:52.958Z
6a9eb14d29877fbd07f88ea0,com.gisma.advanced_database.shipment.adapter.secondary.mongo.entity.ShippingDBO,2026-09-07T12:42:53.457Z,e2b30298-ecf8-470e-9373-d1e73b8faf00,"{""name"": ""firewall multi-byte"", ""address"": {""street"": ""148 3rd Avenue"", ""city"": ""52604 Pine Close"", ""state"": ""881 Smith Cliffs"", ""number"": ""67645337"", ""zipCode"": ""61535703"", ""district"": ""open-source"", ""createdAt"": {""$date"": ""2026-09-07T12:42:53.457Z""}, ""updatedAt"": {""$date"": ""2026-09-07T12:42:53.457Z""}}, ""createdAt"": {""$date"": ""2026-09-07T12:42:53.457Z""}, ""updatedAt"": {""$date"": ""2026-09-07T12:42:53.457Z""}}",PACKED,2026-09-07T12:42:53.457Z
6a9eb14d29877fbd07f88ea1,com.gisma.advanced_database.shipment.adapter.secondary.mongo.entity.ShippingDBO,2026-09-07T12:42:53.834Z,d2a3f858-4202-4899-b7d2-2881a393b0d9,"{""name"": ""application 1080p"", ""address"": {""street"": ""148 3rd Avenue"", ""city"": ""52604 Pine Close"", ""state"": ""881 Smith Cliffs"", ""number"": ""67645337"", ""zipCode"": ""61535703"", ""district"": ""open-source"", ""createdAt"": {""$date"": ""2026-09-07T12:42:53.834Z""}, ""updatedAt"": {""$date"": ""2026-09-07T12:42:53.834Z""}}, ""createdAt"": {""$date"": ""2026-09-07T12:42:53.834Z""}, ""updatedAt"": {""$date"": ""2026-09-07T12:42:53.834Z""}}",PACKED,2026-09-07T12:42:53.834Z
6a9eb14e29877fbd07f88ea2,com.gisma.advanced_database.shipment.adapter.secondary.mongo.entity.ShippingDBO,2026-09-07T12:42:54.161Z,62191ab5-20cf-48b6-ab08-e04661966c61,"{""name"": ""card multi-byte"", ""address"": {""street"": ""148 3rd Avenue"", ""city"": ""52604 Pine Close"", ""state"": ""881 Smith Cliffs"", ""number"": ""67645337"", ""zipCode"": ""61535703"", ""district"": ""open-source"", ""createdAt"": {""$date"": ""2026-09-07T12:42:54.161Z""}, ""updatedAt"": {""$date"": ""2026-09-07T12:42:54.161Z""}}, ""createdAt"": {""$date"": ""2026-09-07T12:42:54.161Z""}, ""updatedAt"": {""$date"": ""2026-09-07T12:42:54.161Z""}}",TRANSIT,2026-09-07T12:42:54.161Z
6a9eb14e29877fbd07f88ea3,com.gisma.advanced_database.shipment.adapter.secondary.mongo.entity.ShippingDBO,2026-09-07T12:42:54.502Z,8c13e3b0-802e-4d37-928b-1065f96f9c5c,"{""name"": ""bus primary"", ""address"": {""street"": ""148 3rd Avenue"", ""city"": ""52604 Pine Close"", ""state"": ""881 Smith Cliffs"", ""number"": ""67645337"", ""zipCode"": ""61535703"", ""district"": ""open-source"", ""createdAt"": {""$date"": ""2026-09-07T12:42:54.502Z""}, ""updatedAt"": {""$date"": ""2026-09-07T12:42:54.502Z""}}, ""createdAt"": {""$date"": ""2026-09-07T12:42:54.502Z""}, ""updatedAt"": {""$date"": ""2026-09-07T12:42:54.502Z""}}",PLACED,2026-09-07T12:42:54.502Z
6a9eb14e29877fbd07f88ea4,com.gisma.advanced_database.shipment.adapter.secondary.mongo.entity.ShippingDBO,2026-09-07T12:42:54.854Z,67e2b105-e1c0-4801-82b4-5eb5b69e1dd3,"{""name"": ""transmitter digital"", ""address"": {""street"": ""148 3rd Avenue"", ""city"": ""52604 Pine Close"", ""state"": ""881 Smith Cliffs"", ""number"": ""67645337"", ""zipCode"": ""61535703"", ""district"": ""open-source"", ""createdAt"": {""$date"": ""2026-09-07T12:42:54.854Z""}, ""updatedAt"": {""$date"": ""2026-09-07T12:42:54.854Z""}}, ""createdAt"": {""$date"": ""2026-09-07T12:42:54.854Z""}, ""updatedAt"": {""$date"": ""2026-09-07T12:42:54.854Z""}}",OUT_FOR_DELIVERY,2026-09-07T12:42:54.854Z
6a9eb14f29877fbd07f88ea5,com.gisma.advanced_database.shipment.adapter.secondary.mongo.entity.ShippingDBO,2026-09-07T12:42:55.191Z,e17146a0-8103-48d5-b697-551248259337,"{""name"": ""protocol wireless"", ""address"": {""street"": ""148 3rd Avenue"", ""city"": ""52604 Pine Close"", ""state"": ""881 Smith Cliffs"", ""number"": ""67645337"", ""zipCode"": ""61535703"", ""district"": ""open-source"", ""createdAt"": {""$date"": ""2026-09-07T12:42:55.191Z""}, ""updatedAt"": {""$date"": ""2026-09-07T12:42:55.191Z""}}, ""createdAt"": {""$date"": ""2026-09-07T12:42:55.191Z""}, ""updatedAt"": {""$date"": ""2026-09-07T12:42:55.191Z""}}",SHIPPED,2026-09-07T12:42:55.191Z
6a9eb14f29877fbd07f88ea6,com.gisma.advanced_database.shipment.adapter.secondary.mongo.entity.ShippingDBO,2026-09-07T12:42:55.542Z,b3e27f5b-9241-4e26-9d48-faf35ec94e65,"{""name"": ""alarm back-end"", ""address"": {""street"": ""148 3rd Avenue"", ""city"": ""52604 Pine Close"", ""state"": ""881 Smith Cliffs"", ""number"": ""67645337"", ""zipCode"": ""61535703"", ""district"": ""open-source"", ""createdAt"": {""$date"": ""2026-09-07T12:42:55.542Z""}, ""updatedAt"": {""$date"": ""2026-09-07T12:42:55.542Z""}}, ""createdAt"": {""$date"": ""2026-09-07T12:42:55.542Z""}, ""updatedAt"": {""$date"": ""2026-09-07T12:42:55.542Z""}}",PLACED,2026-09-07T12:42:55.542Z
6a9eb14f29877fbd07f88ea7,com.gisma.advanced_database.shipment.adapter.secondary.mongo.entity.ShippingDBO,2026-09-07T12:42:55.900Z,3deca485-35a5-443f-b5ee-fe8a98ddd430,"{""name"": ""circuit haptic"", ""address"": {""street"": ""148 3rd Avenue"", ""city"": ""52604 Pine Close"", ""state"": ""881 Smith Cliffs"", ""number"": ""67645337"", ""zipCode"": ""61535703"", ""district"": ""open-source"", ""createdAt"": {""$date"": ""2026-09-07T12:42:55.900Z""}, ""updatedAt"": {""$date"": ""2026-09-07T12:42:55.900Z""}}, ""createdAt"": {""$date"": ""2026-09-07T12:42:55.900Z""}, ""updatedAt"": {""$date"": ""2026-09-07T12:42:55.900Z""}}",PACKED,2026-09-07T12:42:55.900Z
6a9eb15029877fbd07f88ea8,com.gisma.advanced_database.shipment.adapter.secondary.mongo.entity.ShippingDBO,2026-09-07T12:42:56.287Z,839b2bb1-5852-4ac2-ae03-e11163b945e7,"{""name"": ""microchip primary"", ""address"": {""street"": ""148 3rd Avenue"", ""city"": ""52604 Pine Close"", ""state"": ""881 Smith Cliffs"", ""number"": ""67645337"", ""zipCode"": ""61535703"", ""district"": ""open-source"", ""createdAt"": {""$date"": ""2026-09-07T12:42:56.287Z""}, ""updatedAt"": {""$date"": ""2026-09-07T12:42:56.287Z""}}, ""createdAt"": {""$date"": ""2026-09-07T12:42:56.287Z""}, ""updatedAt"": {""$date"": ""2026-09-07T12:42:56.287Z""}}",TRANSIT,2026-09-07T12:42:56.287Z
6a9eb15029877fbd07f88ea9,com.gisma.advanced_database.shipment.adapter.secondary.mongo.entity.ShippingDBO,2026-09-07T12:42:56.659Z,391c0ab5-c68f-446e-abc8-d1570064cebc,"{""name"": ""port 1080p"", ""address"": {""street"": ""148 3rd Avenue"", ""city"": ""52604 Pine Close"", ""state"": ""881 Smith Cliffs"", ""number"": ""67645337"", ""zipCode"": ""61535703"", ""district"": ""open-source"", ""createdAt"": {""$date"": ""2026-09-07T12:42:56.659Z""}, ""updatedAt"": {""$date"": ""2026-09-07T12:42:56.659Z""}}, ""createdAt"": {""$date"": ""2026-09-07T12:42:56.659Z""}, ""updatedAt"": {""$date"": ""2026-09-07T12:42:56.659Z""}}",DELIVERED,2026-09-07T12:42:56.659Z
6a9eb15129877fbd07f88eaa,com.gisma.advanced_database.shipment.adapter.secondary.mongo.entity.ShippingDBO,2026-09-07T12:42:57.042Z,9d28318e-d0c7-45bb-8cd4-b1df474eb355,"{""name"": ""feed auxiliary"", ""address"": {""street"": ""148 3rd Avenue"", ""city"": ""52604 Pine Close"", ""state"": ""881 Smith Cliffs"", ""number"": ""67645337"", ""zipCode"": ""61535703"", ""district"": ""open-source"", ""createdAt"": {""$date"": ""2026-09-07T12:42:57.042Z""}, ""updatedAt"": {""$date"": ""2026-09-07T12:42:57.042Z""}}, ""createdAt"": {""$date"": ""2026-09-07T12:42:57.042Z""}, ""updatedAt"": {""$date"": ""2026-09-07T12:42:57.042Z""}}",OUT_FOR_DELIVERY,2026-09-07T12:42:57.042Z
6a9eb15129877fbd07f88eab,com.gisma.advanced_database.shipment.adapter.secondary.mongo.entity.ShippingDBO,2026-09-07T12:42:57.396Z,cd8f2247-6efc-43ac-a2f1-a599e6606668,"{""name"": ""interface primary"", ""address"": {""street"": ""148 3rd Avenue"", ""city"": ""52604 Pine Close"", ""state"": ""881 Smith Cliffs"", ""number"": ""67645337"", ""zipCode"": ""61535703"", ""district"": ""open-source"", ""createdAt"": {""$date"": ""2026-09-07T12:42:57.396Z""}, ""updatedAt"": {""$date"": ""2026-09-07T12:42:57.396Z""}}, ""createdAt"": {""$date"": ""2026-09-07T12:42:57.396Z""}, ""updatedAt"": {""$date"": ""2026-09-07T12:42:57.396Z""}}",DELIVERED,2026-09-07T12:42:57.396Z
6a9eb15129877fbd07f88eac,com.gisma.advanced_database.shipment.adapter.secondary.mongo.entity.ShippingDBO,2026-09-07T12:42:57.797Z,1630ae97-ecf7-463f-9407-bb01b80f1bac,"{""name"": ""bandwidth solid state"", ""address"": {""street"": ""148 3rd Avenue"", ""city"": ""52604 Pine Close"", ""state"": ""881 Smith Cliffs"", ""number"": ""67645337"", ""zipCode"": ""61535703"", ""district"": ""open-source"", ""createdAt"": {""$date"": ""2026-09-07T12:42:57.797Z""}, ""updatedAt"": {""$date"": ""2026-09-07T12:42:57.797Z""}}, ""createdAt"": {""$date"": ""2026-09-07T12:42:57.797Z""}, ""updatedAt"": {""$date"": ""2026-09-07T12:42:57.797Z""}}",PACKED,2026-09-07T12:42:57.797Z
6a9eb15229877fbd07f88ead,com.gisma.advanced_database.shipment.adapter.secondary.mongo.entity.ShippingDBO,2026-09-07T12:42:58.185Z,0ad4723b-5221-4608-a864-e451a9d70901,"{""name"": ""panel haptic"", ""address"": {""street"": ""148 3rd Avenue"", ""city"": ""52604 Pine Close"", ""state"": ""881 Smith Cliffs"", ""number"": ""67645337"", ""zipCode"": ""61535703"", ""district"": ""open-source"", ""createdAt"": {""$date"": ""2026-09-07T12:42:58.185Z""}, ""updatedAt"": {""$date"": ""2026-09-07T12:42:58.185Z""}}, ""createdAt"": {""$date"": ""2026-09-07T12:42:58.185Z""}, ""updatedAt"": {""$date"": ""2026-09-07T12:42:58.185Z""}}",SHIPPED,2026-09-07T12:42:58.185Z
6a9eb15229877fbd07f88eae,com.gisma.advanced_database.shipment.adapter.secondary.mongo.entity.ShippingDBO,2026-09-07T12:42:58.582Z,41e88ca2-6575-428b-8646-d94baf968ff8,"{""name"": ""array bluetooth"", ""address"": {""street"": ""148 3rd Avenue"", ""city"": ""52604 Pine Close"", ""state"": ""881 Smith Cliffs"", ""number"": ""67645337"", ""zipCode"": ""61535703"", ""district"": ""open-source"", ""createdAt"": {""$date"": ""2026-09-07T12:42:58.582Z""}, ""updatedAt"": {""$date"": ""2026-09-07T12:42:58.582Z""}}, ""createdAt"": {""$date"": ""2026-09-07T12:42:58.582Z""}, ""updatedAt"": {""$date"": ""2026-09-07T12:42:58.582Z""}}",SHIPPED,2026-09-07T12:42:58.582Z
6a9eb15229877fbd07f88eaf,com.gisma.advanced_database.shipment.adapter.secondary.mongo.entity.ShippingDBO,2026-09-07T12:42:58.995Z,d046a2d6-92cc-4fff-a844-d21bd1b0021c,"{""name"": ""driver cross-platform"", ""address"": {""street"": ""148 3rd Avenue"", ""city"": ""52604 Pine Close"", ""state"": ""881 Smith Cliffs"", ""number"": ""67645337"", ""zipCode"": ""61535703"", ""district"": ""open-source"", ""createdAt"": {""$date"": ""2026-09-07T12:42:58.995Z""}, ""updatedAt"": {""$date"": ""2026-09-07T12:42:58.995Z""}}, ""createdAt"": {""$date"": ""2026-09-07T12:42:58.995Z""}, ""updatedAt"": {""$date"": ""2026-09-07T12:42:58.995Z""}}",PACKED,2026-09-07T12:42:58.995Z
6a9eb15329877fbd07f88eb0,com.gisma.advanced_database.shipment.adapter.secondary.mongo.entity.ShippingDBO,2026-09-07T12:42:59.379Z,99987ce2-4493-4f17-8c1c-4fa60974cd1f,"{""name"": ""feed multi-byte"", ""address"": {""street"": ""148 3rd Avenue"", ""city"": ""52604 Pine Close"", ""state"": ""881 Smith Cliffs"", ""number"": ""67645337"", ""zipCode"": ""61535703"", ""district"": ""open-source"", ""createdAt"": {""$date"": ""2026-09-07T12:42:59.379Z""}, ""updatedAt"": {""$date"": ""2026-09-07T12:42:59.379Z""}}, ""createdAt"": {""$date"": ""2026-09-07T12:42:59.379Z""}, ""updatedAt"": {""$date"": ""2026-09-07T12:42:59.379Z""}}",DELIVERED,2026-09-07T12:42:59.379Z
6a9eb15329877fbd07f88eb1,com.gisma.advanced_database.shipment.adapter.secondary.mongo.entity.ShippingDBO,2026-09-07T12:42:59.788Z,d55b5b6c-125f-4407-899c-6f8d85bd6c1e,"{""name"": ""bus 1080p"", ""address"": {""street"": ""148 3rd Avenue"", ""city"": ""52604 Pine Close"", ""state"": ""881 Smith Cliffs"", ""number"": ""67645337"", ""zipCode"": ""61535703"", ""district"": ""open-source"", ""createdAt"": {""$date"": ""2026-09-07T12:42:59.788Z""}, ""updatedAt"": {""$date"": ""2026-09-07T12:42:59.788Z""}}, ""createdAt"": {""$date"": ""2026-09-07T12:42:59.788Z""}, ""updatedAt"": {""$date"": ""2026-09-07T12:42:59.788Z""}}",TRANSIT,2026-09-07T12:42:59.788Z
6a9eb15429877fbd07f88eb2,com.gisma.advanced_database.shipment.adapter.secondary.mongo.entity.ShippingDBO,2026-09-07T12:43:00.206Z,b8e3615f-d2f9-41c9-beb6-4bbd3a162de3,"{""name"": ""hard drive 1080p"", ""address"": {""street"": ""148 3rd Avenue"", ""city"": ""52604 Pine Close"", ""state"": ""881 Smith Cliffs"", ""number"": ""67645337"", ""zipCode"": ""61535703"", ""district"": ""open-source"", ""createdAt"": {""$date"": ""2026-09-07T12:43:00.206Z""}, ""updatedAt"": {""$date"": ""2026-09-07T12:43:00.206Z""}}, ""createdAt"": {""$date"": ""2026-09-07T12:43:00.206Z""}, ""updatedAt"": {""$date"": ""2026-09-07T12:43:00.206Z""}}",SHIPPED,2026-09-07T12:43:00.206Z
6a9eb15429877fbd07f88eb3,com.gisma.advanced_database.shipment.adapter.secondary.mongo.entity.ShippingDBO,2026-09-07T12:43:00.611Z,fd2c888d-f370-413d-ade7-e61447afdae2,"{""name"": ""matrix wireless"", ""address"": {""street"": ""148 3rd Avenue"", ""city"": ""52604 Pine Close"", ""state"": ""881 Smith Cliffs"", ""number"": ""67645337"", ""zipCode"": ""61535703"", ""district"": ""open-source"", ""createdAt"": {""$date"": ""2026-09-07T12:43:00.611Z""}, ""updatedAt"": {""$date"": ""2026-09-07T12:43:00.611Z""}}, ""createdAt"": {""$date"": ""2026-09-07T12:43:00.611Z""}, ""updatedAt"": {""$date"": ""2026-09-07T12:43:00.611Z""}}",PACKED,2026-09-07T12:43:00.611Z
6a9eb15529877fbd07f88eb4,com.gisma.advanced_database.shipment.adapter.secondary.mongo.entity.ShippingDBO,2026-09-07T12:43:01.022Z,55e722f2-0075-4c31-9fb5-8acc04e5af5d,"{""name"": ""sensor wireless"", ""address"": {""street"": ""148 3rd Avenue"", ""city"": ""52604 Pine Close"", ""state"": ""881 Smith Cliffs"", ""number"": ""67645337"", ""zipCode"": ""61535703"", ""district"": ""open-source"", ""createdAt"": {""$date"": ""2026-09-07T12:43:01.022Z""}, ""updatedAt"": {""$date"": ""2026-09-07T12:43:01.022Z""}}, ""createdAt"": {""$date"": ""2026-09-07T12:43:01.022Z""}, ""updatedAt"": {""$date"": ""2026-09-07T12:43:01.022Z""}}",DELIVERED,2026-09-07T12:43:01.022Z
6a9eb15529877fbd07f88eb5,com.gisma.advanced_database.shipment.adapter.secondary.mongo.entity.ShippingDBO,2026-09-07T12:43:01.472Z,d1767a12-54d5-4275-917e-01a87c2aa467,"{""name"": ""port digital"", ""address"": {""street"": ""148 3rd Avenue"", ""city"": ""52604 Pine Close"", ""state"": ""881 Smith Cliffs"", ""number"": ""67645337"", ""zipCode"": ""61535703"", ""district"": ""open-source"", ""createdAt"": {""$date"": ""2026-09-07T12:43:01.472Z""}, ""updatedAt"": {""$date"": ""2026-09-07T12:43:01.472Z""}}, ""createdAt"": {""$date"": ""2026-09-07T12:43:01.472Z""}, ""updatedAt"": {""$date"": ""2026-09-07T12:43:01.472Z""}}",PACKED,2026-09-07T12:43:01.472Z
6a9eb15529877fbd07f88eb6,com.gisma.advanced_database.shipment.adapter.secondary.mongo.entity.ShippingDBO,2026-09-07T12:43:01.900Z,4c8f14f2-86fd-440e-a5bf-6d2d4e7f764c,"{""name"": ""port wireless"", ""address"": {""street"": ""148 3rd Avenue"", ""city"": ""52604 Pine Close"", ""state"": ""881 Smith Cliffs"", ""number"": ""67645337"", ""zipCode"": ""61535703"", ""district"": ""open-source"", ""createdAt"": {""$date"": ""2026-09-07T12:43:01.900Z""}, ""updatedAt"": {""$date"": ""2026-09-07T12:43:01.900Z""}}, ""createdAt"": {""$date"": ""2026-09-07T12:43:01.900Z""}, ""updatedAt"": {""$date"": ""2026-09-07T12:43:01.900Z""}}",SHIPPED,2026-09-07T12:43:01.900Z
6a9eb15629877fbd07f88eb7,com.gisma.advanced_database.shipment.adapter.secondary.mongo.entity.ShippingDBO,2026-09-07T12:43:02.351Z,9196ea35-ca0b-49aa-8189-266ae0a4f803,"{""name"": ""card cross-platform"", ""address"": {""street"": ""148 3rd Avenue"", ""city"": ""52604 Pine Close"", ""state"": ""881 Smith Cliffs"", ""number"": ""67645337"", ""zipCode"": ""61535703"", ""district"": ""open-source"", ""createdAt"": {""$date"": ""2026-09-07T12:43:02.351Z""}, ""updatedAt"": {""$date"": ""2026-09-07T12:43:02.351Z""}}, ""createdAt"": {""$date"": ""2026-09-07T12:43:02.351Z""}, ""updatedAt"": {""$date"": ""2026-09-07T12:43:02.351Z""}}",TRANSIT,2026-09-07T12:43:02.351Z
6a9eb15629877fbd07f88eb8,com.gisma.advanced_database.shipment.adapter.secondary.mongo.entity.ShippingDBO,2026-09-07T12:43:02.804Z,62ed1055-7747-45b2-b3fc-26a4b9e696d2,"{""name"": ""system auxiliary"", ""address"": {""street"": ""148 3rd Avenue"", ""city"": ""52604 Pine Close"", ""state"": ""881 Smith Cliffs"", ""number"": ""67645337"", ""zipCode"": ""61535703"", ""district"": ""open-source"", ""createdAt"": {""$date"": ""2026-09-07T12:43:02.804Z""}, ""updatedAt"": {""$date"": ""2026-09-07T12:43:02.804Z""}}, ""createdAt"": {""$date"": ""2026-09-07T12:43:02.804Z""}, ""updatedAt"": {""$date"": ""2026-09-07T12:43:02.804Z""}}",DELIVERED,2026-09-07T12:43:02.804Z
6a9eb15729877fbd07f88eb9,com.gisma.advanced_database.shipment.adapter.secondary.mongo.entity.ShippingDBO,2026-09-07T12:43:03.240Z,1c7f4421-597a-4afa-952c-4db7aac0840f,"{""name"": ""bus multi-byte"", ""address"": {""street"": ""148 3rd Avenue"", ""city"": ""52604 Pine Close"", ""state"": ""881 Smith Cliffs"", ""number"": ""67645337"", ""zipCode"": ""61535703"", ""district"": ""open-source"", ""createdAt"": {""$date"": ""2026-09-07T12:43:03.240Z""}, ""updatedAt"": {""$date"": ""2026-09-07T12:43:03.240Z""}}, ""createdAt"": {""$date"": ""2026-09-07T12:43:03.240Z""}, ""updatedAt"": {""$date"": ""2026-09-07T12:43:03.240Z""}}",DELIVERED,2026-09-07T12:43:03.240Z
6a9eb15729877fbd07f88eba,com.gisma.advanced_database.shipment.adapter.secondary.mongo.entity.ShippingDBO,2026-09-07T12:43:03.709Z,b6183f33-4946-4104-8cc9-60337b63eb7c,"{""name"": ""pixel redundant"", ""address"": {""street"": ""148 3rd Avenue"", ""city"": ""52604 Pine Close"", ""state"": ""881 Smith Cliffs"", ""number"": ""67645337"", ""zipCode"": ""61535703"", ""district"": ""open-source"", ""createdAt"": {""$date"": ""2026-09-07T12:43:03.709Z""}, ""updatedAt"": {""$date"": ""2026-09-07T12:43:03.709Z""}}, ""createdAt"": {""$date"": ""2026-09-07T12:43:03.709Z""}, ""updatedAt"": {""$date"": ""2026-09-07T12:43:03.709Z""}}",PLACED,2026-09-07T12:43:03.709Z
6a9eb15829877fbd07f88ebb,com.gisma.advanced_database.shipment.adapter.secondary.mongo.entity.ShippingDBO,2026-09-07T12:43:04.213Z,0be25e72-45d8-4deb-ba0f-7d886ae9ca32,"{""name"": ""hard drive 1080p"", ""address"": {""street"": ""148 3rd Avenue"", ""city"": ""52604 Pine Close"", ""state"": ""881 Smith Cliffs"", ""number"": ""67645337"", ""zipCode"": ""61535703"", ""district"": ""open-source"", ""createdAt"": {""$date"": ""2026-09-07T12:43:04.213Z""}, ""updatedAt"": {""$date"": ""2026-09-07T12:43:04.213Z""}}, ""createdAt"": {""$date"": ""2026-09-07T12:43:04.213Z""}, ""updatedAt"": {""$date"": ""2026-09-07T12:43:04.213Z""}}",OUT_FOR_DELIVERY,2026-09-07T12:43:04.213Z
6a9eb15829877fbd07f88ebc,com.gisma.advanced_database.shipment.adapter.secondary.mongo.entity.ShippingDBO,2026-09-07T12:43:04.723Z,1b9d1084-4979-469a-b34b-1b95ca32a90d,"{""name"": ""microchip auxiliary"", ""address"": {""street"": ""148 3rd Avenue"", ""city"": ""52604 Pine Close"", ""state"": ""881 Smith Cliffs"", ""number"": ""67645337"", ""zipCode"": ""61535703"", ""district"": ""open-source"", ""createdAt"": {""$date"": ""2026-09-07T12:43:04.723Z""}, ""updatedAt"": {""$date"": ""2026-09-07T12:43:04.723Z""}}, ""createdAt"": {""$date"": ""2026-09-07T12:43:04.723Z""}, ""updatedAt"": {""$date"": ""2026-09-07T12:43:04.723Z""}}",DELIVERED,2026-09-07T12:43:04.723Z
6a9eb15929877fbd07f88ebd,com.gisma.advanced_database.shipment.adapter.secondary.mongo.entity.ShippingDBO,2026-09-07T12:43:05.169Z,b2e1546a-81ad-44f3-8c16-7339b283f671,"{""name"": ""firewall digital"", ""address"": {""street"": ""148 3rd Avenue"", ""city"": ""52604 Pine Close"", ""state"": ""881 Smith Cliffs"", ""number"": ""67645337"", ""zipCode"": ""61535703"", ""district"": ""open-source"", ""createdAt"": {""$date"": ""2026-09-07T12:43:05.169Z""}, ""updatedAt"": {""$date"": ""2026-09-07T12:43:05.169Z""}}, ""createdAt"": {""$date"": ""2026-09-07T12:43:05.169Z""}, ""updatedAt"": {""$date"": ""2026-09-07T12:43:05.169Z""}}",DELIVERED,2026-09-07T12:43:05.169Z
6a9eb15929877fbd07f88ebe,com.gisma.advanced_database.shipment.adapter.secondary.mongo.entity.ShippingDBO,2026-09-07T12:43:05.678Z,17518748-2b3d-482c-8f02-ed71bec4d174,"{""name"": ""alarm bluetooth"", ""address"": {""street"": ""148 3rd Avenue"", ""city"": ""52604 Pine Close"", ""state"": ""881 Smith Cliffs"", ""number"": ""67645337"", ""zipCode"": ""61535703"", ""district"": ""open-source"", ""createdAt"": {""$date"": ""2026-09-07T12:43:05.678Z""}, ""updatedAt"": {""$date"": ""2026-09-07T12:43:05.678Z""}}, ""createdAt"": {""$date"": ""2026-09-07T12:43:05.678Z""}, ""updatedAt"": {""$date"": ""2026-09-07T12:43:05.678Z""}}",DELIVERED,2026-09-07T12:43:05.678Z
6a9eb15a29877fbd07f88ebf,com.gisma.advanced_database.shipment.adapter.secondary.mongo.entity.ShippingDBO,2026-09-07T12:43:06.126Z,cc3e2594-08ac-4e66-80c0-57733dd6a70a,"{""name"": ""matrix primary"", ""address"": {""street"": ""148 3rd Avenue"", ""city"": ""52604 Pine Close"", ""state"": ""881 Smith Cliffs"", ""number"": ""67645337"", ""zipCode"": ""61535703"", ""district"": ""open-source"", ""createdAt"": {""$date"": ""2026-09-07T12:43:06.126Z""}, ""updatedAt"": {""$date"": ""2026-09-07T12:43:06.126Z""}}, ""createdAt"": {""$date"": ""2026-09-07T12:43:06.126Z""}, ""updatedAt"": {""$date"": ""2026-09-07T12:43:06.126Z""}}",TRANSIT,2026-09-07T12:43:06.126Z
6a9eb15a29877fbd07f88ec0,com.gisma.advanced_database.shipment.adapter.secondary.mongo.entity.ShippingDBO,2026-09-07T12:43:06.603Z,84294fc3-f4de-494a-9836-7d1ab6e0f417,"{""name"": ""port 1080p"", ""address"": {""street"": ""148 3rd Avenue"", ""city"": ""52604 Pine Close"", ""state"": ""881 Smith Cliffs"", ""number"": ""67645337"", ""zipCode"": ""61535703"", ""district"": ""open-source"", ""createdAt"": {""$date"": ""2026-09-07T12:43:06.603Z""}, ""updatedAt"": {""$date"": ""2026-09-07T12:43:06.603Z""}}, ""createdAt"": {""$date"": ""2026-09-07T12:43:06.603Z""}, ""updatedAt"": {""$date"": ""2026-09-07T12:43:06.603Z""}}",PLACED,2026-09-07T12:43:06.603Z
6a9eb15b29877fbd07f88ec1,com.gisma.advanced_database.shipment.adapter.secondary.mongo.entity.ShippingDBO,2026-09-07T12:43:07.084Z,0fc6e000-fbab-480f-aadb-4b4869a61f37,"{""name"": ""bus 1080p"", ""address"": {""street"": ""148 3rd Avenue"", ""city"": ""52604 Pine Close"", ""state"": ""881 Smith Cliffs"", ""number"": ""67645337"", ""zipCode"": ""61535703"", ""district"": ""open-source"", ""createdAt"": {""$date"": ""2026-09-07T12:43:07.084Z""}, ""updatedAt"": {""$date"": ""2026-09-07T12:43:07.084Z""}}, ""createdAt"": {""$date"": ""2026-09-07T12:43:07.084Z""}, ""updatedAt"": {""$date"": ""2026-09-07T12:43:07.084Z""}}",SHIPPED,2026-09-07T12:43:07.084Z
6a9eb15b29877fbd07f88ec2,com.gisma.advanced_database.shipment.adapter.secondary.mongo.entity.ShippingDBO,2026-09-07T12:43:07.569Z,1d2a5c09-16da-4d08-ae91-7b531d824602,"{""name"": ""program neural"", ""address"": {""street"": ""148 3rd Avenue"", ""city"": ""52604 Pine Close"", ""state"": ""881 Smith Cliffs"", ""number"": ""67645337"", ""zipCode"": ""61535703"", ""district"": ""open-source"", ""createdAt"": {""$date"": ""2026-09-07T12:43:07.569Z""}, ""updatedAt"": {""$date"": ""2026-09-07T12:43:07.569Z""}}, ""createdAt"": {""$date"": ""2026-09-07T12:43:07.569Z""}, ""updatedAt"": {""$date"": ""2026-09-07T12:43:07.569Z""}}",DELIVERED,2026-09-07T12:43:07.569Z
6a9eb15c29877fbd07f88ec3,com.gisma.advanced_database.shipment.adapter.secondary.mongo.entity.ShippingDBO,2026-09-07T12:43:08.185Z,acc5c2e2-bef3-4c4c-99d4-aad96d6b1ac2,"{""name"": ""panel multi-byte"", ""address"": {""street"": ""148 3rd Avenue"", ""city"": ""52604 Pine Close"", ""state"": ""881 Smith Cliffs"", ""number"": ""67645337"", ""zipCode"": ""61535703"", ""district"": ""open-source"", ""createdAt"": {""$date"": ""2026-09-07T12:43:08.185Z""}, ""updatedAt"": {""$date"": ""2026-09-07T12:43:08.185Z""}}, ""createdAt"": {""$date"": ""2026-09-07T12:43:08.185Z""}, ""updatedAt"": {""$date"": ""2026-09-07T12:43:08.185Z""}}",DELIVERED,2026-09-07T12:43:08.185Z
6a9eb15c29877fbd07f88ec4,com.gisma.advanced_database.shipment.adapter.secondary.mongo.entity.ShippingDBO,2026-09-07T12:43:08.907Z,b22e3a17-7986-43d1-8dae-c797e1f8631b,"{""name"": ""panel haptic"", ""address"": {""street"": ""148 3rd Avenue"", ""city"": ""52604 Pine Close"", ""state"": ""881 Smith Cliffs"", ""number"": ""67645337"", ""zipCode"": ""61535703"", ""district"": ""open-source"", ""createdAt"": {""$date"": ""2026-09-07T12:43:08.906Z""}, ""updatedAt"": {""$date"": ""2026-09-07T12:43:08.906Z""}}, ""createdAt"": {""$date"": ""2026-09-07T12:43:08.907Z""}, ""updatedAt"": {""$date"": ""2026-09-07T12:43:08.907Z""}}",TRANSIT,2026-09-07T12:43:08.907Z
6a9eb15d29877fbd07f88ec5,com.gisma.advanced_database.shipment.adapter.secondary.mongo.entity.ShippingDBO,2026-09-07T12:43:09.521Z,d147f5fc-1d9a-4193-ad55-1c994ecc2e01,"{""name"": ""panel primary"", ""address"": {""street"": ""148 3rd Avenue"", ""city"": ""52604 Pine Close"", ""state"": ""881 Smith Cliffs"", ""number"": ""67645337"", ""zipCode"": ""61535703"", ""district"": ""open-source"", ""createdAt"": {""$date"": ""2026-09-07T12:43:09.521Z""}, ""updatedAt"": {""$date"": ""2026-09-07T12:43:09.521Z""}}, ""createdAt"": {""$date"": ""2026-09-07T12:43:09.521Z""}, ""updatedAt"": {""$date"": ""2026-09-07T12:43:09.521Z""}}",TRANSIT,2026-09-07T12:43:09.521Z
6a9eb15e29877fbd07f88ec6,com.gisma.advanced_database.shipment.adapter.secondary.mongo.entity.ShippingDBO,2026-09-07T12:43:10.088Z,324ea4a8-c9d8-4527-afd2-ad8392bb40a7,"{""name"": ""interface mobile"", ""address"": {""street"": ""148 3rd Avenue"", ""city"": ""52604 Pine Close"", ""state"": ""881 Smith Cliffs"", ""number"": ""67645337"", ""zipCode"": ""61535703"", ""district"": ""open-source"", ""createdAt"": {""$date"": ""2026-09-07T12:43:10.088Z""}, ""updatedAt"": {""$date"": ""2026-09-07T12:43:10.088Z""}}, ""createdAt"": {""$date"": ""2026-09-07T12:43:10.088Z""}, ""updatedAt"": {""$date"": ""2026-09-07T12:43:10.088Z""}}",SHIPPED,2026-09-07T12:43:10.088Z
6a9eb15e29877fbd07f88ec7,com.gisma.advanced_database.shipment.adapter.secondary.mongo.entity.ShippingDBO,2026-09-07T12:43:10.676Z,7f751ff8-21f9-48a8-82c9-6b0e98cc90cb,"{""name"": ""pixel cross-platform"", ""address"": {""street"": ""148 3rd Avenue"", ""city"": ""52604 Pine Close"", ""state"": ""881 Smith Cliffs"", ""number"": ""67645337"", ""zipCode"": ""61535703"", ""district"": ""open-source"", ""createdAt"": {""$date"": ""2026-09-07T12:43:10.676Z""}, ""updatedAt"": {""$date"": ""2026-09-07T12:43:10.676Z""}}, ""createdAt"": {""$date"": ""2026-09-07T12:43:10.676Z""}, ""updatedAt"": {""$date"": ""2026-09-07T12:43:10.676Z""}}",PLACED,2026-09-07T12:43:10.676Z
6a9eb15f29877fbd07f88ec8,com.gisma.advanced_database.shipment.adapter.secondary.mongo.entity.ShippingDBO,2026-09-07T12:43:11.274Z,919103d9-a6dc-42a5-97c9-d098683466e4,"{""name"": ""microchip haptic"", ""address"": {""street"": ""148 3rd Avenue"", ""city"": ""52604 Pine Close"", ""state"": ""881 Smith Cliffs"", ""number"": ""67645337"", ""zipCode"": ""61535703"", ""district"": ""open-source"", ""createdAt"": {""$date"": ""2026-09-07T12:43:11.274Z""}, ""updatedAt"": {""$date"": ""2026-09-07T12:43:11.274Z""}}, ""createdAt"": {""$date"": ""2026-09-07T12:43:11.274Z""}, ""updatedAt"": {""$date"": ""2026-09-07T12:43:11.274Z""}}",SHIPPED,2026-09-07T12:43:11.274Z
6a9eb15f29877fbd07f88ec9,com.gisma.advanced_database.shipment.adapter.secondary.mongo.entity.ShippingDBO,2026-09-07T12:43:11.883Z,53a73b5a-c2dc-4b91-ad86-cd10b0c9740a,"{""name"": ""transmitter primary"", ""address"": {""street"": ""148 3rd Avenue"", ""city"": ""52604 Pine Close"", ""state"": ""881 Smith Cliffs"", ""number"": ""67645337"", ""zipCode"": ""61535703"", ""district"": ""open-source"", ""createdAt"": {""$date"": ""2026-09-07T12:43:11.883Z""}, ""updatedAt"": {""$date"": ""2026-09-07T12:43:11.883Z""}}, ""createdAt"": {""$date"": ""2026-09-07T12:43:11.883Z""}, ""updatedAt"": {""$date"": ""2026-09-07T12:43:11.883Z""}}",PACKED,2026-09-07T12:43:11.883Z
6a9eb16029877fbd07f88eca,com.gisma.advanced_database.shipment.adapter.secondary.mongo.entity.ShippingDBO,2026-09-07T12:43:12.551Z,63ab130d-4690-4f4d-b42c-7a22be364640,"{""name"": ""protocol 1080p"", ""address"": {""street"": ""148 3rd Avenue"", ""city"": ""52604 Pine Close"", ""state"": ""881 Smith Cliffs"", ""number"": ""67645337"", ""zipCode"": ""61535703"", ""district"": ""open-source"", ""createdAt"": {""$date"": ""2026-09-07T12:43:12.551Z""}, ""updatedAt"": {""$date"": ""2026-09-07T12:43:12.551Z""}}, ""createdAt"": {""$date"": ""2026-09-07T12:43:12.551Z""}, ""updatedAt"": {""$date"": ""2026-09-07T12:43:12.551Z""}}",DELIVERED,2026-09-07T12:43:12.551Z
6a9eb16129877fbd07f88ecb,com.gisma.advanced_database.shipment.adapter.secondary.mongo.entity.ShippingDBO,2026-09-07T12:43:13.206Z,ac75fd83-401a-40b8-8e73-b0101d1f6355,"{""name"": ""microchip digital"", ""address"": {""street"": ""148 3rd Avenue"", ""city"": ""52604 Pine Close"", ""state"": ""881 Smith Cliffs"", ""number"": ""67645337"", ""zipCode"": ""61535703"", ""district"": ""open-source"", ""createdAt"": {""$date"": ""2026-09-07T12:43:13.206Z""}, ""updatedAt"": {""$date"": ""2026-09-07T12:43:13.206Z""}}, ""createdAt"": {""$date"": ""2026-09-07T12:43:13.206Z""}, ""updatedAt"": {""$date"": ""2026-09-07T12:43:13.206Z""}}",OUT_FOR_DELIVERY,2026-09-07T12:43:13.206Z
6a9eb16129877fbd07f88ecc,com.gisma.advanced_database.shipment.adapter.secondary.mongo.entity.ShippingDBO,2026-09-07T12:43:13.896Z,a0eda17c-52b5-478a-9393-8d0863e181a7,"{""name"": ""monitor primary"", ""address"": {""street"": ""148 3rd Avenue"", ""city"": ""52604 Pine Close"", ""state"": ""881 Smith Cliffs"", ""number"": ""67645337"", ""zipCode"": ""61535703"", ""district"": ""open-source"", ""createdAt"": {""$date"": ""2026-09-07T12:43:13.896Z""}, ""updatedAt"": {""$date"": ""2026-09-07T12:43:13.896Z""}}, ""createdAt"": {""$date"": ""2026-09-07T12:43:13.896Z""}, ""updatedAt"": {""$date"": ""2026-09-07T12:43:13.896Z""}}",SHIPPED,2026-09-07T12:43:13.896Z
6a9eb16229877fbd07f88ecd,com.gisma.advanced_database.shipment.adapter.secondary.mongo.entity.ShippingDBO,2026-09-07T12:43:14.553Z,25b4847e-76ac-48c5-9730-520c085e3761,"{""name"": ""array auxiliary"", ""address"": {""street"": ""148 3rd Avenue"", ""city"": ""52604 Pine Close"", ""state"": ""881 Smith Cliffs"", ""number"": ""67645337"", ""zipCode"": ""61535703"", ""district"": ""open-source"", ""createdAt"": {""$date"": ""2026-09-07T12:43:14.553Z""}, ""updatedAt"": {""$date"": ""2026-09-07T12:43:14.553Z""}}, ""createdAt"": {""$date"": ""2026-09-07T12:43:14.553Z""}, ""updatedAt"": {""$date"": ""2026-09-07T12:43:14.553Z""}}",OUT_FOR_DELIVERY,2026-09-07T12:43:14.553Z
6a9eb16329877fbd07f88ece,com.gisma.advanced_database.shipment.adapter.secondary.mongo.entity.ShippingDBO,2026-09-07T12:43:15.143Z,a976796b-d50e-46db-afb4-9acf532094b8,"{""name"": ""driver solid state"", ""address"": {""street"": ""148 3rd Avenue"", ""city"": ""52604 Pine Close"", ""state"": ""881 Smith Cliffs"", ""number"": ""67645337"", ""zipCode"": ""61535703"", ""district"": ""open-source"", ""createdAt"": {""$date"": ""2026-09-07T12:43:15.143Z""}, ""updatedAt"": {""$date"": ""2026-09-07T12:43:15.143Z""}}, ""createdAt"": {""$date"": ""2026-09-07T12:43:15.143Z""}, ""updatedAt"": {""$date"": ""2026-09-07T12:43:15.143Z""}}",DELIVERED,2026-09-07T12:43:15.143Z
6a9eb16329877fbd07f88ecf,com.gisma.advanced_database.shipment.adapter.secondary.mongo.entity.ShippingDBO,2026-09-07T12:43:15.729Z,253d6ed6-2769-487a-bea2-9550315c7773,"{""name"": ""system solid state"", ""address"": {""street"": ""148 3rd Avenue"", ""city"": ""52604 Pine Close"", ""state"": ""881 Smith Cliffs"", ""number"": ""67645337"", ""zipCode"": ""61535703"", ""district"": ""open-source"", ""createdAt"": {""$date"": ""2026-09-07T12:43:15.729Z""}, ""updatedAt"": {""$date"": ""2026-09-07T12:43:15.729Z""}}, ""createdAt"": {""$date"": ""2026-09-07T12:43:15.729Z""}, ""updatedAt"": {""$date"": ""2026-09-07T12:43:15.729Z""}}",SHIPPED,2026-09-07T12:43:15.729Z
6a9eb16429877fbd07f88ed0,com.gisma.advanced_database.shipment.adapter.secondary.mongo.entity.ShippingDBO,2026-09-07T12:43:16.404Z,05ab3e7e-2a3b-431f-ae69-76313094cbfe,"{""name"": ""bus multi-byte"", ""address"": {""street"": ""148 3rd Avenue"", ""city"": ""52604 Pine Close"", ""state"": ""881 Smith Cliffs"", ""number"": ""67645337"", ""zipCode"": ""61535703"", ""district"": ""open-source"", ""createdAt"": {""$date"": ""2026-09-07T12:43:16.404Z""}, ""updatedAt"": {""$date"": ""2026-09-07T12:43:16.404Z""}}, ""createdAt"": {""$date"": ""2026-09-07T12:43:16.404Z""}, ""updatedAt"": {""$date"": ""2026-09-07T12:43:16.404Z""}}",DELIVERED,2026-09-07T12:43:16.404Z
6a9eb16529877fbd07f88ed1,com.gisma.advanced_database.shipment.adapter.secondary.mongo.entity.ShippingDBO,2026-09-07T12:43:17.103Z,770bbcde-3577-4a50-a1f1-2c2c1ac43ab8,"{""name"": ""driver 1080p"", ""address"": {""street"": ""148 3rd Avenue"", ""city"": ""52604 Pine Close"", ""state"": ""881 Smith Cliffs"", ""number"": ""67645337"", ""zipCode"": ""61535703"", ""district"": ""open-source"", ""createdAt"": {""$date"": ""2026-09-07T12:43:17.103Z""}, ""updatedAt"": {""$date"": ""2026-09-07T12:43:17.103Z""}}, ""createdAt"": {""$date"": ""2026-09-07T12:43:17.103Z""}, ""updatedAt"": {""$date"": ""2026-09-07T12:43:17.103Z""}}",DELIVERED,2026-09-07T12:43:17.103Z
6a9eb16529877fbd07f88ed2,com.gisma.advanced_database.shipment.adapter.secondary.mongo.entity.ShippingDBO,2026-09-07T12:43:17.770Z,640e7c5d-f3b5-469c-bdf9-20cecb7a47e6,"{""name"": ""feed online"", ""address"": {""street"": ""148 3rd Avenue"", ""city"": ""52604 Pine Close"", ""state"": ""881 Smith Cliffs"", ""number"": ""67645337"", ""zipCode"": ""61535703"", ""district"": ""open-source"", ""createdAt"": {""$date"": ""2026-09-07T12:43:17.769Z""}, ""updatedAt"": {""$date"": ""2026-09-07T12:43:17.770Z""}}, ""createdAt"": {""$date"": ""2026-09-07T12:43:17.770Z""}, ""updatedAt"": {""$date"": ""2026-09-07T12:43:17.770Z""}}",TRANSIT,2026-09-07T12:43:17.770Z
6a9eb16629877fbd07f88ed3,com.gisma.advanced_database.shipment.adapter.secondary.mongo.entity.ShippingDBO,2026-09-07T12:43:18.438Z,a3f145ac-99e5-491d-846b-a811383ab376,"{""name"": ""feed solid state"", ""address"": {""street"": ""148 3rd Avenue"", ""city"": ""52604 Pine Close"", ""state"": ""881 Smith Cliffs"", ""number"": ""67645337"", ""zipCode"": ""61535703"", ""district"": ""open-source"", ""createdAt"": {""$date"": ""2026-09-07T12:43:18.438Z""}, ""updatedAt"": {""$date"": ""2026-09-07T12:43:18.438Z""}}, ""createdAt"": {""$date"": ""2026-09-07T12:43:18.438Z""}, ""updatedAt"": {""$date"": ""2026-09-07T12:43:18.438Z""}}",DELIVERED,2026-09-07T12:43:18.438Z
6a9eb16729877fbd07f88ed4,com.gisma.advanced_database.shipment.adapter.secondary.mongo.entity.ShippingDBO,2026-09-07T12:43:19.071Z,d2a0e4d9-8d97-4c02-91d5-8331676e011c,"{""name"": ""matrix wireless"", ""address"": {""street"": ""148 3rd Avenue"", ""city"": ""52604 Pine Close"", ""state"": ""881 Smith Cliffs"", ""number"": ""67645337"", ""zipCode"": ""61535703"", ""district"": ""open-source"", ""createdAt"": {""$date"": ""2026-09-07T12:43:19.071Z""}, ""updatedAt"": {""$date"": ""2026-09-07T12:43:19.071Z""}}, ""createdAt"": {""$date"": ""2026-09-07T12:43:19.071Z""}, ""updatedAt"": {""$date"": ""2026-09-07T12:43:19.071Z""}}",SHIPPED,2026-09-07T12:43:19.071Z
6a9eb16729877fbd07f88ed5,com.gisma.advanced_database.shipment.adapter.secondary.mongo.entity.ShippingDBO,2026-09-07T12:43:19.740Z,536195b8-0c55-4e8c-9e1c-9213c0df7e65,"{""name"": ""hard drive primary"", ""address"": {""street"": ""148 3rd Avenue"", ""city"": ""52604 Pine Close"", ""state"": ""881 Smith Cliffs"", ""number"": ""67645337"", ""zipCode"": ""61535703"", ""district"": ""open-source"", ""createdAt"": {""$date"": ""2026-09-07T12:43:19.740Z""}, ""updatedAt"": {""$date"": ""2026-09-07T12:43:19.740Z""}}, ""createdAt"": {""$date"": ""2026-09-07T12:43:19.740Z""}, ""updatedAt"": {""$date"": ""2026-09-07T12:43:19.740Z""}}",PACKED,2026-09-07T12:43:19.740Z
6a9eb16829877fbd07f88ed6,com.gisma.advanced_database.shipment.adapter.secondary.mongo.entity.ShippingDBO,2026-09-07T12:43:20.432Z,46bb4683-3248-4ec9-b65e-8aa1585f9e19,"{""name"": ""circuit mobile"", ""address"": {""street"": ""148 3rd Avenue"", ""city"": ""52604 Pine Close"", ""state"": ""881 Smith Cliffs"", ""number"": ""67645337"", ""zipCode"": ""61535703"", ""district"": ""open-source"", ""createdAt"": {""$date"": ""2026-09-07T12:43:20.432Z""}, ""updatedAt"": {""$date"": ""2026-09-07T12:43:20.432Z""}}, ""createdAt"": {""$date"": ""2026-09-07T12:43:20.432Z""}, ""updatedAt"": {""$date"": ""2026-09-07T12:43:20.432Z""}}",DELIVERED,2026-09-07T12:43:20.432Z
6a9eb16929877fbd07f88ed7,com.gisma.advanced_database.shipment.adapter.secondary.mongo.entity.ShippingDBO,2026-09-07T12:43:21.118Z,8b1173bf-dd2a-46b8-a477-0abc88860d77,"{""name"": ""matrix back-end"", ""address"": {""street"": ""148 3rd Avenue"", ""city"": ""52604 Pine Close"", ""state"": ""881 Smith Cliffs"", ""number"": ""67645337"", ""zipCode"": ""61535703"", ""district"": ""open-source"", ""createdAt"": {""$date"": ""2026-09-07T12:43:21.118Z""}, ""updatedAt"": {""$date"": ""2026-09-07T12:43:21.118Z""}}, ""createdAt"": {""$date"": ""2026-09-07T12:43:21.118Z""}, ""updatedAt"": {""$date"": ""2026-09-07T12:43:21.118Z""}}",TRANSIT,2026-09-07T12:43:21.118Z
6a9eb16929877fbd07f88ed8,com.gisma.advanced_database.shipment.adapter.secondary.mongo.entity.ShippingDBO,2026-09-07T12:43:21.904Z,642b8af0-5260-4d67-a5b6-d6933d52b863,"{""name"": ""protocol auxiliary"", ""address"": {""street"": ""148 3rd Avenue"", ""city"": ""52604 Pine Close"", ""state"": ""881 Smith Cliffs"", ""number"": ""67645337"", ""zipCode"": ""61535703"", ""district"": ""open-source"", ""createdAt"": {""$date"": ""2026-09-07T12:43:21.904Z""}, ""updatedAt"": {""$date"": ""2026-09-07T12:43:21.904Z""}}, ""createdAt"": {""$date"": ""2026-09-07T12:43:21.904Z""}, ""updatedAt"": {""$date"": ""2026-09-07T12:43:21.904Z""}}",OUT_FOR_DELIVERY,2026-09-07T12:43:21.904Z
6a9eb16a29877fbd07f88ed9,com.gisma.advanced_database.shipment.adapter.secondary.mongo.entity.ShippingDBO,2026-09-07T12:43:22.608Z,8996e5ed-7bcc-45d1-869d-83deb22c4672,"{""name"": ""array virtual"", ""address"": {""street"": ""148 3rd Avenue"", ""city"": ""52604 Pine Close"", ""state"": ""881 Smith Cliffs"", ""number"": ""67645337"", ""zipCode"": ""61535703"", ""district"": ""open-source"", ""createdAt"": {""$date"": ""2026-09-07T12:43:22.608Z""}, ""updatedAt"": {""$date"": ""2026-09-07T12:43:22.608Z""}}, ""createdAt"": {""$date"": ""2026-09-07T12:43:22.608Z""}, ""updatedAt"": {""$date"": ""2026-09-07T12:43:22.608Z""}}",OUT_FOR_DELIVERY,2026-09-07T12:43:22.608Z
6a9eb16b29877fbd07f88eda,com.gisma.advanced_database.shipment.adapter.secondary.mongo.entity.ShippingDBO,2026-09-07T12:43:23.333Z,6c95166b-ea8c-4f2a-b6c0-418e1758309f,"{""name"": ""system bluetooth"", ""address"": {""street"": ""148 3rd Avenue"", ""city"": ""52604 Pine Close"", ""state"": ""881 Smith Cliffs"", ""number"": ""67645337"", ""zipCode"": ""61535703"", ""district"": ""open-source"", ""createdAt"": {""$date"": ""2026-09-07T12:43:23.333Z""}, ""updatedAt"": {""$date"": ""2026-09-07T12:43:23.333Z""}}, ""createdAt"": {""$date"": ""2026-09-07T12:43:23.333Z""}, ""updatedAt"": {""$date"": ""2026-09-07T12:43:23.333Z""}}",PLACED,2026-09-07T12:43:23.333Z
6a9eb16b29877fbd07f88edb,com.gisma.advanced_database.shipment.adapter.secondary.mongo.entity.ShippingDBO,2026-09-07T12:43:23.955Z,8562aaaa-c55c-49ab-9c35-356618b10a71,"{""name"": ""firewall digital"", ""address"": {""street"": ""148 3rd Avenue"", ""city"": ""52604 Pine Close"", ""state"": ""881 Smith Cliffs"", ""number"": ""67645337"", ""zipCode"": ""61535703"", ""district"": ""open-source"", ""createdAt"": {""$date"": ""2026-09-07T12:43:23.955Z""}, ""updatedAt"": {""$date"": ""2026-09-07T12:43:23.955Z""}}, ""createdAt"": {""$date"": ""2026-09-07T12:43:23.955Z""}, ""updatedAt"": {""$date"": ""2026-09-07T12:43:23.955Z""}}",OUT_FOR_DELIVERY,2026-09-07T12:43:23.955Z
6a9eb16c29877fbd07f88edc,com.gisma.advanced_database.shipment.adapter.secondary.mongo.entity.ShippingDBO,2026-09-07T12:43:24.733Z,9aee60e6-b924-441a-a71d-0a9ffbad5fdf,"{""name"": ""card digital"", ""address"": {""street"": ""148 3rd Avenue"", ""city"": ""52604 Pine Close"", ""state"": ""881 Smith Cliffs"", ""number"": ""67645337"", ""zipCode"": ""61535703"", ""district"": ""open-source"", ""createdAt"": {""$date"": ""2026-09-07T12:43:24.733Z""}, ""updatedAt"": {""$date"": ""2026-09-07T12:43:24.733Z""}}, ""createdAt"": {""$date"": ""2026-09-07T12:43:24.733Z""}, ""updatedAt"": {""$date"": ""2026-09-07T12:43:24.733Z""}}",PLACED,2026-09-07T12:43:24.733Z
6a9eb16d29877fbd07f88edd,com.gisma.advanced_database.shipment.adapter.secondary.mongo.entity.ShippingDBO,2026-09-07T12:43:25.515Z,0f2d96b5-d832-409b-92c9-42f3d4ae85b6,"{""name"": ""microchip back-end"", ""address"": {""street"": ""148 3rd Avenue"", ""city"": ""52604 Pine Close"", ""state"": ""881 Smith Cliffs"", ""number"": ""67645337"", ""zipCode"": ""61535703"", ""district"": ""open-source"", ""createdAt"": {""$date"": ""2026-09-07T12:43:25.515Z""}, ""updatedAt"": {""$date"": ""2026-09-07T12:43:25.515Z""}}, ""createdAt"": {""$date"": ""2026-09-07T12:43:25.515Z""}, ""updatedAt"": {""$date"": ""2026-09-07T12:43:25.515Z""}}",PACKED,2026-09-07T12:43:25.515Z
6a9eb16e29877fbd07f88ede,com.gisma.advanced_database.shipment.adapter.secondary.mongo.entity.ShippingDBO,2026-09-07T12:43:26.163Z,06a97ad3-bdb5-4506-b9a2-c0eaff7b3960,"{""name"": ""firewall open-source"", ""address"": {""street"": ""148 3rd Avenue"", ""city"": ""52604 Pine Close"", ""state"": ""881 Smith Cliffs"", ""number"": ""67645337"", ""zipCode"": ""61535703"", ""district"": ""open-source"", ""createdAt"": {""$date"": ""2026-09-07T12:43:26.163Z""}, ""updatedAt"": {""$date"": ""2026-09-07T12:43:26.163Z""}}, ""createdAt"": {""$date"": ""2026-09-07T12:43:26.163Z""}, ""updatedAt"": {""$date"": ""2026-09-07T12:43:26.163Z""}}",SHIPPED,2026-09-07T12:43:26.163Z
6a9eb16e29877fbd07f88edf,com.gisma.advanced_database.shipment.adapter.secondary.mongo.entity.ShippingDBO,2026-09-07T12:43:26.837Z,a1d3bbf7-d393-48f9-bc58-94f198324d2a,"{""name"": ""microchip auxiliary"", ""address"": {""street"": ""148 3rd Avenue"", ""city"": ""52604 Pine Close"", ""state"": ""881 Smith Cliffs"", ""number"": ""67645337"", ""zipCode"": ""61535703"", ""district"": ""open-source"", ""createdAt"": {""$date"": ""2026-09-07T12:43:26.837Z""}, ""updatedAt"": {""$date"": ""2026-09-07T12:43:26.837Z""}}, ""createdAt"": {""$date"": ""2026-09-07T12:43:26.837Z""}, ""updatedAt"": {""$date"": ""2026-09-07T12:43:26.837Z""}}",PLACED,2026-09-07T12:43:26.837Z
6a9eb16f29877fbd07f88ee0,com.gisma.advanced_database.shipment.adapter.secondary.mongo.entity.ShippingDBO,2026-09-07T12:43:27.534Z,ab575703-4866-42fa-897e-f17490f5df7d,"{""name"": ""alarm online"", ""address"": {""street"": ""148 3rd Avenue"", ""city"": ""52604 Pine Close"", ""state"": ""881 Smith Cliffs"", ""number"": ""67645337"", ""zipCode"": ""61535703"", ""district"": ""open-source"", ""createdAt"": {""$date"": ""2026-09-07T12:43:27.534Z""}, ""updatedAt"": {""$date"": ""2026-09-07T12:43:27.534Z""}}, ""createdAt"": {""$date"": ""2026-09-07T12:43:27.534Z""}, ""updatedAt"": {""$date"": ""2026-09-07T12:43:27.534Z""}}",PLACED,2026-09-07T12:43:27.534Z
6a9eb17029877fbd07f88ee1,com.gisma.advanced_database.shipment.adapter.secondary.mongo.entity.ShippingDBO,2026-09-07T12:43:28.388Z,451216b6-a083-4d1b-9390-6b1e8f86bcdf,"{""name"": ""interface redundant"", ""address"": {""street"": ""148 3rd Avenue"", ""city"": ""52604 Pine Close"", ""state"": ""881 Smith Cliffs"", ""number"": ""67645337"", ""zipCode"": ""61535703"", ""district"": ""open-source"", ""createdAt"": {""$date"": ""2026-09-07T12:43:28.388Z""}, ""updatedAt"": {""$date"": ""2026-09-07T12:43:28.388Z""}}, ""createdAt"": {""$date"": ""2026-09-07T12:43:28.388Z""}, ""updatedAt"": {""$date"": ""2026-09-07T12:43:28.388Z""}}",SHIPPED,2026-09-07T12:43:28.388Z
6a9eb17129877fbd07f88ee2,com.gisma.advanced_database.shipment.adapter.secondary.mongo.entity.ShippingDBO,2026-09-07T12:43:29.115Z,489a503a-033a-490d-bcee-56c9a8fb1153,"{""name"": ""port redundant"", ""address"": {""street"": ""148 3rd Avenue"", ""city"": ""52604 Pine Close"", ""state"": ""881 Smith Cliffs"", ""number"": ""67645337"", ""zipCode"": ""61535703"", ""district"": ""open-source"", ""createdAt"": {""$date"": ""2026-09-07T12:43:29.115Z""}, ""updatedAt"": {""$date"": ""2026-09-07T12:43:29.115Z""}}, ""createdAt"": {""$date"": ""2026-09-07T12:43:29.115Z""}, ""updatedAt"": {""$date"": ""2026-09-07T12:43:29.115Z""}}",PLACED,2026-09-07T12:43:29.115Z
6a9eb17129877fbd07f88ee3,com.gisma.advanced_database.shipment.adapter.secondary.mongo.entity.ShippingDBO,2026-09-07T12:43:29.863Z,03d83a0c-fc85-481e-b6e8-e4ce35033b18,"{""name"": ""array auxiliary"", ""address"": {""street"": ""148 3rd Avenue"", ""city"": ""52604 Pine Close"", ""state"": ""881 Smith Cliffs"", ""number"": ""67645337"", ""zipCode"": ""61535703"", ""district"": ""open-source"", ""createdAt"": {""$date"": ""2026-09-07T12:43:29.863Z""}, ""updatedAt"": {""$date"": ""2026-09-07T12:43:29.863Z""}}, ""createdAt"": {""$date"": ""2026-09-07T12:43:29.863Z""}, ""updatedAt"": {""$date"": ""2026-09-07T12:43:29.863Z""}}",DELIVERED,2026-09-07T12:43:29.863Z
6a9eb17229877fbd07f88ee4,com.gisma.advanced_database.shipment.adapter.secondary.mongo.entity.ShippingDBO,2026-09-07T12:43:30.669Z,05329651-d473-4766-9587-d5d2e562ba67,"{""name"": ""alarm solid state"", ""address"": {""street"": ""148 3rd Avenue"", ""city"": ""52604 Pine Close"", ""state"": ""881 Smith Cliffs"", ""number"": ""67645337"", ""zipCode"": ""61535703"", ""district"": ""open-source"", ""createdAt"": {""$date"": ""2026-09-07T12:43:30.669Z""}, ""updatedAt"": {""$date"": ""2026-09-07T12:43:30.669Z""}}, ""createdAt"": {""$date"": ""2026-09-07T12:43:30.669Z""}, ""updatedAt"": {""$date"": ""2026-09-07T12:43:30.669Z""}}",TRANSIT,2026-09-07T12:43:30.669Z
6a9eb17329877fbd07f88ee5,com.gisma.advanced_database.shipment.adapter.secondary.mongo.entity.ShippingDBO,2026-09-07T12:43:31.463Z,143a52dd-bd4d-4e47-b86f-e17beb9b2426,"{""name"": ""bandwidth wireless"", ""address"": {""street"": ""148 3rd Avenue"", ""city"": ""52604 Pine Close"", ""state"": ""881 Smith Cliffs"", ""number"": ""67645337"", ""zipCode"": ""61535703"", ""district"": ""open-source"", ""createdAt"": {""$date"": ""2026-09-07T12:43:31.463Z""}, ""updatedAt"": {""$date"": ""2026-09-07T12:43:31.463Z""}}, ""createdAt"": {""$date"": ""2026-09-07T12:43:31.463Z""}, ""updatedAt"": {""$date"": ""2026-09-07T12:43:31.463Z""}}",TRANSIT,2026-09-07T12:43:31.463Z
6a9eb17429877fbd07f88ee6,com.gisma.advanced_database.shipment.adapter.secondary.mongo.entity.ShippingDBO,2026-09-07T12:43:32.191Z,721825d0-42de-4108-8e5c-615f8772bd9f,"{""name"": ""feed mobile"", ""address"": {""street"": ""148 3rd Avenue"", ""city"": ""52604 Pine Close"", ""state"": ""881 Smith Cliffs"", ""number"": ""67645337"", ""zipCode"": ""61535703"", ""district"": ""open-source"", ""createdAt"": {""$date"": ""2026-09-07T12:43:32.191Z""}, ""updatedAt"": {""$date"": ""2026-09-07T12:43:32.191Z""}}, ""createdAt"": {""$date"": ""2026-09-07T12:43:32.191Z""}, ""updatedAt"": {""$date"": ""2026-09-07T12:43:32.191Z""}}",OUT_FOR_DELIVERY,2026-09-07T12:43:32.191Z
6a9eb17529877fbd07f88ee7,com.gisma.advanced_database.shipment.adapter.secondary.mongo.entity.ShippingDBO,2026-09-07T12:43:33.064Z,a2d13095-d245-4f4e-b16e-58e120912083,"{""name"": ""microchip solid state"", ""address"": {""street"": ""148 3rd Avenue"", ""city"": ""52604 Pine Close"", ""state"": ""881 Smith Cliffs"", ""number"": ""67645337"", ""zipCode"": ""61535703"", ""district"": ""open-source"", ""createdAt"": {""$date"": ""2026-09-07T12:43:33.064Z""}, ""updatedAt"": {""$date"": ""2026-09-07T12:43:33.064Z""}}, ""createdAt"": {""$date"": ""2026-09-07T12:43:33.064Z""}, ""updatedAt"": {""$date"": ""2026-09-07T12:43:33.064Z""}}",PACKED,2026-09-07T12:43:33.064Z
6a9eb17529877fbd07f88ee8,com.gisma.advanced_database.shipment.adapter.secondary.mongo.entity.ShippingDBO,2026-09-07T12:43:33.829Z,3cde801d-a164-4889-b188-315b4298fa64,"{""name"": ""system optical"", ""address"": {""street"": ""148 3rd Avenue"", ""city"": ""52604 Pine Close"", ""state"": ""881 Smith Cliffs"", ""number"": ""67645337"", ""zipCode"": ""61535703"", ""district"": ""open-source"", ""createdAt"": {""$date"": ""2026-09-07T12:43:33.829Z""}, ""updatedAt"": {""$date"": ""2026-09-07T12:43:33.829Z""}}, ""createdAt"": {""$date"": ""2026-09-07T12:43:33.829Z""}, ""updatedAt"": {""$date"": ""2026-09-07T12:43:33.829Z""}}",OUT_FOR_DELIVERY,2026-09-07T12:43:33.829Z
6a9eb17629877fbd07f88ee9,com.gisma.advanced_database.shipment.adapter.secondary.mongo.entity.ShippingDBO,2026-09-07T12:43:34.629Z,0a141927-4990-4de7-ac72-08d30c3af676,"{""name"": ""array open-source"", ""address"": {""street"": ""148 3rd Avenue"", ""city"": ""52604 Pine Close"", ""state"": ""881 Smith Cliffs"", ""number"": ""67645337"", ""zipCode"": ""61535703"", ""district"": ""open-source"", ""createdAt"": {""$date"": ""2026-09-07T12:43:34.629Z""}, ""updatedAt"": {""$date"": ""2026-09-07T12:43:34.629Z""}}, ""createdAt"": {""$date"": ""2026-09-07T12:43:34.629Z""}, ""updatedAt"": {""$date"": ""2026-09-07T12:43:34.629Z""}}",SHIPPED,2026-09-07T12:43:34.629Z
6a9eb17729877fbd07f88eea,com.gisma.advanced_database.shipment.adapter.secondary.mongo.entity.ShippingDBO,2026-09-07T12:43:35.468Z,5a746b82-b835-4dd0-9344-c9f2c9fdf8ca,"{""name"": ""array digital"", ""address"": {""street"": ""148 3rd Avenue"", ""city"": ""52604 Pine Close"", ""state"": ""881 Smith Cliffs"", ""number"": ""67645337"", ""zipCode"": ""61535703"", ""district"": ""open-source"", ""createdAt"": {""$date"": ""2026-09-07T12:43:35.468Z""}, ""updatedAt"": {""$date"": ""2026-09-07T12:43:35.468Z""}}, ""createdAt"": {""$date"": ""2026-09-07T12:43:35.468Z""}, ""updatedAt"": {""$date"": ""2026-09-07T12:43:35.468Z""}}",PACKED,2026-09-07T12:43:35.468Z
6a9eb17829877fbd07f88eeb,com.gisma.advanced_database.shipment.adapter.secondary.mongo.entity.ShippingDBO,2026-09-07T12:43:36.263Z,0c29857b-a21a-43ca-b10a-d2f37f40f912,"{""name"": ""sensor wireless"", ""address"": {""street"": ""148 3rd Avenue"", ""city"": ""52604 Pine Close"", ""state"": ""881 Smith Cliffs"", ""number"": ""67645337"", ""zipCode"": ""61535703"", ""district"": ""open-source"", ""createdAt"": {""$date"": ""2026-09-07T12:43:36.263Z""}, ""updatedAt"": {""$date"": ""2026-09-07T12:43:36.263Z""}}, ""createdAt"": {""$date"": ""2026-09-07T12:43:36.263Z""}, ""updatedAt"": {""$date"": ""2026-09-07T12:43:36.263Z""}}",SHIPPED,2026-09-07T12:43:36.263Z
6a9eb17929877fbd07f88eec,com.gisma.advanced_database.shipment.adapter.secondary.mongo.entity.ShippingDBO,2026-09-07T12:43:37.140Z,400d14d0-a26e-4c93-921d-d14518635c23,"{""name"": ""program multi-byte"", ""address"": {""street"": ""148 3rd Avenue"", ""city"": ""52604 Pine Close"", ""state"": ""881 Smith Cliffs"", ""number"": ""67645337"", ""zipCode"": ""61535703"", ""district"": ""open-source"", ""createdAt"": {""$date"": ""2026-09-07T12:43:37.140Z""}, ""updatedAt"": {""$date"": ""2026-09-07T12:43:37.140Z""}}, ""createdAt"": {""$date"": ""2026-09-07T12:43:37.140Z""}, ""updatedAt"": {""$date"": ""2026-09-07T12:43:37.140Z""}}",TRANSIT,2026-09-07T12:43:37.140Z
6a9eb17a29877fbd07f88eed,com.gisma.advanced_database.shipment.adapter.secondary.mongo.entity.ShippingDBO,2026-09-07T12:43:38.035Z,41e9ac3c-6d8a-46ae-8244-165fd2279dae,"{""name"": ""protocol mobile"", ""address"": {""street"": ""148 3rd Avenue"", ""city"": ""52604 Pine Close"", ""state"": ""881 Smith Cliffs"", ""number"": ""67645337"", ""zipCode"": ""61535703"", ""district"": ""open-source"", ""createdAt"": {""$date"": ""2026-09-07T12:43:38.035Z""}, ""updatedAt"": {""$date"": ""2026-09-07T12:43:38.035Z""}}, ""createdAt"": {""$date"": ""2026-09-07T12:43:38.035Z""}, ""updatedAt"": {""$date"": ""2026-09-07T12:43:38.035Z""}}",PACKED,2026-09-07T12:43:38.035Z
6a9eb17a29877fbd07f88eee,com.gisma.advanced_database.shipment.adapter.secondary.mongo.entity.ShippingDBO,2026-09-07T12:43:38.883Z,472f6fcd-a756-48ea-aa53-5b82ccd1ee16,"{""name"": ""card online"", ""address"": {""street"": ""148 3rd Avenue"", ""city"": ""52604 Pine Close"", ""state"": ""881 Smith Cliffs"", ""number"": ""67645337"", ""zipCode"": ""61535703"", ""district"": ""open-source"", ""createdAt"": {""$date"": ""2026-09-07T12:43:38.883Z""}, ""updatedAt"": {""$date"": ""2026-09-07T12:43:38.883Z""}}, ""createdAt"": {""$date"": ""2026-09-07T12:43:38.883Z""}, ""updatedAt"": {""$date"": ""2026-09-07T12:43:38.883Z""}}",DELIVERED,2026-09-07T12:43:38.883Z
6a9eb17b29877fbd07f88eef,com.gisma.advanced_database.shipment.adapter.secondary.mongo.entity.ShippingDBO,2026-09-07T12:43:39.774Z,83c1151f-1d5c-4d8f-829c-72a2eb369609,"{""name"": ""pixel open-source"", ""address"": {""street"": ""148 3rd Avenue"", ""city"": ""52604 Pine Close"", ""state"": ""881 Smith Cliffs"", ""number"": ""67645337"", ""zipCode"": ""61535703"", ""district"": ""open-source"", ""createdAt"": {""$date"": ""2026-09-07T12:43:39.774Z""}, ""updatedAt"": {""$date"": ""2026-09-07T12:43:39.774Z""}}, ""createdAt"": {""$date"": ""2026-09-07T12:43:39.774Z""}, ""updatedAt"": {""$date"": ""2026-09-07T12:43:39.774Z""}}",OUT_FOR_DELIVERY,2026-09-07T12:43:39.774Z
6a9eb17c29877fbd07f88ef0,com.gisma.advanced_database.shipment.adapter.secondary.mongo.entity.ShippingDBO,2026-09-07T12:43:40.656Z,ced534f3-a78c-4aea-8998-642fd8212287,"{""name"": ""application auxiliary"", ""address"": {""street"": ""148 3rd Avenue"", ""city"": ""52604 Pine Close"", ""state"": ""881 Smith Cliffs"", ""number"": ""67645337"", ""zipCode"": ""61535703"", ""district"": ""open-source"", ""createdAt"": {""$date"": ""2026-09-07T12:43:40.656Z""}, ""updatedAt"": {""$date"": ""2026-09-07T12:43:40.656Z""}}, ""createdAt"": {""$date"": ""2026-09-07T12:43:40.656Z""}, ""updatedAt"": {""$date"": ""2026-09-07T12:43:40.656Z""}}",SHIPPED,2026-09-07T12:43:40.656Z
6a9eb17d29877fbd07f88ef1,com.gisma.advanced_database.shipment.adapter.secondary.mongo.entity.ShippingDBO,2026-09-07T12:43:41.563Z,6bb3acad-ea5d-4dbb-883b-ede695b77a47,"{""name"": ""panel solid state"", ""address"": {""street"": ""148 3rd Avenue"", ""city"": ""52604 Pine Close"", ""state"": ""881 Smith Cliffs"", ""number"": ""67645337"", ""zipCode"": ""61535703"", ""district"": ""open-source"", ""createdAt"": {""$date"": ""2026-09-07T12:43:41.563Z""}, ""updatedAt"": {""$date"": ""2026-09-07T12:43:41.563Z""}}, ""createdAt"": {""$date"": ""2026-09-07T12:43:41.563Z""}, ""updatedAt"": {""$date"": ""2026-09-07T12:43:41.563Z""}}",DELIVERED,2026-09-07T12:43:41.563Z
6a9eb17e29877fbd07f88ef2,com.gisma.advanced_database.shipment.adapter.secondary.mongo.entity.ShippingDBO,2026-09-07T12:43:42.537Z,782510aa-aef4-4e0d-b908-54ecf4e5e2b6,"{""name"": ""bus online"", ""address"": {""street"": ""148 3rd Avenue"", ""city"": ""52604 Pine Close"", ""state"": ""881 Smith Cliffs"", ""number"": ""67645337"", ""zipCode"": ""61535703"", ""district"": ""open-source"", ""createdAt"": {""$date"": ""2026-09-07T12:43:42.537Z""}, ""updatedAt"": {""$date"": ""2026-09-07T12:43:42.537Z""}}, ""createdAt"": {""$date"": ""2026-09-07T12:43:42.537Z""}, ""updatedAt"": {""$date"": ""2026-09-07T12:43:42.537Z""}}",OUT_FOR_DELIVERY,2026-09-07T12:43:42.537Z
6a9eb17f29877fbd07f88ef3,com.gisma.advanced_database.shipment.adapter.secondary.mongo.entity.ShippingDBO,2026-09-07T12:43:43.443Z,f22bdf8e-5cf5-45f2-8f4a-f7bc1a6b6499,"{""name"": ""interface wireless"", ""address"": {""street"": ""148 3rd Avenue"", ""city"": ""52604 Pine Close"", ""state"": ""881 Smith Cliffs"", ""number"": ""67645337"", ""zipCode"": ""61535703"", ""district"": ""open-source"", ""createdAt"": {""$date"": ""2026-09-07T12:43:43.443Z""}, ""updatedAt"": {""$date"": ""2026-09-07T12:43:43.443Z""}}, ""createdAt"": {""$date"": ""2026-09-07T12:43:43.443Z""}, ""updatedAt"": {""$date"": ""2026-09-07T12:43:43.443Z""}}",TRANSIT,2026-09-07T12:43:43.443Z
6a9eb18029877fbd07f88ef4,com.gisma.advanced_database.shipment.adapter.secondary.mongo.entity.ShippingDBO,2026-09-07T12:43:44.361Z,fd5e3591-9094-43d7-b2d9-600012dc9fd2,"{""name"": ""bus neural"", ""address"": {""street"": ""148 3rd Avenue"", ""city"": ""52604 Pine Close"", ""state"": ""881 Smith Cliffs"", ""number"": ""67645337"", ""zipCode"": ""61535703"", ""district"": ""open-source"", ""createdAt"": {""$date"": ""2026-09-07T12:43:44.361Z""}, ""updatedAt"": {""$date"": ""2026-09-07T12:43:44.361Z""}}, ""createdAt"": {""$date"": ""2026-09-07T12:43:44.361Z""}, ""updatedAt"": {""$date"": ""2026-09-07T12:43:44.361Z""}}",OUT_FOR_DELIVERY,2026-09-07T12:43:44.361Z
6a9eb18129877fbd07f88ef5,com.gisma.advanced_database.shipment.adapter.secondary.mongo.entity.ShippingDBO,2026-09-07T12:43:45.139Z,b3f936fb-5c11-43aa-a2b3-7566ca47e2e1,"{""name"": ""system wireless"", ""address"": {""street"": ""148 3rd Avenue"", ""city"": ""52604 Pine Close"", ""state"": ""881 Smith Cliffs"", ""number"": ""67645337"", ""zipCode"": ""61535703"", ""district"": ""open-source"", ""createdAt"": {""$date"": ""2026-09-07T12:43:45.139Z""}, ""updatedAt"": {""$date"": ""2026-09-07T12:43:45.139Z""}}, ""createdAt"": {""$date"": ""2026-09-07T12:43:45.139Z""}, ""updatedAt"": {""$date"": ""2026-09-07T12:43:45.139Z""}}",PLACED,2026-09-07T12:43:45.139Z
6a9eb18129877fbd07f88ef6,com.gisma.advanced_database.shipment.adapter.secondary.mongo.entity.ShippingDBO,2026-09-07T12:43:45.955Z,62305674-1275-429e-86fe-8ec73b67ca38,"{""name"": ""sensor 1080p"", ""address"": {""street"": ""148 3rd Avenue"", ""city"": ""52604 Pine Close"", ""state"": ""881 Smith Cliffs"", ""number"": ""67645337"", ""zipCode"": ""61535703"", ""district"": ""open-source"", ""createdAt"": {""$date"": ""2026-09-07T12:43:45.955Z""}, ""updatedAt"": {""$date"": ""2026-09-07T12:43:45.955Z""}}, ""createdAt"": {""$date"": ""2026-09-07T12:43:45.955Z""}, ""updatedAt"": {""$date"": ""2026-09-07T12:43:45.955Z""}}",PLACED,2026-09-07T12:43:45.955Z
6a9eb18229877fbd07f88ef7,com.gisma.advanced_database.shipment.adapter.secondary.mongo.entity.ShippingDBO,2026-09-07T12:43:46.772Z,dc51b23d-c67a-4d3d-b3e6-2d17b7d995a1,"{""name"": ""panel bluetooth"", ""address"": {""street"": ""148 3rd Avenue"", ""city"": ""52604 Pine Close"", ""state"": ""881 Smith Cliffs"", ""number"": ""67645337"", ""zipCode"": ""61535703"", ""district"": ""open-source"", ""createdAt"": {""$date"": ""2026-09-07T12:43:46.772Z""}, ""updatedAt"": {""$date"": ""2026-09-07T12:43:46.772Z""}}, ""createdAt"": {""$date"": ""2026-09-07T12:43:46.772Z""}, ""updatedAt"": {""$date"": ""2026-09-07T12:43:46.772Z""}}",OUT_FOR_DELIVERY,2026-09-07T12:43:46.772Z
6a9eb18329877fbd07f88ef8,com.gisma.advanced_database.shipment.adapter.secondary.mongo.entity.ShippingDBO,2026-09-07T12:43:47.600Z,52c02dfc-edd7-4f54-a624-29c42ea739e0,"{""name"": ""firewall auxiliary"", ""address"": {""street"": ""148 3rd Avenue"", ""city"": ""52604 Pine Close"", ""state"": ""881 Smith Cliffs"", ""number"": ""67645337"", ""zipCode"": ""61535703"", ""district"": ""open-source"", ""createdAt"": {""$date"": ""2026-09-07T12:43:47.600Z""}, ""updatedAt"": {""$date"": ""2026-09-07T12:43:47.600Z""}}, ""createdAt"": {""$date"": ""2026-09-07T12:43:47.600Z""}, ""updatedAt"": {""$date"": ""2026-09-07T12:43:47.600Z""}}",PLACED,2026-09-07T12:43:47.600Z
6a9eb18429877fbd07f88ef9,com.gisma.advanced_database.shipment.adapter.secondary.mongo.entity.ShippingDBO,2026-09-07T12:43:48.417Z,495c6f61-a3c8-4c5f-9abe-f5d520c31c07,"{""name"": ""driver digital"", ""address"": {""street"": ""148 3rd Avenue"", ""city"": ""52604 Pine Close"", ""state"": ""881 Smith Cliffs"", ""number"": ""67645337"", ""zipCode"": ""61535703"", ""district"": ""open-source"", ""createdAt"": {""$date"": ""2026-09-07T12:43:48.417Z""}, ""updatedAt"": {""$date"": ""2026-09-07T12:43:48.417Z""}}, ""createdAt"": {""$date"": ""2026-09-07T12:43:48.417Z""}, ""updatedAt"": {""$date"": ""2026-09-07T12:43:48.417Z""}}",SHIPPED,2026-09-07T12:43:48.417Z
6a9eb18529877fbd07f88efa,com.gisma.advanced_database.shipment.adapter.secondary.mongo.entity.ShippingDBO,2026-09-07T12:43:49.262Z,c4875cd5-23b8-4ac4-91b7-11da0d63d643,"{""name"": ""program bluetooth"", ""address"": {""street"": ""148 3rd Avenue"", ""city"": ""52604 Pine Close"", ""state"": ""881 Smith Cliffs"", ""number"": ""67645337"", ""zipCode"": ""61535703"", ""district"": ""open-source"", ""createdAt"": {""$date"": ""2026-09-07T12:43:49.262Z""}, ""updatedAt"": {""$date"": ""2026-09-07T12:43:49.262Z""}}, ""createdAt"": {""$date"": ""2026-09-07T12:43:49.262Z""}, ""updatedAt"": {""$date"": ""2026-09-07T12:43:49.262Z""}}",PACKED,2026-09-07T12:43:49.262Z
6a9eb18629877fbd07f88efb,com.gisma.advanced_database.shipment.adapter.secondary.mongo.entity.ShippingDBO,2026-09-07T12:43:50.138Z,f2e00853-ee3c-424c-b11f-43dccd0ded89,"{""name"": ""hard drive online"", ""address"": {""street"": ""148 3rd Avenue"", ""city"": ""52604 Pine Close"", ""state"": ""881 Smith Cliffs"", ""number"": ""67645337"", ""zipCode"": ""61535703"", ""district"": ""open-source"", ""createdAt"": {""$date"": ""2026-09-07T12:43:50.138Z""}, ""updatedAt"": {""$date"": ""2026-09-07T12:43:50.138Z""}}, ""createdAt"": {""$date"": ""2026-09-07T12:43:50.138Z""}, ""updatedAt"": {""$date"": ""2026-09-07T12:43:50.138Z""}}",PLACED,2026-09-07T12:43:50.138Z
6a9eb18629877fbd07f88efc,com.gisma.advanced_database.shipment.adapter.secondary.mongo.entity.ShippingDBO,2026-09-07T12:43:50.973Z,8893f010-00ed-4acf-8b27-0b8f40492e25,"{""name"": ""firewall optical"", ""address"": {""street"": ""148 3rd Avenue"", ""city"": ""52604 Pine Close"", ""state"": ""881 Smith Cliffs"", ""number"": ""67645337"", ""zipCode"": ""61535703"", ""district"": ""open-source"", ""createdAt"": {""$date"": ""2026-09-07T12:43:50.973Z""}, ""updatedAt"": {""$date"": ""2026-09-07T12:43:50.973Z""}}, ""createdAt"": {""$date"": ""2026-09-07T12:43:50.973Z""}, ""updatedAt"": {""$date"": ""2026-09-07T12:43:50.973Z""}}",PLACED,2026-09-07T12:43:50.973Z
6a9eb18829877fbd07f88efd,com.gisma.advanced_database.shipment.adapter.secondary.mongo.entity.ShippingDBO,2026-09-07T12:43:52.064Z,9093e73c-f1ff-4ede-8a32-22e2901c74ac,"{""name"": ""port primary"", ""address"": {""street"": ""148 3rd Avenue"", ""city"": ""52604 Pine Close"", ""state"": ""881 Smith Cliffs"", ""number"": ""67645337"", ""zipCode"": ""61535703"", ""district"": ""open-source"", ""createdAt"": {""$date"": ""2026-09-07T12:43:52.064Z""}, ""updatedAt"": {""$date"": ""2026-09-07T12:43:52.064Z""}}, ""createdAt"": {""$date"": ""2026-09-07T12:43:52.064Z""}, ""updatedAt"": {""$date"": ""2026-09-07T12:43:52.064Z""}}",OUT_FOR_DELIVERY,2026-09-07T12:43:52.064Z
6a9eb18829877fbd07f88efe,com.gisma.advanced_database.shipment.adapter.secondary.mongo.entity.ShippingDBO,2026-09-07T12:43:52.900Z,680e2f00-b1ef-41a7-8433-c12f9e9c3baf,"{""name"": ""matrix neural"", ""address"": {""street"": ""148 3rd Avenue"", ""city"": ""52604 Pine Close"", ""state"": ""881 Smith Cliffs"", ""number"": ""67645337"", ""zipCode"": ""61535703"", ""district"": ""open-source"", ""createdAt"": {""$date"": ""2026-09-07T12:43:52.900Z""}, ""updatedAt"": {""$date"": ""2026-09-07T12:43:52.900Z""}}, ""createdAt"": {""$date"": ""2026-09-07T12:43:52.900Z""}, ""updatedAt"": {""$date"": ""2026-09-07T12:43:52.900Z""}}",SHIPPED,2026-09-07T12:43:52.900Z
6a9eb18929877fbd07f88eff,com.gisma.advanced_database.shipment.adapter.secondary.mongo.entity.ShippingDBO,2026-09-07T12:43:53.988Z,be667598-220c-483e-9da1-99795f4e8cdc,"{""name"": ""firewall optical"", ""address"": {""street"": ""148 3rd Avenue"", ""city"": ""52604 Pine Close"", ""state"": ""881 Smith Cliffs"", ""number"": ""67645337"", ""zipCode"": ""61535703"", ""district"": ""open-source"", ""createdAt"": {""$date"": ""2026-09-07T12:43:53.988Z""}, ""updatedAt"": {""$date"": ""2026-09-07T12:43:53.988Z""}}, ""createdAt"": {""$date"": ""2026-09-07T12:43:53.988Z""}, ""updatedAt"": {""$date"": ""2026-09-07T12:43:53.988Z""}}",PLACED,2026-09-07T12:43:53.988Z
6a9eb18b29877fbd07f88f00,com.gisma.advanced_database.shipment.adapter.secondary.mongo.entity.ShippingDBO,2026-09-07T12:43:55.110Z,44918a9f-a18f-4955-aefa-65f90f300d5e,"{""name"": ""system neural"", ""address"": {""street"": ""148 3rd Avenue"", ""city"": ""52604 Pine Close"", ""state"": ""881 Smith Cliffs"", ""number"": ""67645337"", ""zipCode"": ""61535703"", ""district"": ""open-source"", ""createdAt"": {""$date"": ""2026-09-07T12:43:55.110Z""}, ""updatedAt"": {""$date"": ""2026-09-07T12:43:55.110Z""}}, ""createdAt"": {""$date"": ""2026-09-07T12:43:55.110Z""}, ""updatedAt"": {""$date"": ""2026-09-07T12:43:55.110Z""}}",TRANSIT,2026-09-07T12:43:55.110Z
6a9eb18c29877fbd07f88f01,com.gisma.advanced_database.shipment.adapter.secondary.mongo.entity.ShippingDBO,2026-09-07T12:43:56.010Z,522e751c-c912-415d-b7a7-97492f789632,"{""name"": ""port wireless"", ""address"": {""street"": ""148 3rd Avenue"", ""city"": ""52604 Pine Close"", ""state"": ""881 Smith Cliffs"", ""number"": ""67645337"", ""zipCode"": ""61535703"", ""district"": ""open-source"", ""createdAt"": {""$date"": ""2026-09-07T12:43:56.010Z""}, ""updatedAt"": {""$date"": ""2026-09-07T12:43:56.010Z""}}, ""createdAt"": {""$date"": ""2026-09-07T12:43:56.010Z""}, ""updatedAt"": {""$date"": ""2026-09-07T12:43:56.010Z""}}",SHIPPED,2026-09-07T12:43:56.010Z
6a9eb18d29877fbd07f88f02,com.gisma.advanced_database.shipment.adapter.secondary.mongo.entity.ShippingDBO,2026-09-07T12:43:57.145Z,649a4482-839e-487e-8e2e-0d6731d837b0,"{""name"": ""protocol primary"", ""address"": {""street"": ""148 3rd Avenue"", ""city"": ""52604 Pine Close"", ""state"": ""881 Smith Cliffs"", ""number"": ""67645337"", ""zipCode"": ""61535703"", ""district"": ""open-source"", ""createdAt"": {""$date"": ""2026-09-07T12:43:57.145Z""}, ""updatedAt"": {""$date"": ""2026-09-07T12:43:57.145Z""}}, ""createdAt"": {""$date"": ""2026-09-07T12:43:57.145Z""}, ""updatedAt"": {""$date"": ""2026-09-07T12:43:57.145Z""}}",TRANSIT,2026-09-07T12:43:57.145Z
6a9eb23229877fbd07f88f03,com.gisma.advanced_database.shipment.adapter.secondary.mongo.entity.ShippingDBO,2026-09-07T12:46:42.430Z,1124a8b2-cb4e-471f-b678-34084eb20ad0,"{""name"": ""Investment Account mobile"", ""address"": {""street"": ""888 Gerlach Pike"", ""city"": ""55015 N Locust Street"", ""state"": ""23233 Tremblay Landing"", ""number"": ""18197912"", ""zipCode"": ""67244920"", ""district"": ""solid state"", ""createdAt"": {""$date"": ""2026-09-07T12:46:42.430Z""}, ""updatedAt"": {""$date"": ""2026-09-07T12:46:42.430Z""}}, ""createdAt"": {""$date"": ""2026-09-07T12:46:42.430Z""}, ""updatedAt"": {""$date"": ""2026-09-07T12:46:42.430Z""}}",DELIVERED,2026-09-07T12:46:42.430Z
6a9eb23229877fbd07f88f04,com.gisma.advanced_database.shipment.adapter.secondary.mongo.entity.ShippingDBO,2026-09-07T12:46:42.644Z,cc4ac1dc-8406-4da9-b428-f8d9d393823f,"{""name"": ""Personal Loan Account optical"", ""address"": {""street"": ""82725 Lime Grove"", ""city"": ""272 Selena Forge"", ""state"": ""429 King Road"", ""number"": ""66869189"", ""zipCode"": ""47495049"", ""district"": ""1080p"", ""createdAt"": {""$date"": ""2026-09-07T12:46:42.644Z""}, ""updatedAt"": {""$date"": ""2026-09-07T12:46:42.644Z""}}, ""createdAt"": {""$date"": ""2026-09-07T12:46:42.644Z""}, ""updatedAt"": {""$date"": ""2026-09-07T12:46:42.644Z""}}",SHIPPED,2026-09-07T12:46:42.644Z
6a9eb23229877fbd07f88f05,com.gisma.advanced_database.shipment.adapter.secondary.mongo.entity.ShippingDBO,2026-09-07T12:46:42.817Z,d8b78b95-fa65-4947-86d8-12a126dc202f,"{""name"": ""Home Loan Account digital"", ""address"": {""street"": ""6192 Marietta Common"", ""city"": ""730 Steuber Centers"", ""state"": ""79028 Keshawn Loop"", ""number"": ""30482647"", ""zipCode"": ""97273287"", ""district"": ""mobile"", ""createdAt"": {""$date"": ""2026-09-07T12:46:42.817Z""}, ""updatedAt"": {""$date"": ""2026-09-07T12:46:42.817Z""}}, ""createdAt"": {""$date"": ""2026-09-07T12:46:42.817Z""}, ""updatedAt"": {""$date"": ""2026-09-07T12:46:42.817Z""}}",PACKED,2026-09-07T12:46:42.817Z
6a9eb23229877fbd07f88f06,com.gisma.advanced_database.shipment.adapter.secondary.mongo.entity.ShippingDBO,2026-09-07T12:46:42.993Z,6c724e61-9fed-46b6-a811-22e6e7e83f1c,"{""name"": ""Savings Account 1080p"", ""address"": {""street"": ""974 Woodlands Road"", ""city"": ""4880 Tillman Ports"", ""state"": ""2595 Loma Valleys"", ""number"": ""69491197"", ""zipCode"": ""44141556"", ""district"": ""open-source"", ""createdAt"": {""$date"": ""2026-09-07T12:46:42.993Z""}, ""updatedAt"": {""$date"": ""2026-09-07T12:46:42.993Z""}}, ""createdAt"": {""$date"": ""2026-09-07T12:46:42.993Z""}, ""updatedAt"": {""$date"": ""2026-09-07T12:46:42.993Z""}}",TRANSIT,2026-09-07T12:46:42.993Z
6a9eb23329877fbd07f88f07,com.gisma.advanced_database.shipment.adapter.secondary.mongo.entity.ShippingDBO,2026-09-07T12:46:43.331Z,7fc456e2-7eb7-4801-9564-db070a408376,"{""name"": ""Auto Loan Account auxiliary"", ""address"": {""street"": ""2972 Jackson Street"", ""city"": ""64702 Price Run"", ""state"": ""59735 New Road"", ""number"": ""72916405"", ""zipCode"": ""30384481"", ""district"": ""primary"", ""createdAt"": {""$date"": ""2026-09-07T12:46:43.331Z""}, ""updatedAt"": {""$date"": ""2026-09-07T12:46:43.331Z""}}, ""createdAt"": {""$date"": ""2026-09-07T12:46:43.331Z""}, ""updatedAt"": {""$date"": ""2026-09-07T12:46:43.331Z""}}",PACKED,2026-09-07T12:46:43.331Z
6a9eb23329877fbd07f88f08,com.gisma.advanced_database.shipment.adapter.secondary.mongo.entity.ShippingDBO,2026-09-07T12:46:43.512Z,3773bf74-d277-404a-bdcc-99f148854eda,"{""name"": ""Auto Loan Account back-end"", ""address"": {""street"": ""24445 Birch Grove"", ""city"": ""854 Gibson Road"", ""state"": ""6946 Gillian Loaf"", ""number"": ""44742079"", ""zipCode"": ""60275199"", ""district"": ""cross-platform"", ""createdAt"": {""$date"": ""2026-09-07T12:46:43.512Z""}, ""updatedAt"": {""$date"": ""2026-09-07T12:46:43.512Z""}}, ""createdAt"": {""$date"": ""2026-09-07T12:46:43.512Z""}, ""updatedAt"": {""$date"": ""2026-09-07T12:46:43.512Z""}}",TRANSIT,2026-09-07T12:46:43.512Z
6a9eb23329877fbd07f88f09,com.gisma.advanced_database.shipment.adapter.secondary.mongo.entity.ShippingDBO,2026-09-07T12:46:43.684Z,69c1305d-9bbf-46c6-980b-54b8f7491ff3,"{""name"": ""Money Market Account virtual"", ""address"": {""street"": ""719 Harber Dale"", ""city"": ""9209 Poplar Avenue"", ""state"": ""276 Cassandra Pike"", ""number"": ""34120020"", ""zipCode"": ""43454510"", ""district"": ""optical"", ""createdAt"": {""$date"": ""2026-09-07T12:46:43.684Z""}, ""updatedAt"": {""$date"": ""2026-09-07T12:46:43.684Z""}}, ""createdAt"": {""$date"": ""2026-09-07T12:46:43.684Z""}, ""updatedAt"": {""$date"": ""2026-09-07T12:46:43.684Z""}}",PACKED,2026-09-07T12:46:43.684Z
6a9eb23329877fbd07f88f0a,com.gisma.advanced_database.shipment.adapter.secondary.mongo.entity.ShippingDBO,2026-09-07T12:46:43.853Z,565c970e-c991-4080-b5d7-8bac025d64f9,"{""name"": ""Credit Card Account redundant"", ""address"": {""street"": ""94329 Elm Close"", ""city"": ""658 Westfield Road"", ""state"": ""136 Manchester Road"", ""number"": ""93267201"", ""zipCode"": ""51028695"", ""district"": ""wireless"", ""createdAt"": {""$date"": ""2026-09-07T12:46:43.853Z""}, ""updatedAt"": {""$date"": ""2026-09-07T12:46:43.853Z""}}, ""createdAt"": {""$date"": ""2026-09-07T12:46:43.853Z""}, ""updatedAt"": {""$date"": ""2026-09-07T12:46:43.853Z""}}",DELIVERED,2026-09-07T12:46:43.853Z
6a9eb23429877fbd07f88f0b,com.gisma.advanced_database.shipment.adapter.secondary.mongo.entity.ShippingDBO,2026-09-07T12:46:44.199Z,de5e6078-ef7d-4af2-9322-4f5a98efe08d,"{""name"": ""Credit Card Account bluetooth"", ""address"": {""street"": ""190 Water Lane"", ""city"": ""90865 Cummings Circle"", ""state"": ""65367 Roberta Summit"", ""number"": ""50492623"", ""zipCode"": ""11368313"", ""district"": ""redundant"", ""createdAt"": {""$date"": ""2026-09-07T12:46:44.199Z""}, ""updatedAt"": {""$date"": ""2026-09-07T12:46:44.199Z""}}, ""createdAt"": {""$date"": ""2026-09-07T12:46:44.199Z""}, ""updatedAt"": {""$date"": ""2026-09-07T12:46:44.199Z""}}",OUT_FOR_DELIVERY,2026-09-07T12:46:44.199Z
6a9eb23429877fbd07f88f0c,com.gisma.advanced_database.shipment.adapter.secondary.mongo.entity.ShippingDBO,2026-09-07T12:46:44.376Z,ad71be02-426e-4db8-b732-a1696ac81373,"{""name"": ""Personal Loan Account mobile"", ""address"": {""street"": ""827 Lynn Rue"", ""city"": ""49543 Upton Plain"", ""state"": ""5631 Mariana Fields"", ""number"": ""49341921"", ""zipCode"": ""97350392"", ""district"": ""haptic"", ""createdAt"": {""$date"": ""2026-09-07T12:46:44.376Z""}, ""updatedAt"": {""$date"": ""2026-09-07T12:46:44.376Z""}}, ""createdAt"": {""$date"": ""2026-09-07T12:46:44.376Z""}, ""updatedAt"": {""$date"": ""2026-09-07T12:46:44.376Z""}}",DELIVERED,2026-09-07T12:46:44.376Z
6a9eb23429877fbd07f88f0d,com.gisma.advanced_database.shipment.adapter.secondary.mongo.entity.ShippingDBO,2026-09-07T12:46:44.564Z,dcd03204-6bf6-4aea-9811-f32760ce9208,"{""name"": ""Credit Card Account mobile"", ""address"": {""street"": ""807 Katharina Glen"", ""city"": ""614 Tracey Junctions"", ""state"": ""712 Lakin Pass"", ""number"": ""03818429"", ""zipCode"": ""50862633"", ""district"": ""auxiliary"", ""createdAt"": {""$date"": ""2026-09-07T12:46:44.564Z""}, ""updatedAt"": {""$date"": ""2026-09-07T12:46:44.564Z""}}, ""createdAt"": {""$date"": ""2026-09-07T12:46:44.564Z""}, ""updatedAt"": {""$date"": ""2026-09-07T12:46:44.564Z""}}",PACKED,2026-09-07T12:46:44.564Z
6a9eb23429877fbd07f88f0e,com.gisma.advanced_database.shipment.adapter.secondary.mongo.entity.ShippingDBO,2026-09-07T12:46:44.737Z,55c6973f-2691-4218-8952-5663b42fd4ee,"{""name"": ""Auto Loan Account redundant"", ""address"": {""street"": ""32171 Schaden Viaduct"", ""city"": ""507 The Paddock"", ""state"": ""358 Alvis Fall"", ""number"": ""20178426"", ""zipCode"": ""61013701"", ""district"": ""1080p"", ""createdAt"": {""$date"": ""2026-09-07T12:46:44.737Z""}, ""updatedAt"": {""$date"": ""2026-09-07T12:46:44.737Z""}}, ""createdAt"": {""$date"": ""2026-09-07T12:46:44.737Z""}, ""updatedAt"": {""$date"": ""2026-09-07T12:46:44.737Z""}}",TRANSIT,2026-09-07T12:46:44.737Z
6a9eb23529877fbd07f88f0f,com.gisma.advanced_database.shipment.adapter.secondary.mongo.entity.ShippingDBO,2026-09-07T12:46:45.069Z,c0bf98b8-f4c7-4d0c-ad07-f184635f655e,"{""name"": ""Checking Account back-end"", ""address"": {""street"": ""26132 McLaughlin Lodge"", ""city"": ""67509 Connie Centers"", ""state"": ""48682 Powlowski Way"", ""number"": ""00757838"", ""zipCode"": ""86355927"", ""district"": ""mobile"", ""createdAt"": {""$date"": ""2026-09-07T12:46:45.069Z""}, ""updatedAt"": {""$date"": ""2026-09-07T12:46:45.069Z""}}, ""createdAt"": {""$date"": ""2026-09-07T12:46:45.069Z""}, ""updatedAt"": {""$date"": ""2026-09-07T12:46:45.069Z""}}",SHIPPED,2026-09-07T12:46:45.069Z
6a9eb23529877fbd07f88f10,com.gisma.advanced_database.shipment.adapter.secondary.mongo.entity.ShippingDBO,2026-09-07T12:46:45.233Z,98c52643-e5f5-48a6-b31d-714bd1addf26,"{""name"": ""Checking Account multi-byte"", ""address"": {""street"": ""69088 S Lincoln Street"", ""city"": ""3147 Bramble Close"", ""state"": ""99450 E Pine Street"", ""number"": ""26147060"", ""zipCode"": ""36804467"", ""district"": ""solid state"", ""createdAt"": {""$date"": ""2026-09-07T12:46:45.233Z""}, ""updatedAt"": {""$date"": ""2026-09-07T12:46:45.233Z""}}, ""createdAt"": {""$date"": ""2026-09-07T12:46:45.233Z""}, ""updatedAt"": {""$date"": ""2026-09-07T12:46:45.233Z""}}",TRANSIT,2026-09-07T12:46:45.233Z
6a9eb23529877fbd07f88f11,com.gisma.advanced_database.shipment.adapter.secondary.mongo.entity.ShippingDBO,2026-09-07T12:46:45.397Z,0627d26d-9be5-4807-86c6-5ee8533c4c31,"{""name"": ""Money Market Account auxiliary"", ""address"": {""street"": ""12642 Aracely Crossing"", ""city"": ""2205 Mandy Cliff"", ""state"": ""8467 Wyman Forges"", ""number"": ""00289609"", ""zipCode"": ""30821427"", ""district"": ""multi-byte"", ""createdAt"": {""$date"": ""2026-09-07T12:46:45.397Z""}, ""updatedAt"": {""$date"": ""2026-09-07T12:46:45.397Z""}}, ""createdAt"": {""$date"": ""2026-09-07T12:46:45.397Z""}, ""updatedAt"": {""$date"": ""2026-09-07T12:46:45.397Z""}}",DELIVERED,2026-09-07T12:46:45.397Z
6a9eb23529877fbd07f88f12,com.gisma.advanced_database.shipment.adapter.secondary.mongo.entity.ShippingDBO,2026-09-07T12:46:45.564Z,65a65967-586b-47aa-8e94-c3b49dffd9f9,"{""name"": ""Investment Account digital"", ""address"": {""street"": ""794 Minerva Field"", ""city"": ""606 Borer Mill"", ""state"": ""91654 Waters Creek"", ""number"": ""21021678"", ""zipCode"": ""36126202"", ""district"": ""mobile"", ""createdAt"": {""$date"": ""2026-09-07T12:46:45.564Z""}, ""updatedAt"": {""$date"": ""2026-09-07T12:46:45.564Z""}}, ""createdAt"": {""$date"": ""2026-09-07T12:46:45.564Z""}, ""updatedAt"": {""$date"": ""2026-09-07T12:46:45.564Z""}}",DELIVERED,2026-09-07T12:46:45.564Z
6a9eb23529877fbd07f88f13,com.gisma.advanced_database.shipment.adapter.secondary.mongo.entity.ShippingDBO,2026-09-07T12:46:45.927Z,376883ae-71da-4f10-a2eb-2f4f363d07fe,"{""name"": ""Credit Card Account haptic"", ""address"": {""street"": ""63535 Grant Street"", ""city"": ""541 Koelpin Pass"", ""state"": ""92744 Laburnum Grove"", ""number"": ""53716279"", ""zipCode"": ""41598049"", ""district"": ""virtual"", ""createdAt"": {""$date"": ""2026-09-07T12:46:45.927Z""}, ""updatedAt"": {""$date"": ""2026-09-07T12:46:45.927Z""}}, ""createdAt"": {""$date"": ""2026-09-07T12:46:45.927Z""}, ""updatedAt"": {""$date"": ""2026-09-07T12:46:45.927Z""}}",OUT_FOR_DELIVERY,2026-09-07T12:46:45.927Z
6a9eb23629877fbd07f88f14,com.gisma.advanced_database.shipment.adapter.secondary.mongo.entity.ShippingDBO,2026-09-07T12:46:46.093Z,c244e535-9335-41e0-8883-03ac01c32355,"{""name"": ""Checking Account solid state"", ""address"": {""street"": ""48278 Hessel Valley"", ""city"": ""444 Woodland Close"", ""state"": ""769 Gunner Islands"", ""number"": ""64789641"", ""zipCode"": ""69402074"", ""district"": ""solid state"", ""createdAt"": {""$date"": ""2026-09-07T12:46:46.093Z""}, ""updatedAt"": {""$date"": ""2026-09-07T12:46:46.093Z""}}, ""createdAt"": {""$date"": ""2026-09-07T12:46:46.093Z""}, ""updatedAt"": {""$date"": ""2026-09-07T12:46:46.093Z""}}",PLACED,2026-09-07T12:46:46.093Z
6a9eb23629877fbd07f88f15,com.gisma.advanced_database.shipment.adapter.secondary.mongo.entity.ShippingDBO,2026-09-07T12:46:46.255Z,d6906037-47af-4012-b0bf-107be2967a28,"{""name"": ""Home Loan Account mobile"", ""address"": {""street"": ""307 Kuvalis Islands"", ""city"": ""620 Hegmann Track"", ""state"": ""79012 Steuber Turnpike"", ""number"": ""06854294"", ""zipCode"": ""42702054"", ""district"": ""virtual"", ""createdAt"": {""$date"": ""2026-09-07T12:46:46.255Z""}, ""updatedAt"": {""$date"": ""2026-09-07T12:46:46.255Z""}}, ""createdAt"": {""$date"": ""2026-09-07T12:46:46.255Z""}, ""updatedAt"": {""$date"": ""2026-09-07T12:46:46.255Z""}}",PACKED,2026-09-07T12:46:46.255Z
6a9eb23629877fbd07f88f16,com.gisma.advanced_database.shipment.adapter.secondary.mongo.entity.ShippingDBO,2026-09-07T12:46:46.421Z,759b71b4-1510-4e92-bcc2-acbb3376c149,"{""name"": ""Savings Account virtual"", ""address"": {""street"": ""8176 Williamson Parkway"", ""city"": ""34251 Dach Creek"", ""state"": ""588 Kirsten Extensions"", ""number"": ""66425883"", ""zipCode"": ""62510385"", ""district"": ""cross-platform"", ""createdAt"": {""$date"": ""2026-09-07T12:46:46.421Z""}, ""updatedAt"": {""$date"": ""2026-09-07T12:46:46.421Z""}}, ""createdAt"": {""$date"": ""2026-09-07T12:46:46.421Z""}, ""updatedAt"": {""$date"": ""2026-09-07T12:46:46.421Z""}}",PLACED,2026-09-07T12:46:46.421Z
6a9eb23629877fbd07f88f17,com.gisma.advanced_database.shipment.adapter.secondary.mongo.entity.ShippingDBO,2026-09-07T12:46:46.752Z,889e31a9-a813-491a-b84e-0a6b2701795e,"{""name"": ""Savings Account haptic"", ""address"": {""street"": ""691 Maud Mills"", ""city"": ""5455 Hahn Knolls"", ""state"": ""55002 Wisozk Camp"", ""number"": ""07468118"", ""zipCode"": ""01386453"", ""district"": ""mobile"", ""createdAt"": {""$date"": ""2026-09-07T12:46:46.752Z""}, ""updatedAt"": {""$date"": ""2026-09-07T12:46:46.752Z""}}, ""createdAt"": {""$date"": ""2026-09-07T12:46:46.752Z""}, ""updatedAt"": {""$date"": ""2026-09-07T12:46:46.752Z""}}",OUT_FOR_DELIVERY,2026-09-07T12:46:46.752Z
6a9eb23629877fbd07f88f18,com.gisma.advanced_database.shipment.adapter.secondary.mongo.entity.ShippingDBO,2026-09-07T12:46:46.911Z,c7701632-2759-4a8b-9043-1f75313f7f2f,"{""name"": ""Credit Card Account mobile"", ""address"": {""street"": ""22011 Grady Mountain"", ""city"": ""48561 Manor Way"", ""state"": ""25136 Crist Falls"", ""number"": ""32078852"", ""zipCode"": ""11683445"", ""district"": ""solid state"", ""createdAt"": {""$date"": ""2026-09-07T12:46:46.911Z""}, ""updatedAt"": {""$date"": ""2026-09-07T12:46:46.911Z""}}, ""createdAt"": {""$date"": ""2026-09-07T12:46:46.911Z""}, ""updatedAt"": {""$date"": ""2026-09-07T12:46:46.911Z""}}",PACKED,2026-09-07T12:46:46.911Z
6a9eb23729877fbd07f88f19,com.gisma.advanced_database.shipment.adapter.secondary.mongo.entity.ShippingDBO,2026-09-07T12:46:47.078Z,bd24c2fe-cdb0-4798-af67-484175e0b8ff,"{""name"": ""Home Loan Account solid state"", ""address"": {""street"": ""9254 3rd Street"", ""city"": ""71823 Bruen Key"", ""state"": ""835 Brown Viaduct"", ""number"": ""15213493"", ""zipCode"": ""34316787"", ""district"": ""back-end"", ""createdAt"": {""$date"": ""2026-09-07T12:46:47.078Z""}, ""updatedAt"": {""$date"": ""2026-09-07T12:46:47.078Z""}}, ""createdAt"": {""$date"": ""2026-09-07T12:46:47.078Z""}, ""updatedAt"": {""$date"": ""2026-09-07T12:46:47.078Z""}}",DELIVERED,2026-09-07T12:46:47.078Z
6a9eb23729877fbd07f88f1a,com.gisma.advanced_database.shipment.adapter.secondary.mongo.entity.ShippingDBO,2026-09-07T12:46:47.238Z,75b73f41-35d2-47f9-b7b8-e7090fb61e79,"{""name"": ""Auto Loan Account optical"", ""address"": {""street"": ""7422 Windsor Drive"", ""city"": ""68388 Prohaska Cove"", ""state"": ""807 Greenholt Course"", ""number"": ""50228995"", ""zipCode"": ""14288591"", ""district"": ""haptic"", ""createdAt"": {""$date"": ""2026-09-07T12:46:47.238Z""}, ""updatedAt"": {""$date"": ""2026-09-07T12:46:47.238Z""}}, ""createdAt"": {""$date"": ""2026-09-07T12:46:47.238Z""}, ""updatedAt"": {""$date"": ""2026-09-07T12:46:47.238Z""}}",TRANSIT,2026-09-07T12:46:47.238Z
6a9eb23729877fbd07f88f1b,com.gisma.advanced_database.shipment.adapter.secondary.mongo.entity.ShippingDBO,2026-09-07T12:46:47.616Z,47a7f41d-f13b-458b-a91c-b0c1f5ef7f41,"{""name"": ""Auto Loan Account 1080p"", ""address"": {""street"": ""174 Westgate"", ""city"": ""6752 Charlene Glens"", ""state"": ""999 Main Street"", ""number"": ""07544601"", ""zipCode"": ""44821842"", ""district"": ""neural"", ""createdAt"": {""$date"": ""2026-09-07T12:46:47.616Z""}, ""updatedAt"": {""$date"": ""2026-09-07T12:46:47.616Z""}}, ""createdAt"": {""$date"": ""2026-09-07T12:46:47.616Z""}, ""updatedAt"": {""$date"": ""2026-09-07T12:46:47.616Z""}}",SHIPPED,2026-09-07T12:46:47.616Z
6a9eb23729877fbd07f88f1c,com.gisma.advanced_database.shipment.adapter.secondary.mongo.entity.ShippingDBO,2026-09-07T12:46:47.786Z,476b0966-64c6-42b6-9512-1f95084aa74f,"{""name"": ""Home Loan Account neural"", ""address"": {""street"": ""8148 Harber Pass"", ""city"": ""39948 Betty Ridge"", ""state"": ""76707 Trent Bridge"", ""number"": ""55395348"", ""zipCode"": ""80577696"", ""district"": ""primary"", ""createdAt"": {""$date"": ""2026-09-07T12:46:47.786Z""}, ""updatedAt"": {""$date"": ""2026-09-07T12:46:47.786Z""}}, ""createdAt"": {""$date"": ""2026-09-07T12:46:47.786Z""}, ""updatedAt"": {""$date"": ""2026-09-07T12:46:47.786Z""}}",PACKED,2026-09-07T12:46:47.786Z
6a9eb23729877fbd07f88f1d,com.gisma.advanced_database.shipment.adapter.secondary.mongo.entity.ShippingDBO,2026-09-07T12:46:47.951Z,3f89de4e-03be-44ff-8e38-b564a502f47a,"{""name"": ""Money Market Account digital"", ""address"": {""street"": ""1894 The Chase"", ""city"": ""166 Oak Road"", ""state"": ""2367 The Grove"", ""number"": ""33269904"", ""zipCode"": ""08763464"", ""district"": ""cross-platform"", ""createdAt"": {""$date"": ""2026-09-07T12:46:47.951Z""}, ""updatedAt"": {""$date"": ""2026-09-07T12:46:47.951Z""}}, ""createdAt"": {""$date"": ""2026-09-07T12:46:47.951Z""}, ""updatedAt"": {""$date"": ""2026-09-07T12:46:47.951Z""}}",TRANSIT,2026-09-07T12:46:47.951Z
6a9eb23829877fbd07f88f1e,com.gisma.advanced_database.shipment.adapter.secondary.mongo.entity.ShippingDBO,2026-09-07T12:46:48.112Z,07224bdc-f4e1-4867-8b94-92036c00db8b,"{""name"": ""Savings Account digital"", ""address"": {""street"": ""5656 Frank Ridge"", ""city"": ""6188 Witting Junction"", ""state"": ""18077 Sporer Rapids"", ""number"": ""19006282"", ""zipCode"": ""04229595"", ""district"": ""bluetooth"", ""createdAt"": {""$date"": ""2026-09-07T12:46:48.112Z""}, ""updatedAt"": {""$date"": ""2026-09-07T12:46:48.112Z""}}, ""createdAt"": {""$date"": ""2026-09-07T12:46:48.112Z""}, ""updatedAt"": {""$date"": ""2026-09-07T12:46:48.112Z""}}",PACKED,2026-09-07T12:46:48.112Z
6a9eb23829877fbd07f88f1f,com.gisma.advanced_database.shipment.adapter.secondary.mongo.entity.ShippingDBO,2026-09-07T12:46:48.474Z,9bcf5d37-893c-49d6-bf46-e9e2831c1748,"{""name"": ""Home Loan Account wireless"", ""address"": {""street"": ""66296 Barton Extensions"", ""city"": ""409 Ashlee Greens"", ""state"": ""232 Adams Forges"", ""number"": ""45686103"", ""zipCode"": ""25128363"", ""district"": ""open-source"", ""createdAt"": {""$date"": ""2026-09-07T12:46:48.474Z""}, ""updatedAt"": {""$date"": ""2026-09-07T12:46:48.474Z""}}, ""createdAt"": {""$date"": ""2026-09-07T12:46:48.474Z""}, ""updatedAt"": {""$date"": ""2026-09-07T12:46:48.474Z""}}",TRANSIT,2026-09-07T12:46:48.474Z
6a9eb23829877fbd07f88f20,com.gisma.advanced_database.shipment.adapter.secondary.mongo.entity.ShippingDBO,2026-09-07T12:46:48.645Z,a27d51c4-e4ce-4067-84bc-57198f54ba05,"{""name"": ""Investment Account back-end"", ""address"": {""street"": ""9685 Conroy Passage"", ""city"": ""22860 Mitchell Streets"", ""state"": ""52418 W Broadway Avenue"", ""number"": ""99594970"", ""zipCode"": ""17765991"", ""district"": ""redundant"", ""createdAt"": {""$date"": ""2026-09-07T12:46:48.645Z""}, ""updatedAt"": {""$date"": ""2026-09-07T12:46:48.645Z""}}, ""createdAt"": {""$date"": ""2026-09-07T12:46:48.645Z""}, ""updatedAt"": {""$date"": ""2026-09-07T12:46:48.645Z""}}",PLACED,2026-09-07T12:46:48.645Z
6a9eb23829877fbd07f88f21,com.gisma.advanced_database.shipment.adapter.secondary.mongo.entity.ShippingDBO,2026-09-07T12:46:48.811Z,31f8525c-76cf-41ca-a5d7-cbd923ad75b8,"{""name"": ""Auto Loan Account mobile"", ""address"": {""street"": ""75287 Allie Crossroad"", ""city"": ""49072 Oscar Grove"", ""state"": ""730 Pagac Crest"", ""number"": ""65909608"", ""zipCode"": ""61035660"", ""district"": ""optical"", ""createdAt"": {""$date"": ""2026-09-07T12:46:48.811Z""}, ""updatedAt"": {""$date"": ""2026-09-07T12:46:48.811Z""}}, ""createdAt"": {""$date"": ""2026-09-07T12:46:48.811Z""}, ""updatedAt"": {""$date"": ""2026-09-07T12:46:48.811Z""}}",SHIPPED,2026-09-07T12:46:48.811Z
6a9eb23829877fbd07f88f22,com.gisma.advanced_database.shipment.adapter.secondary.mongo.entity.ShippingDBO,2026-09-07T12:46:48.980Z,18c20445-c82c-406e-acbf-a83aa894f554,"{""name"": ""Savings Account virtual"", ""address"": {""street"": ""9236 Robel Ridges"", ""city"": ""88536 Chestnut Street"", ""state"": ""21322 Zoila Pines"", ""number"": ""23845233"", ""zipCode"": ""30953811"", ""district"": ""virtual"", ""createdAt"": {""$date"": ""2026-09-07T12:46:48.980Z""}, ""updatedAt"": {""$date"": ""2026-09-07T12:46:48.980Z""}}, ""createdAt"": {""$date"": ""2026-09-07T12:46:48.980Z""}, ""updatedAt"": {""$date"": ""2026-09-07T12:46:48.980Z""}}",DELIVERED,2026-09-07T12:46:48.980Z
6a9eb23929877fbd07f88f23,com.gisma.advanced_database.shipment.adapter.secondary.mongo.entity.ShippingDBO,2026-09-07T12:46:49.341Z,e41d6971-121b-4fa8-8169-89fd1252d9a1,"{""name"": ""Personal Loan Account back-end"", ""address"": {""street"": ""15887 Kip Park"", ""city"": ""5300 Trinity Road"", ""state"": ""13460 Windmill Close"", ""number"": ""13292547"", ""zipCode"": ""92012951"", ""district"": ""haptic"", ""createdAt"": {""$date"": ""2026-09-07T12:46:49.341Z""}, ""updatedAt"": {""$date"": ""2026-09-07T12:46:49.341Z""}}, ""createdAt"": {""$date"": ""2026-09-07T12:46:49.341Z""}, ""updatedAt"": {""$date"": ""2026-09-07T12:46:49.341Z""}}",DELIVERED,2026-09-07T12:46:49.341Z
6a9eb23929877fbd07f88f24,com.gisma.advanced_database.shipment.adapter.secondary.mongo.entity.ShippingDBO,2026-09-07T12:46:49.514Z,2f5d5e9a-00f7-4863-9525-45f6c9074fd8,"{""name"": ""Credit Card Account 1080p"", ""address"": {""street"": ""26931 Bogan Lock"", ""city"": ""567 Gilbert Mill"", ""state"": ""9184 Gorczany Mill"", ""number"": ""18628518"", ""zipCode"": ""09666384"", ""district"": ""virtual"", ""createdAt"": {""$date"": ""2026-09-07T12:46:49.514Z""}, ""updatedAt"": {""$date"": ""2026-09-07T12:46:49.514Z""}}, ""createdAt"": {""$date"": ""2026-09-07T12:46:49.514Z""}, ""updatedAt"": {""$date"": ""2026-09-07T12:46:49.514Z""}}",PACKED,2026-09-07T12:46:49.514Z
6a9eb23929877fbd07f88f25,com.gisma.advanced_database.shipment.adapter.secondary.mongo.entity.ShippingDBO,2026-09-07T12:46:49.699Z,e74341a7-e2a4-4874-adc3-db262ccbd72b,"{""name"": ""Checking Account auxiliary"", ""address"": {""street"": ""391 Rolando Crossing"", ""city"": ""225 New Road"", ""state"": ""89064 Baumbach Valley"", ""number"": ""23119348"", ""zipCode"": ""36638335"", ""district"": ""haptic"", ""createdAt"": {""$date"": ""2026-09-07T12:46:49.699Z""}, ""updatedAt"": {""$date"": ""2026-09-07T12:46:49.699Z""}}, ""createdAt"": {""$date"": ""2026-09-07T12:46:49.699Z""}, ""updatedAt"": {""$date"": ""2026-09-07T12:46:49.699Z""}}",TRANSIT,2026-09-07T12:46:49.699Z
6a9eb23929877fbd07f88f26,com.gisma.advanced_database.shipment.adapter.secondary.mongo.entity.ShippingDBO,2026-09-07T12:46:49.862Z,624bf0ff-8103-4940-a926-7cc7931e1d9e,"{""name"": ""Personal Loan Account redundant"", ""address"": {""street"": ""5587 Glover Cape"", ""city"": ""48231 Jeromy Groves"", ""state"": ""168 S 7th Street"", ""number"": ""91722640"", ""zipCode"": ""28325668"", ""district"": ""online"", ""createdAt"": {""$date"": ""2026-09-07T12:46:49.862Z""}, ""updatedAt"": {""$date"": ""2026-09-07T12:46:49.862Z""}}, ""createdAt"": {""$date"": ""2026-09-07T12:46:49.862Z""}, ""updatedAt"": {""$date"": ""2026-09-07T12:46:49.862Z""}}",PLACED,2026-09-07T12:46:49.862Z
6a9eb23a29877fbd07f88f27,com.gisma.advanced_database.shipment.adapter.secondary.mongo.entity.ShippingDBO,2026-09-07T12:46:50.258Z,b1617f1c-299c-43b8-8a2e-b2e313c40dbd,"{""name"": ""Savings Account online"", ""address"": {""street"": ""17492 2nd Avenue"", ""city"": ""1502 Kunze Lane"", ""state"": ""20580 Titus Manors"", ""number"": ""24187936"", ""zipCode"": ""36591184"", ""district"": ""solid state"", ""createdAt"": {""$date"": ""2026-09-07T12:46:50.258Z""}, ""updatedAt"": {""$date"": ""2026-09-07T12:46:50.258Z""}}, ""createdAt"": {""$date"": ""2026-09-07T12:46:50.258Z""}, ""updatedAt"": {""$date"": ""2026-09-07T12:46:50.258Z""}}",PACKED,2026-09-07T12:46:50.258Z
6a9eb23a29877fbd07f88f28,com.gisma.advanced_database.shipment.adapter.secondary.mongo.entity.ShippingDBO,2026-09-07T12:46:50.584Z,fab1d628-4556-4d92-89b8-4d8beef7f3a7,"{""name"": ""Credit Card Account auxiliary"", ""address"": {""street"": ""59830 Frami Oval"", ""city"": ""13508 Kozey Lake"", ""state"": ""159 McLaughlin Bridge"", ""number"": ""30392360"", ""zipCode"": ""57599227"", ""district"": ""virtual"", ""createdAt"": {""$date"": ""2026-09-07T12:46:50.584Z""}, ""updatedAt"": {""$date"": ""2026-09-07T12:46:50.584Z""}}, ""createdAt"": {""$date"": ""2026-09-07T12:46:50.584Z""}, ""updatedAt"": {""$date"": ""2026-09-07T12:46:50.584Z""}}",TRANSIT,2026-09-07T12:46:50.584Z
6a9eb23a29877fbd07f88f29,com.gisma.advanced_database.shipment.adapter.secondary.mongo.entity.ShippingDBO,2026-09-07T12:46:50.765Z,f74c897c-0064-4bc7-a8c4-df465b74a1bb,"{""name"": ""Personal Loan Account cross-platform"", ""address"": {""street"": ""97944 Yoshiko Crossroad"", ""city"": ""70708 Cathryn Passage"", ""state"": ""33246 Vandervort Burgs"", ""number"": ""33546953"", ""zipCode"": ""85607432"", ""district"": ""cross-platform"", ""createdAt"": {""$date"": ""2026-09-07T12:46:50.765Z""}, ""updatedAt"": {""$date"": ""2026-09-07T12:46:50.765Z""}}, ""createdAt"": {""$date"": ""2026-09-07T12:46:50.765Z""}, ""updatedAt"": {""$date"": ""2026-09-07T12:46:50.765Z""}}",SHIPPED,2026-09-07T12:46:50.765Z
6a9eb23a29877fbd07f88f2a,com.gisma.advanced_database.shipment.adapter.secondary.mongo.entity.ShippingDBO,2026-09-07T12:46:50.917Z,f66f6c42-4d8f-4d8f-a18c-01ecde9a398a,"{""name"": ""Checking Account optical"", ""address"": {""street"": ""11319 W Broadway Street"", ""city"": ""7406 E 2nd Street"", ""state"": ""249 Keeling Lake"", ""number"": ""30816869"", ""zipCode"": ""04928167"", ""district"": ""optical"", ""createdAt"": {""$date"": ""2026-09-07T12:46:50.917Z""}, ""updatedAt"": {""$date"": ""2026-09-07T12:46:50.917Z""}}, ""createdAt"": {""$date"": ""2026-09-07T12:46:50.917Z""}, ""updatedAt"": {""$date"": ""2026-09-07T12:46:50.917Z""}}",DELIVERED,2026-09-07T12:46:50.917Z
6a9eb23b29877fbd07f88f2b,com.gisma.advanced_database.shipment.adapter.secondary.mongo.entity.ShippingDBO,2026-09-07T12:46:51.352Z,78a580d9-437b-4066-adf8-8037bc16ceeb,"{""name"": ""Personal Loan Account back-end"", ""address"": {""street"": ""130 Noah Forge"", ""city"": ""62527 County Road"", ""state"": ""25361 N Poplar Street"", ""number"": ""82513406"", ""zipCode"": ""35026705"", ""district"": ""auxiliary"", ""createdAt"": {""$date"": ""2026-09-07T12:46:51.352Z""}, ""updatedAt"": {""$date"": ""2026-09-07T12:46:51.352Z""}}, ""createdAt"": {""$date"": ""2026-09-07T12:46:51.352Z""}, ""updatedAt"": {""$date"": ""2026-09-07T12:46:51.352Z""}}",DELIVERED,2026-09-07T12:46:51.352Z
6a9eb23b29877fbd07f88f2c,com.gisma.advanced_database.shipment.adapter.secondary.mongo.entity.ShippingDBO,2026-09-07T12:46:51.547Z,b1702802-3bde-4f9e-ba4d-619b867d4ad9,"{""name"": ""Credit Card Account virtual"", ""address"": {""street"": ""2556 S Elm Street"", ""city"": ""79228 Prospect Place"", ""state"": ""938 Wolf Land"", ""number"": ""67702779"", ""zipCode"": ""12594150"", ""district"": ""primary"", ""createdAt"": {""$date"": ""2026-09-07T12:46:51.547Z""}, ""updatedAt"": {""$date"": ""2026-09-07T12:46:51.547Z""}}, ""createdAt"": {""$date"": ""2026-09-07T12:46:51.547Z""}, ""updatedAt"": {""$date"": ""2026-09-07T12:46:51.547Z""}}",DELIVERED,2026-09-07T12:46:51.547Z
6a9eb23b29877fbd07f88f2d,com.gisma.advanced_database.shipment.adapter.secondary.mongo.entity.ShippingDBO,2026-09-07T12:46:51.717Z,a94cdd92-fe71-444b-901f-8032bda8c714,"{""name"": ""Savings Account wireless"", ""address"": {""street"": ""5939 Maple Road"", ""city"": ""2546 Veum Mountains"", ""state"": ""4642 Botsford Bypass"", ""number"": ""14600332"", ""zipCode"": ""93027355"", ""district"": ""virtual"", ""createdAt"": {""$date"": ""2026-09-07T12:46:51.717Z""}, ""updatedAt"": {""$date"": ""2026-09-07T12:46:51.717Z""}}, ""createdAt"": {""$date"": ""2026-09-07T12:46:51.717Z""}, ""updatedAt"": {""$date"": ""2026-09-07T12:46:51.717Z""}}",SHIPPED,2026-09-07T12:46:51.717Z
6a9eb23b29877fbd07f88f2e,com.gisma.advanced_database.shipment.adapter.secondary.mongo.entity.ShippingDBO,2026-09-07T12:46:51.885Z,4b756eca-e3c3-4679-957f-8faf9f34ad82,"{""name"": ""Checking Account virtual"", ""address"": {""street"": ""1343 Mabelle Green"", ""city"": ""299 Pfannerstill Lock"", ""state"": ""52526 Hammes Roads"", ""number"": ""33412507"", ""zipCode"": ""90746322"", ""district"": ""wireless"", ""createdAt"": {""$date"": ""2026-09-07T12:46:51.885Z""}, ""updatedAt"": {""$date"": ""2026-09-07T12:46:51.885Z""}}, ""createdAt"": {""$date"": ""2026-09-07T12:46:51.885Z""}, ""updatedAt"": {""$date"": ""2026-09-07T12:46:51.885Z""}}",TRANSIT,2026-09-07T12:46:51.885Z
6a9eb23c29877fbd07f88f2f,com.gisma.advanced_database.shipment.adapter.secondary.mongo.entity.ShippingDBO,2026-09-07T12:46:52.313Z,00ccd6ec-e9ac-49c9-9975-28e862e7a94e,"{""name"": ""Savings Account auxiliary"", ""address"": {""street"": ""42986 N Front Street"", ""city"": ""51470 Bartholome Skyway"", ""state"": ""99802 Lindgren Prairie"", ""number"": ""93136215"", ""zipCode"": ""93326555"", ""district"": ""neural"", ""createdAt"": {""$date"": ""2026-09-07T12:46:52.313Z""}, ""updatedAt"": {""$date"": ""2026-09-07T12:46:52.313Z""}}, ""createdAt"": {""$date"": ""2026-09-07T12:46:52.313Z""}, ""updatedAt"": {""$date"": ""2026-09-07T12:46:52.313Z""}}",SHIPPED,2026-09-07T12:46:52.313Z
6a9eb23c29877fbd07f88f30,com.gisma.advanced_database.shipment.adapter.secondary.mongo.entity.ShippingDBO,2026-09-07T12:46:52.477Z,6c380117-9470-49ec-bc66-1ac70ff1135e,"{""name"": ""Credit Card Account redundant"", ""address"": {""street"": ""4849 Reichel Walks"", ""city"": ""151 Rhiannon Green"", ""state"": ""2181 St Andrew's Road"", ""number"": ""16560457"", ""zipCode"": ""92036585"", ""district"": ""primary"", ""createdAt"": {""$date"": ""2026-09-07T12:46:52.477Z""}, ""updatedAt"": {""$date"": ""2026-09-07T12:46:52.477Z""}}, ""createdAt"": {""$date"": ""2026-09-07T12:46:52.477Z""}, ""updatedAt"": {""$date"": ""2026-09-07T12:46:52.477Z""}}",TRANSIT,2026-09-07T12:46:52.477Z
6a9eb23c29877fbd07f88f31,com.gisma.advanced_database.shipment.adapter.secondary.mongo.entity.ShippingDBO,2026-09-07T12:46:52.675Z,acda5a2b-5cac-45fe-81cf-21f2c623f759,"{""name"": ""Savings Account 1080p"", ""address"": {""street"": ""45791 Darlene Landing"", ""city"": ""5738 Hill Road"", ""state"": ""227 Garden Close"", ""number"": ""76282813"", ""zipCode"": ""27004470"", ""district"": ""wireless"", ""createdAt"": {""$date"": ""2026-09-07T12:46:52.675Z""}, ""updatedAt"": {""$date"": ""2026-09-07T12:46:52.675Z""}}, ""createdAt"": {""$date"": ""2026-09-07T12:46:52.675Z""}, ""updatedAt"": {""$date"": ""2026-09-07T12:46:52.675Z""}}",SHIPPED,2026-09-07T12:46:52.675Z
6a9eb23c29877fbd07f88f32,com.gisma.advanced_database.shipment.adapter.secondary.mongo.entity.ShippingDBO,2026-09-07T12:46:52.843Z,8c1104f5-ff1c-454a-919c-b59e08d24a59,"{""name"": ""Investment Account open-source"", ""address"": {""street"": ""293 Victoria Place"", ""city"": ""408 Howe Points"", ""state"": ""355 N Main Street"", ""number"": ""41416494"", ""zipCode"": ""14537946"", ""district"": ""digital"", ""createdAt"": {""$date"": ""2026-09-07T12:46:52.843Z""}, ""updatedAt"": {""$date"": ""2026-09-07T12:46:52.843Z""}}, ""createdAt"": {""$date"": ""2026-09-07T12:46:52.843Z""}, ""updatedAt"": {""$date"": ""2026-09-07T12:46:52.843Z""}}",DELIVERED,2026-09-07T12:46:52.843Z
6a9eb23d29877fbd07f88f33,com.gisma.advanced_database.shipment.adapter.secondary.mongo.entity.ShippingDBO,2026-09-07T12:46:53.304Z,8f9c299e-05a8-475b-b62e-18872ad2d755,"{""name"": ""Checking Account haptic"", ""address"": {""street"": ""9789 Hall Lane"", ""city"": ""34782 Johan Manors"", ""state"": ""2128 Beatty Shoals"", ""number"": ""93841385"", ""zipCode"": ""52948300"", ""district"": ""wireless"", ""createdAt"": {""$date"": ""2026-09-07T12:46:53.304Z""}, ""updatedAt"": {""$date"": ""2026-09-07T12:46:53.304Z""}}, ""createdAt"": {""$date"": ""2026-09-07T12:46:53.304Z""}, ""updatedAt"": {""$date"": ""2026-09-07T12:46:53.304Z""}}",TRANSIT,2026-09-07T12:46:53.304Z
6a9eb23d29877fbd07f88f34,com.gisma.advanced_database.shipment.adapter.secondary.mongo.entity.ShippingDBO,2026-09-07T12:46:53.469Z,adb34da4-95ce-4c55-910f-f721c19b90b9,"{""name"": ""Checking Account haptic"", ""address"": {""street"": ""4998 Grady Courts"", ""city"": ""1146 Schoen Lodge"", ""state"": ""173 Nienow Harbor"", ""number"": ""18708790"", ""zipCode"": ""80157736"", ""district"": ""open-source"", ""createdAt"": {""$date"": ""2026-09-07T12:46:53.469Z""}, ""updatedAt"": {""$date"": ""2026-09-07T12:46:53.469Z""}}, ""createdAt"": {""$date"": ""2026-09-07T12:46:53.469Z""}, ""updatedAt"": {""$date"": ""2026-09-07T12:46:53.469Z""}}",PLACED,2026-09-07T12:46:53.469Z
6a9eb23d29877fbd07f88f35,com.gisma.advanced_database.shipment.adapter.secondary.mongo.entity.ShippingDBO,2026-09-07T12:46:53.653Z,2cfcaaa3-0593-4989-9d5d-5d745503ec71,"{""name"": ""Home Loan Account open-source"", ""address"": {""street"": ""45470 Bell Greens"", ""city"": ""916 Rosie Dam"", ""state"": ""5712 E Front Street"", ""number"": ""33354329"", ""zipCode"": ""08016680"", ""district"": ""wireless"", ""createdAt"": {""$date"": ""2026-09-07T12:46:53.653Z""}, ""updatedAt"": {""$date"": ""2026-09-07T12:46:53.653Z""}}, ""createdAt"": {""$date"": ""2026-09-07T12:46:53.653Z""}, ""updatedAt"": {""$date"": ""2026-09-07T12:46:53.653Z""}}",DELIVERED,2026-09-07T12:46:53.653Z
6a9eb23d29877fbd07f88f36,com.gisma.advanced_database.shipment.adapter.secondary.mongo.entity.ShippingDBO,2026-09-07T12:46:53.821Z,c29219b0-139b-421e-a090-9100623dcddb,"{""name"": ""Personal Loan Account bluetooth"", ""address"": {""street"": ""2773 Jaida Place"", ""city"": ""69583 Schmitt Inlet"", ""state"": ""8414 Broad Lane"", ""number"": ""43818650"", ""zipCode"": ""27742286"", ""district"": ""online"", ""createdAt"": {""$date"": ""2026-09-07T12:46:53.821Z""}, ""updatedAt"": {""$date"": ""2026-09-07T12:46:53.821Z""}}, ""createdAt"": {""$date"": ""2026-09-07T12:46:53.821Z""}, ""updatedAt"": {""$date"": ""2026-09-07T12:46:53.821Z""}}",PLACED,2026-09-07T12:46:53.821Z
6a9eb23e29877fbd07f88f37,com.gisma.advanced_database.shipment.adapter.secondary.mongo.entity.ShippingDBO,2026-09-07T12:46:54.251Z,eba42cfe-55b4-470d-95fd-3ff74a14f877,"{""name"": ""Investment Account 1080p"", ""address"": {""street"": ""5583 Bennett Brooks"", ""city"": ""7795 O'Reilly Forest"", ""state"": ""971 Kerluke Ville"", ""number"": ""74279413"", ""zipCode"": ""68515322"", ""district"": ""multi-byte"", ""createdAt"": {""$date"": ""2026-09-07T12:46:54.251Z""}, ""updatedAt"": {""$date"": ""2026-09-07T12:46:54.251Z""}}, ""createdAt"": {""$date"": ""2026-09-07T12:46:54.251Z""}, ""updatedAt"": {""$date"": ""2026-09-07T12:46:54.251Z""}}",PACKED,2026-09-07T12:46:54.251Z
6a9eb23e29877fbd07f88f38,com.gisma.advanced_database.shipment.adapter.secondary.mongo.entity.ShippingDBO,2026-09-07T12:46:54.419Z,83b02956-aae2-4929-8b3a-8177f250fbd8,"{""name"": ""Savings Account back-end"", ""address"": {""street"": ""6122 Llewellyn Vista"", ""city"": ""8538 N Main Street"", ""state"": ""2464 Clint Roads"", ""number"": ""69513817"", ""zipCode"": ""76100808"", ""district"": ""back-end"", ""createdAt"": {""$date"": ""2026-09-07T12:46:54.419Z""}, ""updatedAt"": {""$date"": ""2026-09-07T12:46:54.419Z""}}, ""createdAt"": {""$date"": ""2026-09-07T12:46:54.419Z""}, ""updatedAt"": {""$date"": ""2026-09-07T12:46:54.419Z""}}",TRANSIT,2026-09-07T12:46:54.419Z
6a9eb23e29877fbd07f88f39,com.gisma.advanced_database.shipment.adapter.secondary.mongo.entity.ShippingDBO,2026-09-07T12:46:54.586Z,62f2f2e3-7ef0-4337-b942-c9d3b8bbdb1b,"{""name"": ""Savings Account bluetooth"", ""address"": {""street"": ""869 Marvin Wells"", ""city"": ""82205 S State Street"", ""state"": ""26149 Somerset Road"", ""number"": ""26502202"", ""zipCode"": ""80647800"", ""district"": ""1080p"", ""createdAt"": {""$date"": ""2026-09-07T12:46:54.586Z""}, ""updatedAt"": {""$date"": ""2026-09-07T12:46:54.586Z""}}, ""createdAt"": {""$date"": ""2026-09-07T12:46:54.586Z""}, ""updatedAt"": {""$date"": ""2026-09-07T12:46:54.586Z""}}",OUT_FOR_DELIVERY,2026-09-07T12:46:54.586Z
6a9eb23e29877fbd07f88f3a,com.gisma.advanced_database.shipment.adapter.secondary.mongo.entity.ShippingDBO,2026-09-07T12:46:54.753Z,b35d0f0a-8ff5-44b8-9c45-eb763c735586,"{""name"": ""Investment Account solid state"", ""address"": {""street"": ""1584 Windsor Avenue"", ""city"": ""86959 Rosina Manors"", ""state"": ""323 Howard Road"", ""number"": ""00757141"", ""zipCode"": ""30490332"", ""district"": ""auxiliary"", ""createdAt"": {""$date"": ""2026-09-07T12:46:54.753Z""}, ""updatedAt"": {""$date"": ""2026-09-07T12:46:54.753Z""}}, ""createdAt"": {""$date"": ""2026-09-07T12:46:54.753Z""}, ""updatedAt"": {""$date"": ""2026-09-07T12:46:54.753Z""}}",SHIPPED,2026-09-07T12:46:54.753Z
6a9eb23f29877fbd07f88f3b,com.gisma.advanced_database.shipment.adapter.secondary.mongo.entity.ShippingDBO,2026-09-07T12:46:55.198Z,da0e5714-38c4-4c91-a382-b1bbf4d48a23,"{""name"": ""Savings Account virtual"", ""address"": {""street"": ""7101 Kelley Views"", ""city"": ""76704 Stokes Square"", ""state"": ""775 Miller Lodge"", ""number"": ""14654527"", ""zipCode"": ""47815820"", ""district"": ""1080p"", ""createdAt"": {""$date"": ""2026-09-07T12:46:55.198Z""}, ""updatedAt"": {""$date"": ""2026-09-07T12:46:55.198Z""}}, ""createdAt"": {""$date"": ""2026-09-07T12:46:55.198Z""}, ""updatedAt"": {""$date"": ""2026-09-07T12:46:55.198Z""}}",DELIVERED,2026-09-07T12:46:55.198Z
6a9eb23f29877fbd07f88f3c,com.gisma.advanced_database.shipment.adapter.secondary.mongo.entity.ShippingDBO,2026-09-07T12:46:55.360Z,7824db93-9b1c-4c99-9f84-2abab9edc980,"{""name"": ""Money Market Account optical"", ""address"": {""street"": ""6092 Pascale Village"", ""city"": ""81333 Hazel Circle"", ""state"": ""1623 Field Close"", ""number"": ""94216350"", ""zipCode"": ""55714577"", ""district"": ""open-source"", ""createdAt"": {""$date"": ""2026-09-07T12:46:55.360Z""}, ""updatedAt"": {""$date"": ""2026-09-07T12:46:55.360Z""}}, ""createdAt"": {""$date"": ""2026-09-07T12:46:55.360Z""}, ""updatedAt"": {""$date"": ""2026-09-07T12:46:55.360Z""}}",DELIVERED,2026-09-07T12:46:55.360Z
6a9eb23f29877fbd07f88f3d,com.gisma.advanced_database.shipment.adapter.secondary.mongo.entity.ShippingDBO,2026-09-07T12:46:55.529Z,fd4c564c-e6b0-4de1-a29f-9887b5204f67,"{""name"": ""Home Loan Account 1080p"", ""address"": {""street"": ""28220 Turner Court"", ""city"": ""859 Mayert Motorway"", ""state"": ""7601 McCullough Creek"", ""number"": ""65683122"", ""zipCode"": ""69802161"", ""district"": ""back-end"", ""createdAt"": {""$date"": ""2026-09-07T12:46:55.529Z""}, ""updatedAt"": {""$date"": ""2026-09-07T12:46:55.529Z""}}, ""createdAt"": {""$date"": ""2026-09-07T12:46:55.529Z""}, ""updatedAt"": {""$date"": ""2026-09-07T12:46:55.529Z""}}",OUT_FOR_DELIVERY,2026-09-07T12:46:55.529Z
6a9eb23f29877fbd07f88f3e,com.gisma.advanced_database.shipment.adapter.secondary.mongo.entity.ShippingDBO,2026-09-07T12:46:55.699Z,0e24d7ca-5cd2-4c11-b4b8-fc28cc696d7d,"{""name"": ""Home Loan Account primary"", ""address"": {""street"": ""394 Maximus Pass"", ""city"": ""666 Klocko Skyway"", ""state"": ""582 Lind Rapids"", ""number"": ""22641273"", ""zipCode"": ""62270600"", ""district"": ""solid state"", ""createdAt"": {""$date"": ""2026-09-07T12:46:55.699Z""}, ""updatedAt"": {""$date"": ""2026-09-07T12:46:55.699Z""}}, ""createdAt"": {""$date"": ""2026-09-07T12:46:55.699Z""}, ""updatedAt"": {""$date"": ""2026-09-07T12:46:55.699Z""}}",DELIVERED,2026-09-07T12:46:55.699Z
6a9eb24029877fbd07f88f3f,com.gisma.advanced_database.shipment.adapter.secondary.mongo.entity.ShippingDBO,2026-09-07T12:46:56.157Z,4573895a-b3e6-4c7d-b992-7e1f4a6657be,"{""name"": ""Checking Account solid state"", ""address"": {""street"": ""496 Bath Road"", ""city"": ""6542 The Square"", ""state"": ""457 Javon Underpass"", ""number"": ""81517909"", ""zipCode"": ""94997485"", ""district"": ""auxiliary"", ""createdAt"": {""$date"": ""2026-09-07T12:46:56.157Z""}, ""updatedAt"": {""$date"": ""2026-09-07T12:46:56.157Z""}}, ""createdAt"": {""$date"": ""2026-09-07T12:46:56.157Z""}, ""updatedAt"": {""$date"": ""2026-09-07T12:46:56.157Z""}}",TRANSIT,2026-09-07T12:46:56.157Z
6a9eb24029877fbd07f88f40,com.gisma.advanced_database.shipment.adapter.secondary.mongo.entity.ShippingDBO,2026-09-07T12:46:56.320Z,fd019ced-d22f-4951-b83e-db56c5e8dc20,"{""name"": ""Credit Card Account auxiliary"", ""address"": {""street"": ""8780 Emmerich Plains"", ""city"": ""5834 Neil Mill"", ""state"": ""6479 S Oak Street"", ""number"": ""61256058"", ""zipCode"": ""29903491"", ""district"": ""digital"", ""createdAt"": {""$date"": ""2026-09-07T12:46:56.320Z""}, ""updatedAt"": {""$date"": ""2026-09-07T12:46:56.320Z""}}, ""createdAt"": {""$date"": ""2026-09-07T12:46:56.320Z""}, ""updatedAt"": {""$date"": ""2026-09-07T12:46:56.320Z""}}",TRANSIT,2026-09-07T12:46:56.320Z
6a9eb24029877fbd07f88f41,com.gisma.advanced_database.shipment.adapter.secondary.mongo.entity.ShippingDBO,2026-09-07T12:46:56.483Z,12cd00ec-cdea-4ad6-800a-330bad3490d4,"{""name"": ""Credit Card Account haptic"", ""address"": {""street"": ""28009 Wood Street"", ""city"": ""5231 Rico Cape"", ""state"": ""22749 Gerald Key"", ""number"": ""81579653"", ""zipCode"": ""18762476"", ""district"": ""neural"", ""createdAt"": {""$date"": ""2026-09-07T12:46:56.483Z""}, ""updatedAt"": {""$date"": ""2026-09-07T12:46:56.483Z""}}, ""createdAt"": {""$date"": ""2026-09-07T12:46:56.483Z""}, ""updatedAt"": {""$date"": ""2026-09-07T12:46:56.483Z""}}",OUT_FOR_DELIVERY,2026-09-07T12:46:56.483Z
6a9eb24029877fbd07f88f42,com.gisma.advanced_database.shipment.adapter.secondary.mongo.entity.ShippingDBO,2026-09-07T12:46:56.652Z,33f7aa77-9556-4261-bfb9-7292a4228ed2,"{""name"": ""Investment Account 1080p"", ""address"": {""street"": ""6557 Jayde Green"", ""city"": ""7819 Church View"", ""state"": ""90122 N Water Street"", ""number"": ""23839610"", ""zipCode"": ""92450003"", ""district"": ""solid state"", ""createdAt"": {""$date"": ""2026-09-07T12:46:56.652Z""}, ""updatedAt"": {""$date"": ""2026-09-07T12:46:56.652Z""}}, ""createdAt"": {""$date"": ""2026-09-07T12:46:56.652Z""}, ""updatedAt"": {""$date"": ""2026-09-07T12:46:56.652Z""}}",DELIVERED,2026-09-07T12:46:56.652Z
6a9eb24129877fbd07f88f43,com.gisma.advanced_database.shipment.adapter.secondary.mongo.entity.ShippingDBO,2026-09-07T12:46:57.089Z,e27a78ce-0eec-4f96-a63c-249d92702b9e,"{""name"": ""Money Market Account bluetooth"", ""address"": {""street"": ""3019 Rosendo Glen"", ""city"": ""62344 Brenden Street"", ""state"": ""8669 Mossie Centers"", ""number"": ""60716297"", ""zipCode"": ""46087167"", ""district"": ""digital"", ""createdAt"": {""$date"": ""2026-09-07T12:46:57.089Z""}, ""updatedAt"": {""$date"": ""2026-09-07T12:46:57.089Z""}}, ""createdAt"": {""$date"": ""2026-09-07T12:46:57.089Z""}, ""updatedAt"": {""$date"": ""2026-09-07T12:46:57.089Z""}}",PLACED,2026-09-07T12:46:57.089Z
6a9eb24129877fbd07f88f44,com.gisma.advanced_database.shipment.adapter.secondary.mongo.entity.ShippingDBO,2026-09-07T12:46:57.257Z,f019f019-1432-4df5-bd04-7827ca7df09b,"{""name"": ""Personal Loan Account multi-byte"", ""address"": {""street"": ""74607 Lehner Fords"", ""city"": ""175 Pinfold Lane"", ""state"": ""9143 5th Street"", ""number"": ""37731873"", ""zipCode"": ""16213502"", ""district"": ""digital"", ""createdAt"": {""$date"": ""2026-09-07T12:46:57.257Z""}, ""updatedAt"": {""$date"": ""2026-09-07T12:46:57.257Z""}}, ""createdAt"": {""$date"": ""2026-09-07T12:46:57.257Z""}, ""updatedAt"": {""$date"": ""2026-09-07T12:46:57.257Z""}}",PACKED,2026-09-07T12:46:57.257Z
6a9eb24129877fbd07f88f45,com.gisma.advanced_database.shipment.adapter.secondary.mongo.entity.ShippingDBO,2026-09-07T12:46:57.428Z,ed6379d3-fcc2-4e73-8571-549cdcb6d3b7,"{""name"": ""Money Market Account wireless"", ""address"": {""street"": ""30081 Orie Plain"", ""city"": ""1534 Aimee Heights"", ""state"": ""2372 Tony Common"", ""number"": ""44697173"", ""zipCode"": ""06850690"", ""district"": ""1080p"", ""createdAt"": {""$date"": ""2026-09-07T12:46:57.428Z""}, ""updatedAt"": {""$date"": ""2026-09-07T12:46:57.428Z""}}, ""createdAt"": {""$date"": ""2026-09-07T12:46:57.428Z""}, ""updatedAt"": {""$date"": ""2026-09-07T12:46:57.428Z""}}",OUT_FOR_DELIVERY,2026-09-07T12:46:57.428Z
6a9eb24129877fbd07f88f46,com.gisma.advanced_database.shipment.adapter.secondary.mongo.entity.ShippingDBO,2026-09-07T12:46:57.593Z,78f7750e-e0c8-433a-ae1f-c3232d9d0e88,"{""name"": ""Home Loan Account mobile"", ""address"": {""street"": ""473 N Center Street"", ""city"": ""24896 Johnston Bridge"", ""state"": ""58540 Waelchi Lights"", ""number"": ""71402642"", ""zipCode"": ""19109517"", ""district"": ""wireless"", ""createdAt"": {""$date"": ""2026-09-07T12:46:57.593Z""}, ""updatedAt"": {""$date"": ""2026-09-07T12:46:57.593Z""}}, ""createdAt"": {""$date"": ""2026-09-07T12:46:57.593Z""}, ""updatedAt"": {""$date"": ""2026-09-07T12:46:57.593Z""}}",TRANSIT,2026-09-07T12:46:57.593Z
6a9eb24229877fbd07f88f47,com.gisma.advanced_database.shipment.adapter.secondary.mongo.entity.ShippingDBO,2026-09-07T12:46:58.063Z,6f549bf0-4fd6-4339-a7ce-0094dd751221,"{""name"": ""Investment Account solid state"", ""address"": {""street"": ""10980 Jast Fall"", ""city"": ""22579 Barton Lakes"", ""state"": ""231 Ryan Path"", ""number"": ""15574543"", ""zipCode"": ""29790736"", ""district"": ""solid state"", ""createdAt"": {""$date"": ""2026-09-07T12:46:58.063Z""}, ""updatedAt"": {""$date"": ""2026-09-07T12:46:58.063Z""}}, ""createdAt"": {""$date"": ""2026-09-07T12:46:58.063Z""}, ""updatedAt"": {""$date"": ""2026-09-07T12:46:58.063Z""}}",PLACED,2026-09-07T12:46:58.063Z
6a9eb24229877fbd07f88f48,com.gisma.advanced_database.shipment.adapter.secondary.mongo.entity.ShippingDBO,2026-09-07T12:46:58.253Z,ad41bef5-b65d-4875-a39e-36f26e5fa3de,"{""name"": ""Investment Account mobile"", ""address"": {""street"": ""2238 Kaci Rue"", ""city"": ""7763 Pound Lane"", ""state"": ""31053 Nestor Ridge"", ""number"": ""79437147"", ""zipCode"": ""29921457"", ""district"": ""wireless"", ""createdAt"": {""$date"": ""2026-09-07T12:46:58.253Z""}, ""updatedAt"": {""$date"": ""2026-09-07T12:46:58.253Z""}}, ""createdAt"": {""$date"": ""2026-09-07T12:46:58.253Z""}, ""updatedAt"": {""$date"": ""2026-09-07T12:46:58.253Z""}}",PACKED,2026-09-07T12:46:58.253Z
6a9eb24229877fbd07f88f49,com.gisma.advanced_database.shipment.adapter.secondary.mongo.entity.ShippingDBO,2026-09-07T12:46:58.422Z,985505f0-8c2e-4027-9ae2-2b9c93caf921,"{""name"": ""Money Market Account online"", ""address"": {""street"": ""49948 Justine Turnpike"", ""city"": ""840 Shields Trafficway"", ""state"": ""328 Natasha Rue"", ""number"": ""29097726"", ""zipCode"": ""13154618"", ""district"": ""online"", ""createdAt"": {""$date"": ""2026-09-07T12:46:58.422Z""}, ""updatedAt"": {""$date"": ""2026-09-07T12:46:58.422Z""}}, ""createdAt"": {""$date"": ""2026-09-07T12:46:58.422Z""}, ""updatedAt"": {""$date"": ""2026-09-07T12:46:58.422Z""}}",SHIPPED,2026-09-07T12:46:58.422Z
6a9eb24229877fbd07f88f4a,com.gisma.advanced_database.shipment.adapter.secondary.mongo.entity.ShippingDBO,2026-09-07T12:46:58.587Z,900ab979-5034-4d73-8b8e-615bce47fb9a,"{""name"": ""Credit Card Account cross-platform"", ""address"": {""street"": ""16924 Court Street"", ""city"": ""30470 Xavier Spurs"", ""state"": ""7372 Birch Avenue"", ""number"": ""78053325"", ""zipCode"": ""49547183"", ""district"": ""auxiliary"", ""createdAt"": {""$date"": ""2026-09-07T12:46:58.587Z""}, ""updatedAt"": {""$date"": ""2026-09-07T12:46:58.587Z""}}, ""createdAt"": {""$date"": ""2026-09-07T12:46:58.587Z""}, ""updatedAt"": {""$date"": ""2026-09-07T12:46:58.587Z""}}",TRANSIT,2026-09-07T12:46:58.587Z
6a9eb24329877fbd07f88f4b,com.gisma.advanced_database.shipment.adapter.secondary.mongo.entity.ShippingDBO,2026-09-07T12:46:59.102Z,680310de-82cc-4db2-ba44-01418c52b859,"{""name"": ""Home Loan Account mobile"", ""address"": {""street"": ""421 Crist Overpass"", ""city"": ""64206 Collier Land"", ""state"": ""173 Wilhelmine Course"", ""number"": ""26389606"", ""zipCode"": ""52527429"", ""district"": ""1080p"", ""createdAt"": {""$date"": ""2026-09-07T12:46:59.102Z""}, ""updatedAt"": {""$date"": ""2026-09-07T12:46:59.102Z""}}, ""createdAt"": {""$date"": ""2026-09-07T12:46:59.102Z""}, ""updatedAt"": {""$date"": ""2026-09-07T12:46:59.102Z""}}",TRANSIT,2026-09-07T12:46:59.102Z
6a9eb24329877fbd07f88f4c,com.gisma.advanced_database.shipment.adapter.secondary.mongo.entity.ShippingDBO,2026-09-07T12:46:59.262Z,664ac00d-a627-4043-ba2f-f7815b4e51b3,"{""name"": ""Money Market Account back-end"", ""address"": {""street"": ""8848 Viola Landing"", ""city"": ""924 Dixie Branch"", ""state"": ""272 The Causeway"", ""number"": ""02252985"", ""zipCode"": ""03493101"", ""district"": ""online"", ""createdAt"": {""$date"": ""2026-09-07T12:46:59.262Z""}, ""updatedAt"": {""$date"": ""2026-09-07T12:46:59.262Z""}}, ""createdAt"": {""$date"": ""2026-09-07T12:46:59.262Z""}, ""updatedAt"": {""$date"": ""2026-09-07T12:46:59.262Z""}}",SHIPPED,2026-09-07T12:46:59.262Z
6a9eb24329877fbd07f88f4d,com.gisma.advanced_database.shipment.adapter.secondary.mongo.entity.ShippingDBO,2026-09-07T12:46:59.441Z,fafb01b1-adc3-4d43-9abc-459dc7251c3b,"{""name"": ""Auto Loan Account multi-byte"", ""address"": {""street"": ""518 Hillside Close"", ""city"": ""2667 Lowe Isle"", ""state"": ""696 Nader Ford"", ""number"": ""42159371"", ""zipCode"": ""84101328"", ""district"": ""open-source"", ""createdAt"": {""$date"": ""2026-09-07T12:46:59.441Z""}, ""updatedAt"": {""$date"": ""2026-09-07T12:46:59.441Z""}}, ""createdAt"": {""$date"": ""2026-09-07T12:46:59.441Z""}, ""updatedAt"": {""$date"": ""2026-09-07T12:46:59.441Z""}}",TRANSIT,2026-09-07T12:46:59.441Z
6a9eb24329877fbd07f88f4e,com.gisma.advanced_database.shipment.adapter.secondary.mongo.entity.ShippingDBO,2026-09-07T12:46:59.612Z,01a7330e-c14e-46d0-9aeb-6a19cdf82780,"{""name"": ""Home Loan Account 1080p"", ""address"": {""street"": ""6604 Ewell Fall"", ""city"": ""4171 Huel Rapids"", ""state"": ""26146 Sandringham Road"", ""number"": ""06253482"", ""zipCode"": ""82210617"", ""district"": ""virtual"", ""createdAt"": {""$date"": ""2026-09-07T12:46:59.612Z""}, ""updatedAt"": {""$date"": ""2026-09-07T12:46:59.612Z""}}, ""createdAt"": {""$date"": ""2026-09-07T12:46:59.612Z""}, ""updatedAt"": {""$date"": ""2026-09-07T12:46:59.612Z""}}",SHIPPED,2026-09-07T12:46:59.612Z
6a9eb24429877fbd07f88f4f,com.gisma.advanced_database.shipment.adapter.secondary.mongo.entity.ShippingDBO,2026-09-07T12:47:00.177Z,bb7bf7b7-b3ae-4b25-a33e-fefa9c871764,"{""name"": ""Investment Account primary"", ""address"": {""street"": ""43004 The Ridgeway"", ""city"": ""98785 Luis Avenue"", ""state"": ""717 W 5th Street"", ""number"": ""96234904"", ""zipCode"": ""14494470"", ""district"": ""mobile"", ""createdAt"": {""$date"": ""2026-09-07T12:47:00.177Z""}, ""updatedAt"": {""$date"": ""2026-09-07T12:47:00.177Z""}}, ""createdAt"": {""$date"": ""2026-09-07T12:47:00.177Z""}, ""updatedAt"": {""$date"": ""2026-09-07T12:47:00.177Z""}}",PACKED,2026-09-07T12:47:00.177Z
6a9eb24429877fbd07f88f50,com.gisma.advanced_database.shipment.adapter.secondary.mongo.entity.ShippingDBO,2026-09-07T12:47:00.344Z,189e4df5-9056-4c14-b76d-92b5fd75048c,"{""name"": ""Savings Account optical"", ""address"": {""street"": ""839 Herminio Mill"", ""city"": ""1082 Will Fords"", ""state"": ""439 Gordon Road"", ""number"": ""43262716"", ""zipCode"": ""04501589"", ""district"": ""haptic"", ""createdAt"": {""$date"": ""2026-09-07T12:47:00.344Z""}, ""updatedAt"": {""$date"": ""2026-09-07T12:47:00.344Z""}}, ""createdAt"": {""$date"": ""2026-09-07T12:47:00.344Z""}, ""updatedAt"": {""$date"": ""2026-09-07T12:47:00.344Z""}}",PACKED,2026-09-07T12:47:00.344Z
6a9eb24429877fbd07f88f51,com.gisma.advanced_database.shipment.adapter.secondary.mongo.entity.ShippingDBO,2026-09-07T12:47:00.519Z,7c7afef5-5232-4f97-93e5-2cb113125b28,"{""name"": ""Credit Card Account digital"", ""address"": {""street"": ""23074 Carroll Trail"", ""city"": ""17732 Lottie Route"", ""state"": ""562 Woodlands Avenue"", ""number"": ""45772168"", ""zipCode"": ""93103614"", ""district"": ""redundant"", ""createdAt"": {""$date"": ""2026-09-07T12:47:00.519Z""}, ""updatedAt"": {""$date"": ""2026-09-07T12:47:00.519Z""}}, ""createdAt"": {""$date"": ""2026-09-07T12:47:00.519Z""}, ""updatedAt"": {""$date"": ""2026-09-07T12:47:00.519Z""}}",OUT_FOR_DELIVERY,2026-09-07T12:47:00.519Z
6a9eb24429877fbd07f88f52,com.gisma.advanced_database.shipment.adapter.secondary.mongo.entity.ShippingDBO,2026-09-07T12:47:00.688Z,1efc9d73-210c-4bf1-889f-87cbe15a59f7,"{""name"": ""Investment Account virtual"", ""address"": {""street"": ""473 Manor Way"", ""city"": ""54404 Nolan Throughway"", ""state"": ""3773 7th Street"", ""number"": ""15949752"", ""zipCode"": ""12416501"", ""district"": ""optical"", ""createdAt"": {""$date"": ""2026-09-07T12:47:00.688Z""}, ""updatedAt"": {""$date"": ""2026-09-07T12:47:00.688Z""}}, ""createdAt"": {""$date"": ""2026-09-07T12:47:00.688Z""}, ""updatedAt"": {""$date"": ""2026-09-07T12:47:00.688Z""}}",OUT_FOR_DELIVERY,2026-09-07T12:47:00.688Z
6a9eb24529877fbd07f88f53,com.gisma.advanced_database.shipment.adapter.secondary.mongo.entity.ShippingDBO,2026-09-07T12:47:01.202Z,25899ac5-a365-428a-9798-33cc2c5c9d1b,"{""name"": ""Savings Account mobile"", ""address"": {""street"": ""287 Douglas Road"", ""city"": ""322 W Center Street"", ""state"": ""8449 Armstrong Rapids"", ""number"": ""21847401"", ""zipCode"": ""23130344"", ""district"": ""auxiliary"", ""createdAt"": {""$date"": ""2026-09-07T12:47:01.202Z""}, ""updatedAt"": {""$date"": ""2026-09-07T12:47:01.202Z""}}, ""createdAt"": {""$date"": ""2026-09-07T12:47:01.202Z""}, ""updatedAt"": {""$date"": ""2026-09-07T12:47:01.202Z""}}",OUT_FOR_DELIVERY,2026-09-07T12:47:01.202Z
6a9eb24529877fbd07f88f54,com.gisma.advanced_database.shipment.adapter.secondary.mongo.entity.ShippingDBO,2026-09-07T12:47:01.367Z,32255783-9b72-459a-a49d-3a3feb3eb4d3,"{""name"": ""Credit Card Account multi-byte"", ""address"": {""street"": ""8778 Dickens Trafficway"", ""city"": ""24923 Brookside"", ""state"": ""432 Forrest Pass"", ""number"": ""52422950"", ""zipCode"": ""44087759"", ""district"": ""optical"", ""createdAt"": {""$date"": ""2026-09-07T12:47:01.367Z""}, ""updatedAt"": {""$date"": ""2026-09-07T12:47:01.367Z""}}, ""createdAt"": {""$date"": ""2026-09-07T12:47:01.367Z""}, ""updatedAt"": {""$date"": ""2026-09-07T12:47:01.367Z""}}",PLACED,2026-09-07T12:47:01.367Z
6a9eb24529877fbd07f88f55,com.gisma.advanced_database.shipment.adapter.secondary.mongo.entity.ShippingDBO,2026-09-07T12:47:01.549Z,6e2b18c5-9453-4380-9525-eb92ac8bf7a8,"{""name"": ""Money Market Account auxiliary"", ""address"": {""street"": ""4430 Feil Wells"", ""city"": ""30343 Uriel Plaza"", ""state"": ""59359 East Street"", ""number"": ""69965010"", ""zipCode"": ""15302403"", ""district"": ""redundant"", ""createdAt"": {""$date"": ""2026-09-07T12:47:01.549Z""}, ""updatedAt"": {""$date"": ""2026-09-07T12:47:01.549Z""}}, ""createdAt"": {""$date"": ""2026-09-07T12:47:01.549Z""}, ""updatedAt"": {""$date"": ""2026-09-07T12:47:01.549Z""}}",PACKED,2026-09-07T12:47:01.549Z
6a9eb24529877fbd07f88f56,com.gisma.advanced_database.shipment.adapter.secondary.mongo.entity.ShippingDBO,2026-09-07T12:47:01.718Z,43a5d293-5dbd-4918-b9c4-a07b70cb1bdb,"{""name"": ""Checking Account solid state"", ""address"": {""street"": ""895 Roberts Springs"", ""city"": ""194 Manchester Road"", ""state"": ""18175 Toy Port"", ""number"": ""57115115"", ""zipCode"": ""32169818"", ""district"": ""1080p"", ""createdAt"": {""$date"": ""2026-09-07T12:47:01.718Z""}, ""updatedAt"": {""$date"": ""2026-09-07T12:47:01.718Z""}}, ""createdAt"": {""$date"": ""2026-09-07T12:47:01.718Z""}, ""updatedAt"": {""$date"": ""2026-09-07T12:47:01.718Z""}}",DELIVERED,2026-09-07T12:47:01.718Z
6a9eb24629877fbd07f88f57,com.gisma.advanced_database.shipment.adapter.secondary.mongo.entity.ShippingDBO,2026-09-07T12:47:02.252Z,94f921e2-d337-4989-b917-b8da47955e98,"{""name"": ""Money Market Account virtual"", ""address"": {""street"": ""45771 E 3rd Street"", ""city"": ""30912 Tina Coves"", ""state"": ""6041 Marquardt Tunnel"", ""number"": ""94377061"", ""zipCode"": ""79827675"", ""district"": ""solid state"", ""createdAt"": {""$date"": ""2026-09-07T12:47:02.252Z""}, ""updatedAt"": {""$date"": ""2026-09-07T12:47:02.252Z""}}, ""createdAt"": {""$date"": ""2026-09-07T12:47:02.252Z""}, ""updatedAt"": {""$date"": ""2026-09-07T12:47:02.252Z""}}",PACKED,2026-09-07T12:47:02.252Z
6a9eb24629877fbd07f88f58,com.gisma.advanced_database.shipment.adapter.secondary.mongo.entity.ShippingDBO,2026-09-07T12:47:02.409Z,263cfa70-c031-4702-bf1d-05e304934e64,"{""name"": ""Home Loan Account optical"", ""address"": {""street"": ""20855 Gulgowski Islands"", ""city"": ""341 Major Squares"", ""state"": ""818 Kuhn Hills"", ""number"": ""24239172"", ""zipCode"": ""82796626"", ""district"": ""solid state"", ""createdAt"": {""$date"": ""2026-09-07T12:47:02.409Z""}, ""updatedAt"": {""$date"": ""2026-09-07T12:47:02.409Z""}}, ""createdAt"": {""$date"": ""2026-09-07T12:47:02.409Z""}, ""updatedAt"": {""$date"": ""2026-09-07T12:47:02.409Z""}}",OUT_FOR_DELIVERY,2026-09-07T12:47:02.409Z
6a9eb24629877fbd07f88f59,com.gisma.advanced_database.shipment.adapter.secondary.mongo.entity.ShippingDBO,2026-09-07T12:47:02.579Z,712d546b-e904-4c90-87c5-940ae35808fd,"{""name"": ""Money Market Account redundant"", ""address"": {""street"": ""75650 Memorial Drive"", ""city"": ""315 Waelchi Island"", ""state"": ""433 Wren Close"", ""number"": ""92882256"", ""zipCode"": ""84473673"", ""district"": ""cross-platform"", ""createdAt"": {""$date"": ""2026-09-07T12:47:02.579Z""}, ""updatedAt"": {""$date"": ""2026-09-07T12:47:02.579Z""}}, ""createdAt"": {""$date"": ""2026-09-07T12:47:02.579Z""}, ""updatedAt"": {""$date"": ""2026-09-07T12:47:02.579Z""}}",SHIPPED,2026-09-07T12:47:02.579Z
6a9eb24629877fbd07f88f5a,com.gisma.advanced_database.shipment.adapter.secondary.mongo.entity.ShippingDBO,2026-09-07T12:47:02.746Z,ec08c144-b993-4b5d-b46c-9b7134fb9bd6,"{""name"": ""Personal Loan Account redundant"", ""address"": {""street"": ""6650 Reynolds Harbors"", ""city"": ""56378 Carmel Inlet"", ""state"": ""595 Dach Road"", ""number"": ""06329185"", ""zipCode"": ""41781474"", ""district"": ""back-end"", ""createdAt"": {""$date"": ""2026-09-07T12:47:02.746Z""}, ""updatedAt"": {""$date"": ""2026-09-07T12:47:02.746Z""}}, ""createdAt"": {""$date"": ""2026-09-07T12:47:02.746Z""}, ""updatedAt"": {""$date"": ""2026-09-07T12:47:02.746Z""}}",TRANSIT,2026-09-07T12:47:02.746Z
6a9eb24729877fbd07f88f5b,com.gisma.advanced_database.shipment.adapter.secondary.mongo.entity.ShippingDBO,2026-09-07T12:47:03.220Z,f8879b26-3b54-48a1-9bac-04c6ae6db9a2,"{""name"": ""Checking Account haptic"", ""address"": {""street"": ""3463 Vine Street"", ""city"": ""97384 N Oak Street"", ""state"": ""15163 Janick Row"", ""number"": ""13496182"", ""zipCode"": ""83361079"", ""district"": ""haptic"", ""createdAt"": {""$date"": ""2026-09-07T12:47:03.220Z""}, ""updatedAt"": {""$date"": ""2026-09-07T12:47:03.220Z""}}, ""createdAt"": {""$date"": ""2026-09-07T12:47:03.220Z""}, ""updatedAt"": {""$date"": ""2026-09-07T12:47:03.220Z""}}",TRANSIT,2026-09-07T12:47:03.220Z
6a9eb24729877fbd07f88f5c,com.gisma.advanced_database.shipment.adapter.secondary.mongo.entity.ShippingDBO,2026-09-07T12:47:03.406Z,c7db57f3-585a-4ad1-be02-95e9b802bd72,"{""name"": ""Home Loan Account auxiliary"", ""address"": {""street"": ""3569 Skyline Drive"", ""city"": ""871 Gerry Harbors"", ""state"": ""83138 Veterans Memorial Drive"", ""number"": ""80735321"", ""zipCode"": ""23379894"", ""district"": ""open-source"", ""createdAt"": {""$date"": ""2026-09-07T12:47:03.406Z""}, ""updatedAt"": {""$date"": ""2026-09-07T12:47:03.406Z""}}, ""createdAt"": {""$date"": ""2026-09-07T12:47:03.406Z""}, ""updatedAt"": {""$date"": ""2026-09-07T12:47:03.406Z""}}",SHIPPED,2026-09-07T12:47:03.406Z
6a9eb24729877fbd07f88f5d,com.gisma.advanced_database.shipment.adapter.secondary.mongo.entity.ShippingDBO,2026-09-07T12:47:03.578Z,b5c76552-bab5-4622-ab08-e6c18dc0b99e,"{""name"": ""Home Loan Account mobile"", ""address"": {""street"": ""7771 Emory Stream"", ""city"": ""341 Rodriguez Hollow"", ""state"": ""3011 Windmill Close"", ""number"": ""97361954"", ""zipCode"": ""53785195"", ""district"": ""bluetooth"", ""createdAt"": {""$date"": ""2026-09-07T12:47:03.578Z""}, ""updatedAt"": {""$date"": ""2026-09-07T12:47:03.578Z""}}, ""createdAt"": {""$date"": ""2026-09-07T12:47:03.578Z""}, ""updatedAt"": {""$date"": ""2026-09-07T12:47:03.578Z""}}",OUT_FOR_DELIVERY,2026-09-07T12:47:03.578Z
6a9eb24729877fbd07f88f5e,com.gisma.advanced_database.shipment.adapter.secondary.mongo.entity.ShippingDBO,2026-09-07T12:47:03.741Z,b918b003-9a96-4ab2-a242-8b8ae0bd2874,"{""name"": ""Money Market Account solid state"", ""address"": {""street"": ""5114 Richmond Road"", ""city"": ""5605 Newton Road"", ""state"": ""92482 Frances Rue"", ""number"": ""90460374"", ""zipCode"": ""51737147"", ""district"": ""1080p"", ""createdAt"": {""$date"": ""2026-09-07T12:47:03.741Z""}, ""updatedAt"": {""$date"": ""2026-09-07T12:47:03.741Z""}}, ""createdAt"": {""$date"": ""2026-09-07T12:47:03.741Z""}, ""updatedAt"": {""$date"": ""2026-09-07T12:47:03.741Z""}}",SHIPPED,2026-09-07T12:47:03.741Z
6a9eb24829877fbd07f88f5f,com.gisma.advanced_database.shipment.adapter.secondary.mongo.entity.ShippingDBO,2026-09-07T12:47:04.322Z,95365c1f-7758-4180-9bd4-a2408bbc3afa,"{""name"": ""Home Loan Account digital"", ""address"": {""street"": ""4705 5th Street"", ""city"": ""548 Liberty Street"", ""state"": ""638 Batz Ridge"", ""number"": ""43523681"", ""zipCode"": ""26115463"", ""district"": ""1080p"", ""createdAt"": {""$date"": ""2026-09-07T12:47:04.322Z""}, ""updatedAt"": {""$date"": ""2026-09-07T12:47:04.322Z""}}, ""createdAt"": {""$date"": ""2026-09-07T12:47:04.322Z""}, ""updatedAt"": {""$date"": ""2026-09-07T12:47:04.322Z""}}",PLACED,2026-09-07T12:47:04.322Z
6a9eb24829877fbd07f88f60,com.gisma.advanced_database.shipment.adapter.secondary.mongo.entity.ShippingDBO,2026-09-07T12:47:04.497Z,be7c8a3c-68b1-4701-9171-3a6b718fef7d,"{""name"": ""Auto Loan Account wireless"", ""address"": {""street"": ""13309 Lueilwitz Mission"", ""city"": ""5101 Strosin Glen"", ""state"": ""725 High Road"", ""number"": ""52048874"", ""zipCode"": ""04532426"", ""district"": ""back-end"", ""createdAt"": {""$date"": ""2026-09-07T12:47:04.497Z""}, ""updatedAt"": {""$date"": ""2026-09-07T12:47:04.497Z""}}, ""createdAt"": {""$date"": ""2026-09-07T12:47:04.497Z""}, ""updatedAt"": {""$date"": ""2026-09-07T12:47:04.497Z""}}",TRANSIT,2026-09-07T12:47:04.497Z
6a9eb24829877fbd07f88f61,com.gisma.advanced_database.shipment.adapter.secondary.mongo.entity.ShippingDBO,2026-09-07T12:47:04.678Z,d078a6db-7427-4c30-b978-0a8ff72ab1bb,"{""name"": ""Auto Loan Account cross-platform"", ""address"": {""street"": ""4202 12th Street"", ""city"": ""4532 N 7th Street"", ""state"": ""15809 Meadow Way"", ""number"": ""79223602"", ""zipCode"": ""56832662"", ""district"": ""neural"", ""createdAt"": {""$date"": ""2026-09-07T12:47:04.678Z""}, ""updatedAt"": {""$date"": ""2026-09-07T12:47:04.678Z""}}, ""createdAt"": {""$date"": ""2026-09-07T12:47:04.678Z""}, ""updatedAt"": {""$date"": ""2026-09-07T12:47:04.678Z""}}",SHIPPED,2026-09-07T12:47:04.678Z
6a9eb24829877fbd07f88f62,com.gisma.advanced_database.shipment.adapter.secondary.mongo.entity.ShippingDBO,2026-09-07T12:47:04.851Z,239cc1d1-da67-4f53-af79-10f844399722,"{""name"": ""Savings Account primary"", ""address"": {""street"": ""253 N Church Street"", ""city"": ""83290 Cherry Tree Close"", ""state"": ""7510 S Market Street"", ""number"": ""80367244"", ""zipCode"": ""16631576"", ""district"": ""haptic"", ""createdAt"": {""$date"": ""2026-09-07T12:47:04.851Z""}, ""updatedAt"": {""$date"": ""2026-09-07T12:47:04.851Z""}}, ""createdAt"": {""$date"": ""2026-09-07T12:47:04.851Z""}, ""updatedAt"": {""$date"": ""2026-09-07T12:47:04.851Z""}}",PACKED,2026-09-07T12:47:04.851Z
6a9eb24929877fbd07f88f63,com.gisma.advanced_database.shipment.adapter.secondary.mongo.entity.ShippingDBO,2026-09-07T12:47:05.432Z,870f91d2-5984-40ce-b224-0fbe8151c9c4,"{""name"": ""Personal Loan Account 1080p"", ""address"": {""street"": ""762 Gregg Point"", ""city"": ""415 Oaklands"", ""state"": ""551 Zulauf Keys"", ""number"": ""83653699"", ""zipCode"": ""73419102"", ""district"": ""online"", ""createdAt"": {""$date"": ""2026-09-07T12:47:05.432Z""}, ""updatedAt"": {""$date"": ""2026-09-07T12:47:05.432Z""}}, ""createdAt"": {""$date"": ""2026-09-07T12:47:05.432Z""}, ""updatedAt"": {""$date"": ""2026-09-07T12:47:05.432Z""}}",TRANSIT,2026-09-07T12:47:05.432Z
6a9eb24929877fbd07f88f64,com.gisma.advanced_database.shipment.adapter.secondary.mongo.entity.ShippingDBO,2026-09-07T12:47:05.601Z,44f8c1a7-b100-431f-9b55-2cb6a298aebd,"{""name"": ""Auto Loan Account solid state"", ""address"": {""street"": ""931 Nikolaus Stravenue"", ""city"": ""72993 Hermann Village"", ""state"": ""8292 Boris Cliffs"", ""number"": ""34365343"", ""zipCode"": ""85125389"", ""district"": ""bluetooth"", ""createdAt"": {""$date"": ""2026-09-07T12:47:05.601Z""}, ""updatedAt"": {""$date"": ""2026-09-07T12:47:05.601Z""}}, ""createdAt"": {""$date"": ""2026-09-07T12:47:05.601Z""}, ""updatedAt"": {""$date"": ""2026-09-07T12:47:05.601Z""}}",OUT_FOR_DELIVERY,2026-09-07T12:47:05.601Z
6a9eb24929877fbd07f88f65,com.gisma.advanced_database.shipment.adapter.secondary.mongo.entity.ShippingDBO,2026-09-07T12:47:05.767Z,11b3b06d-a5c3-4335-bbc3-0d91830e9b81,"{""name"": ""Investment Account cross-platform"", ""address"": {""street"": ""6579 Hoppe Corner"", ""city"": ""93117 Milton Road"", ""state"": ""5721 Auer Plains"", ""number"": ""66893982"", ""zipCode"": ""27877691"", ""district"": ""1080p"", ""createdAt"": {""$date"": ""2026-09-07T12:47:05.767Z""}, ""updatedAt"": {""$date"": ""2026-09-07T12:47:05.767Z""}}, ""createdAt"": {""$date"": ""2026-09-07T12:47:05.767Z""}, ""updatedAt"": {""$date"": ""2026-09-07T12:47:05.767Z""}}",TRANSIT,2026-09-07T12:47:05.767Z
6a9eb24929877fbd07f88f66,com.gisma.advanced_database.shipment.adapter.secondary.mongo.entity.ShippingDBO,2026-09-07T12:47:05.936Z,c60286bb-47ec-4d3e-b48b-ebade71e5915,"{""name"": ""Auto Loan Account back-end"", ""address"": {""street"": ""18396 Bath Road"", ""city"": ""402 Brook Lane"", ""state"": ""327 Towne Oval"", ""number"": ""38521912"", ""zipCode"": ""79544464"", ""district"": ""multi-byte"", ""createdAt"": {""$date"": ""2026-09-07T12:47:05.936Z""}, ""updatedAt"": {""$date"": ""2026-09-07T12:47:05.936Z""}}, ""createdAt"": {""$date"": ""2026-09-07T12:47:05.936Z""}, ""updatedAt"": {""$date"": ""2026-09-07T12:47:05.936Z""}}",TRANSIT,2026-09-07T12:47:05.936Z
6a9eb24a29877fbd07f88f67,com.gisma.advanced_database.shipment.adapter.secondary.mongo.entity.ShippingDBO,2026-09-07T12:47:06.444Z,6fc899ef-3e5b-44a9-bcd4-0b6562041428,"{""name"": ""Home Loan Account back-end"", ""address"": {""street"": ""50875 Deckow Gardens"", ""city"": ""277 Sylvan Harbor"", ""state"": ""47657 Elyse Points"", ""number"": ""16310863"", ""zipCode"": ""55174967"", ""district"": ""back-end"", ""createdAt"": {""$date"": ""2026-09-07T12:47:06.444Z""}, ""updatedAt"": {""$date"": ""2026-09-07T12:47:06.444Z""}}, ""createdAt"": {""$date"": ""2026-09-07T12:47:06.444Z""}, ""updatedAt"": {""$date"": ""2026-09-07T12:47:06.444Z""}}",PLACED,2026-09-07T12:47:06.444Z
6a9eb24a29877fbd07f88f68,com.gisma.advanced_database.shipment.adapter.secondary.mongo.entity.ShippingDBO,2026-09-07T12:47:06.619Z,25f32046-62bb-4416-ac39-e50e233f920f,"{""name"": ""Home Loan Account 1080p"", ""address"": {""street"": ""794 14th Street"", ""city"": ""7539 DuBuque Cove"", ""state"": ""50514 State Avenue"", ""number"": ""36948378"", ""zipCode"": ""34684102"", ""district"": ""back-end"", ""createdAt"": {""$date"": ""2026-09-07T12:47:06.619Z""}, ""updatedAt"": {""$date"": ""2026-09-07T12:47:06.619Z""}}, ""createdAt"": {""$date"": ""2026-09-07T12:47:06.619Z""}, ""updatedAt"": {""$date"": ""2026-09-07T12:47:06.619Z""}}",TRANSIT,2026-09-07T12:47:06.619Z
6a9eb24a29877fbd07f88f69,com.gisma.advanced_database.shipment.adapter.secondary.mongo.entity.ShippingDBO,2026-09-07T12:47:06.804Z,f4057e7e-6c13-49b8-86b6-77ac058c03c9,"{""name"": ""Personal Loan Account optical"", ""address"": {""street"": ""287 Victoria Street"", ""city"": ""42057 Cheyanne Radial"", ""state"": ""97374 Maurice Pine"", ""number"": ""57881204"", ""zipCode"": ""96963599"", ""district"": ""back-end"", ""createdAt"": {""$date"": ""2026-09-07T12:47:06.804Z""}, ""updatedAt"": {""$date"": ""2026-09-07T12:47:06.804Z""}}, ""createdAt"": {""$date"": ""2026-09-07T12:47:06.804Z""}, ""updatedAt"": {""$date"": ""2026-09-07T12:47:06.804Z""}}",OUT_FOR_DELIVERY,2026-09-07T12:47:06.804Z
6a9eb24a29877fbd07f88f6a,com.gisma.advanced_database.shipment.adapter.secondary.mongo.entity.ShippingDBO,2026-09-07T12:47:06.971Z,5d94f511-293e-4956-b329-807d94c0bb1a,"{""name"": ""Checking Account haptic"", ""address"": {""street"": ""51749 Central Avenue"", ""city"": ""5648 Lincoln Highway"", ""state"": ""230 Waterloo Road"", ""number"": ""90755717"", ""zipCode"": ""70834173"", ""district"": ""digital"", ""createdAt"": {""$date"": ""2026-09-07T12:47:06.971Z""}, ""updatedAt"": {""$date"": ""2026-09-07T12:47:06.971Z""}}, ""createdAt"": {""$date"": ""2026-09-07T12:47:06.971Z""}, ""updatedAt"": {""$date"": ""2026-09-07T12:47:06.971Z""}}",DELIVERED,2026-09-07T12:47:06.971Z
6a9eb24b29877fbd07f88f6b,com.gisma.advanced_database.shipment.adapter.secondary.mongo.entity.ShippingDBO,2026-09-07T12:47:07.526Z,8690be5c-a4be-4777-8fcb-92e8097ea8b1,"{""name"": ""Checking Account primary"", ""address"": {""street"": ""256 Hauck Rest"", ""city"": ""366 Agustina Meadows"", ""state"": ""24022 Boyle Stream"", ""number"": ""30824136"", ""zipCode"": ""35951531"", ""district"": ""auxiliary"", ""createdAt"": {""$date"": ""2026-09-07T12:47:07.526Z""}, ""updatedAt"": {""$date"": ""2026-09-07T12:47:07.526Z""}}, ""createdAt"": {""$date"": ""2026-09-07T12:47:07.526Z""}, ""updatedAt"": {""$date"": ""2026-09-07T12:47:07.526Z""}}",DELIVERED,2026-09-07T12:47:07.526Z
6a9eb24b29877fbd07f88f6c,com.gisma.advanced_database.shipment.adapter.secondary.mongo.entity.ShippingDBO,2026-09-07T12:47:07.723Z,9aa568aa-289f-4fa3-bff1-e208b2b84950,"{""name"": ""Money Market Account cross-platform"", ""address"": {""street"": ""7130 Elwyn Brook"", ""city"": ""294 Elias Rapid"", ""state"": ""40010 Kaden Shore"", ""number"": ""94004405"", ""zipCode"": ""28586988"", ""district"": ""optical"", ""createdAt"": {""$date"": ""2026-09-07T12:47:07.723Z""}, ""updatedAt"": {""$date"": ""2026-09-07T12:47:07.723Z""}}, ""createdAt"": {""$date"": ""2026-09-07T12:47:07.723Z""}, ""updatedAt"": {""$date"": ""2026-09-07T12:47:07.723Z""}}",TRANSIT,2026-09-07T12:47:07.723Z
6a9eb24c29877fbd07f88f6d,com.gisma.advanced_database.shipment.adapter.secondary.mongo.entity.ShippingDBO,2026-09-07T12:47:08.112Z,60592ec3-0d5f-456b-9a12-d652c7dbad63,"{""name"": ""Credit Card Account cross-platform"", ""address"": {""street"": ""7551 The Mount"", ""city"": ""633 Kuphal Coves"", ""state"": ""669 Beier Corner"", ""number"": ""89819854"", ""zipCode"": ""47585336"", ""district"": ""open-source"", ""createdAt"": {""$date"": ""2026-09-07T12:47:08.112Z""}, ""updatedAt"": {""$date"": ""2026-09-07T12:47:08.112Z""}}, ""createdAt"": {""$date"": ""2026-09-07T12:47:08.112Z""}, ""updatedAt"": {""$date"": ""2026-09-07T12:47:08.112Z""}}",DELIVERED,2026-09-07T12:47:08.112Z
6a9eb24c29877fbd07f88f6e,com.gisma.advanced_database.shipment.adapter.secondary.mongo.entity.ShippingDBO,2026-09-07T12:47:08.417Z,9e58a036-d821-4ace-8811-a0cc75af52b7,"{""name"": ""Checking Account multi-byte"", ""address"": {""street"": ""4551 Barn Close"", ""city"": ""2718 Francisco Plaza"", ""state"": ""202 Schinner Estates"", ""number"": ""04688504"", ""zipCode"": ""65596657"", ""district"": ""solid state"", ""createdAt"": {""$date"": ""2026-09-07T12:47:08.417Z""}, ""updatedAt"": {""$date"": ""2026-09-07T12:47:08.417Z""}}, ""createdAt"": {""$date"": ""2026-09-07T12:47:08.417Z""}, ""updatedAt"": {""$date"": ""2026-09-07T12:47:08.417Z""}}",SHIPPED,2026-09-07T12:47:08.417Z
6a9eb24d29877fbd07f88f6f,com.gisma.advanced_database.shipment.adapter.secondary.mongo.entity.ShippingDBO,2026-09-07T12:47:09.536Z,d36b3b67-7581-4936-addd-9051086cabea,"{""name"": ""Auto Loan Account haptic"", ""address"": {""street"": ""7284 Margie Lake"", ""city"": ""430 Freddy Inlet"", ""state"": ""706 Cameron Glen"", ""number"": ""13847304"", ""zipCode"": ""07943926"", ""district"": ""open-source"", ""createdAt"": {""$date"": ""2026-09-07T12:47:09.536Z""}, ""updatedAt"": {""$date"": ""2026-09-07T12:47:09.536Z""}}, ""createdAt"": {""$date"": ""2026-09-07T12:47:09.536Z""}, ""updatedAt"": {""$date"": ""2026-09-07T12:47:09.536Z""}}",DELIVERED,2026-09-07T12:47:09.536Z
6a9eb24d29877fbd07f88f70,com.gisma.advanced_database.shipment.adapter.secondary.mongo.entity.ShippingDBO,2026-09-07T12:47:09.718Z,f1317e85-6a22-4313-b3cf-ea55411d513d,"{""name"": ""Money Market Account wireless"", ""address"": {""street"": ""855 Auer Way"", ""city"": ""37377 Riverside Drive"", ""state"": ""12672 Cromwell Road"", ""number"": ""59162509"", ""zipCode"": ""51300255"", ""district"": ""virtual"", ""createdAt"": {""$date"": ""2026-09-07T12:47:09.718Z""}, ""updatedAt"": {""$date"": ""2026-09-07T12:47:09.718Z""}}, ""createdAt"": {""$date"": ""2026-09-07T12:47:09.718Z""}, ""updatedAt"": {""$date"": ""2026-09-07T12:47:09.718Z""}}",SHIPPED,2026-09-07T12:47:09.718Z
6a9eb24d29877fbd07f88f71,com.gisma.advanced_database.shipment.adapter.secondary.mongo.entity.ShippingDBO,2026-09-07T12:47:09.894Z,90ac1ecd-8e29-4af8-ba1a-215aeb587e27,"{""name"": ""Auto Loan Account online"", ""address"": {""street"": ""9817 Chestnut Drive"", ""city"": ""16601 Sienna River"", ""state"": ""847 Douglas Roads"", ""number"": ""01181780"", ""zipCode"": ""70793908"", ""district"": ""online"", ""createdAt"": {""$date"": ""2026-09-07T12:47:09.894Z""}, ""updatedAt"": {""$date"": ""2026-09-07T12:47:09.894Z""}}, ""createdAt"": {""$date"": ""2026-09-07T12:47:09.894Z""}, ""updatedAt"": {""$date"": ""2026-09-07T12:47:09.894Z""}}",SHIPPED,2026-09-07T12:47:09.894Z
6a9eb24e29877fbd07f88f72,com.gisma.advanced_database.shipment.adapter.secondary.mongo.entity.ShippingDBO,2026-09-07T12:47:10.078Z,177863f5-0b8f-4656-9a3f-88207ff2f3b2,"{""name"": ""Investment Account cross-platform"", ""address"": {""street"": ""71004 Violette Rue"", ""city"": ""53805 Abbott Villages"", ""state"": ""283 Heath Road"", ""number"": ""62593971"", ""zipCode"": ""01587302"", ""district"": ""auxiliary"", ""createdAt"": {""$date"": ""2026-09-07T12:47:10.078Z""}, ""updatedAt"": {""$date"": ""2026-09-07T12:47:10.078Z""}}, ""createdAt"": {""$date"": ""2026-09-07T12:47:10.078Z""}, ""updatedAt"": {""$date"": ""2026-09-07T12:47:10.078Z""}}",PLACED,2026-09-07T12:47:10.078Z
6a9eb24e29877fbd07f88f73,com.gisma.advanced_database.shipment.adapter.secondary.mongo.entity.ShippingDBO,2026-09-07T12:47:10.650Z,5f45ed72-4fb3-43b5-b54e-9352f317680c,"{""name"": ""Credit Card Account multi-byte"", ""address"": {""street"": ""61193 Chandler Light"", ""city"": ""1639 E Pine Street"", ""state"": ""18998 Spruce Street"", ""number"": ""59416101"", ""zipCode"": ""78562177"", ""district"": ""neural"", ""createdAt"": {""$date"": ""2026-09-07T12:47:10.650Z""}, ""updatedAt"": {""$date"": ""2026-09-07T12:47:10.650Z""}}, ""createdAt"": {""$date"": ""2026-09-07T12:47:10.650Z""}, ""updatedAt"": {""$date"": ""2026-09-07T12:47:10.650Z""}}",PLACED,2026-09-07T12:47:10.650Z
6a9eb24e29877fbd07f88f74,com.gisma.advanced_database.shipment.adapter.secondary.mongo.entity.ShippingDBO,2026-09-07T12:47:10.965Z,fb5e3e79-d077-4cea-be5c-bbf6e1c867d1,"{""name"": ""Home Loan Account mobile"", ""address"": {""street"": ""22620 Zachery Circle"", ""city"": ""49886 Glover Drives"", ""state"": ""76418 Beech Grove"", ""number"": ""60869074"", ""zipCode"": ""68422889"", ""district"": ""redundant"", ""createdAt"": {""$date"": ""2026-09-07T12:47:10.965Z""}, ""updatedAt"": {""$date"": ""2026-09-07T12:47:10.965Z""}}, ""createdAt"": {""$date"": ""2026-09-07T12:47:10.965Z""}, ""updatedAt"": {""$date"": ""2026-09-07T12:47:10.965Z""}}",DELIVERED,2026-09-07T12:47:10.965Z
6a9eb24f29877fbd07f88f75,com.gisma.advanced_database.shipment.adapter.secondary.mongo.entity.ShippingDBO,2026-09-07T12:47:11.200Z,9d8c420d-961a-4119-ba9e-91389ee4e49f,"{""name"": ""Auto Loan Account neural"", ""address"": {""street"": ""688 Sophia Crest"", ""city"": ""38137 E Front Street"", ""state"": ""49237 Golda Lake"", ""number"": ""74886927"", ""zipCode"": ""02003932"", ""district"": ""digital"", ""createdAt"": {""$date"": ""2026-09-07T12:47:11.200Z""}, ""updatedAt"": {""$date"": ""2026-09-07T12:47:11.200Z""}}, ""createdAt"": {""$date"": ""2026-09-07T12:47:11.200Z""}, ""updatedAt"": {""$date"": ""2026-09-07T12:47:11.200Z""}}",TRANSIT,2026-09-07T12:47:11.200Z
6a9eb24f29877fbd07f88f76,com.gisma.advanced_database.shipment.adapter.secondary.mongo.entity.ShippingDBO,2026-09-07T12:47:11.402Z,10fc2d51-cccd-4873-b699-fe8ab19d61a4,"{""name"": ""Auto Loan Account auxiliary"", ""address"": {""street"": ""36788 King Spring"", ""city"": ""45048 Rachelle Groves"", ""state"": ""42656 Patrick Vista"", ""number"": ""86642815"", ""zipCode"": ""85595457"", ""district"": ""virtual"", ""createdAt"": {""$date"": ""2026-09-07T12:47:11.402Z""}, ""updatedAt"": {""$date"": ""2026-09-07T12:47:11.402Z""}}, ""createdAt"": {""$date"": ""2026-09-07T12:47:11.402Z""}, ""updatedAt"": {""$date"": ""2026-09-07T12:47:11.402Z""}}",SHIPPED,2026-09-07T12:47:11.402Z
6a9eb25029877fbd07f88f77,com.gisma.advanced_database.shipment.adapter.secondary.mongo.entity.ShippingDBO,2026-09-07T12:47:12.209Z,c0cc883e-f47d-45d3-83af-4cb2d07d04eb,"{""name"": ""Investment Account auxiliary"", ""address"": {""street"": ""480 Demarcus Skyway"", ""city"": ""59081 Ivory Knolls"", ""state"": ""5621 Adams Expressway"", ""number"": ""17489341"", ""zipCode"": ""72722561"", ""district"": ""primary"", ""createdAt"": {""$date"": ""2026-09-07T12:47:12.209Z""}, ""updatedAt"": {""$date"": ""2026-09-07T12:47:12.209Z""}}, ""createdAt"": {""$date"": ""2026-09-07T12:47:12.209Z""}, ""updatedAt"": {""$date"": ""2026-09-07T12:47:12.209Z""}}",DELIVERED,2026-09-07T12:47:12.209Z
6a9eb25029877fbd07f88f78,com.gisma.advanced_database.shipment.adapter.secondary.mongo.entity.ShippingDBO,2026-09-07T12:47:12.432Z,8a4b12f2-d838-46bb-bbb2-86c95a8259c9,"{""name"": ""Savings Account haptic"", ""address"": {""street"": ""1193 N 8th Street"", ""city"": ""66355 Jaskolski Row"", ""state"": ""872 Jefferson Avenue"", ""number"": ""73596790"", ""zipCode"": ""90394897"", ""district"": ""redundant"", ""createdAt"": {""$date"": ""2026-09-07T12:47:12.432Z""}, ""updatedAt"": {""$date"": ""2026-09-07T12:47:12.432Z""}}, ""createdAt"": {""$date"": ""2026-09-07T12:47:12.432Z""}, ""updatedAt"": {""$date"": ""2026-09-07T12:47:12.432Z""}}",SHIPPED,2026-09-07T12:47:12.432Z
6a9eb25029877fbd07f88f79,com.gisma.advanced_database.shipment.adapter.secondary.mongo.entity.ShippingDBO,2026-09-07T12:47:12.663Z,33271771-6673-4189-b67b-e5bd67291e48,"{""name"": ""Auto Loan Account cross-platform"", ""address"": {""street"": ""2461 Kunde Skyway"", ""city"": ""212 E State Street"", ""state"": ""10303 Icie Street"", ""number"": ""37083046"", ""zipCode"": ""99864925"", ""district"": ""virtual"", ""createdAt"": {""$date"": ""2026-09-07T12:47:12.663Z""}, ""updatedAt"": {""$date"": ""2026-09-07T12:47:12.663Z""}}, ""createdAt"": {""$date"": ""2026-09-07T12:47:12.663Z""}, ""updatedAt"": {""$date"": ""2026-09-07T12:47:12.663Z""}}",PACKED,2026-09-07T12:47:12.663Z
6a9eb25029877fbd07f88f7a,com.gisma.advanced_database.shipment.adapter.secondary.mongo.entity.ShippingDBO,2026-09-07T12:47:12.926Z,cd2dd41e-79c3-428e-9efe-88eb9dee67e9,"{""name"": ""Auto Loan Account open-source"", ""address"": {""street"": ""460 Carolyn Parks"", ""city"": ""139 Kristopher Brook"", ""state"": ""1924 Elenor Rapids"", ""number"": ""80727396"", ""zipCode"": ""90299023"", ""district"": ""wireless"", ""createdAt"": {""$date"": ""2026-09-07T12:47:12.926Z""}, ""updatedAt"": {""$date"": ""2026-09-07T12:47:12.926Z""}}, ""createdAt"": {""$date"": ""2026-09-07T12:47:12.926Z""}, ""updatedAt"": {""$date"": ""2026-09-07T12:47:12.926Z""}}",PACKED,2026-09-07T12:47:12.926Z
6a9eb25129877fbd07f88f7b,com.gisma.advanced_database.shipment.adapter.secondary.mongo.entity.ShippingDBO,2026-09-07T12:47:13.588Z,6a074b2d-c38e-4e96-93b1-23ece0c19af0,"{""name"": ""Home Loan Account open-source"", ""address"": {""street"": ""21960 Kihn Cape"", ""city"": ""5872 Lime Grove"", ""state"": ""9794 Hansen Shoals"", ""number"": ""29805202"", ""zipCode"": ""05675072"", ""district"": ""open-source"", ""createdAt"": {""$date"": ""2026-09-07T12:47:13.588Z""}, ""updatedAt"": {""$date"": ""2026-09-07T12:47:13.588Z""}}, ""createdAt"": {""$date"": ""2026-09-07T12:47:13.588Z""}, ""updatedAt"": {""$date"": ""2026-09-07T12:47:13.588Z""}}",TRANSIT,2026-09-07T12:47:13.588Z
6a9eb25129877fbd07f88f7c,com.gisma.advanced_database.shipment.adapter.secondary.mongo.entity.ShippingDBO,2026-09-07T12:47:13.867Z,5ae3239c-5850-4b4f-8b09-b9d8820858d6,"{""name"": ""Savings Account virtual"", ""address"": {""street"": ""3003 Corkery Gateway"", ""city"": ""801 Park Place"", ""state"": ""33790 Highfield Close"", ""number"": ""37338615"", ""zipCode"": ""20003550"", ""district"": ""open-source"", ""createdAt"": {""$date"": ""2026-09-07T12:47:13.867Z""}, ""updatedAt"": {""$date"": ""2026-09-07T12:47:13.867Z""}}, ""createdAt"": {""$date"": ""2026-09-07T12:47:13.867Z""}, ""updatedAt"": {""$date"": ""2026-09-07T12:47:13.867Z""}}",PACKED,2026-09-07T12:47:13.867Z
6a9eb25229877fbd07f88f7d,com.gisma.advanced_database.shipment.adapter.secondary.mongo.entity.ShippingDBO,2026-09-07T12:47:14.086Z,dfb90ed2-43d2-416e-bfa3-b7def7a55007,"{""name"": ""Investment Account virtual"", ""address"": {""street"": ""2523 University Drive"", ""city"": ""58956 Jeffery Crest"", ""state"": ""78564 Shanahan Way"", ""number"": ""93276517"", ""zipCode"": ""03799036"", ""district"": ""neural"", ""createdAt"": {""$date"": ""2026-09-07T12:47:14.086Z""}, ""updatedAt"": {""$date"": ""2026-09-07T12:47:14.086Z""}}, ""createdAt"": {""$date"": ""2026-09-07T12:47:14.086Z""}, ""updatedAt"": {""$date"": ""2026-09-07T12:47:14.086Z""}}",PLACED,2026-09-07T12:47:14.086Z
6a9eb25229877fbd07f88f7e,com.gisma.advanced_database.shipment.adapter.secondary.mongo.entity.ShippingDBO,2026-09-07T12:47:14.280Z,2503b60c-8d89-463e-b159-1626bfb0cbfe,"{""name"": ""Credit Card Account primary"", ""address"": {""street"": ""218 Alexandra Road"", ""city"": ""502 Lizeth Circle"", ""state"": ""3342 Ona Club"", ""number"": ""02547571"", ""zipCode"": ""61914698"", ""district"": ""auxiliary"", ""createdAt"": {""$date"": ""2026-09-07T12:47:14.280Z""}, ""updatedAt"": {""$date"": ""2026-09-07T12:47:14.280Z""}}, ""createdAt"": {""$date"": ""2026-09-07T12:47:14.280Z""}, ""updatedAt"": {""$date"": ""2026-09-07T12:47:14.280Z""}}",DELIVERED,2026-09-07T12:47:14.280Z
6a9eb25329877fbd07f88f7f,com.gisma.advanced_database.shipment.adapter.secondary.mongo.entity.ShippingDBO,2026-09-07T12:47:15.156Z,b2a8b716-e413-484d-8477-ba0b8156fb13,"{""name"": ""Personal Loan Account virtual"", ""address"": {""street"": ""849 Gleichner Mill"", ""city"": ""565 Larkin Park"", ""state"": ""7374 Oak Drive"", ""number"": ""50688626"", ""zipCode"": ""40485016"", ""district"": ""redundant"", ""createdAt"": {""$date"": ""2026-09-07T12:47:15.156Z""}, ""updatedAt"": {""$date"": ""2026-09-07T12:47:15.156Z""}}, ""createdAt"": {""$date"": ""2026-09-07T12:47:15.156Z""}, ""updatedAt"": {""$date"": ""2026-09-07T12:47:15.156Z""}}",SHIPPED,2026-09-07T12:47:15.156Z
6a9eb25329877fbd07f88f80,com.gisma.advanced_database.shipment.adapter.secondary.mongo.entity.ShippingDBO,2026-09-07T12:47:15.371Z,64d99f3a-581f-4edf-9c4d-144e39dd7859,"{""name"": ""Savings Account back-end"", ""address"": {""street"": ""1189 Koepp Fields"", ""city"": ""886 Lexie Course"", ""state"": ""7106 Farrell Course"", ""number"": ""48272060"", ""zipCode"": ""47533478"", ""district"": ""bluetooth"", ""createdAt"": {""$date"": ""2026-09-07T12:47:15.371Z""}, ""updatedAt"": {""$date"": ""2026-09-07T12:47:15.371Z""}}, ""createdAt"": {""$date"": ""2026-09-07T12:47:15.371Z""}, ""updatedAt"": {""$date"": ""2026-09-07T12:47:15.371Z""}}",DELIVERED,2026-09-07T12:47:15.371Z
6a9eb25329877fbd07f88f81,com.gisma.advanced_database.shipment.adapter.secondary.mongo.entity.ShippingDBO,2026-09-07T12:47:15.588Z,68e84c82-1254-4c62-b508-9c2313d76799,"{""name"": ""Auto Loan Account open-source"", ""address"": {""street"": ""497 Tina Manor"", ""city"": ""2627 Stoltenberg Greens"", ""state"": ""363 Sandringham Road"", ""number"": ""35001395"", ""zipCode"": ""63427073"", ""district"": ""redundant"", ""createdAt"": {""$date"": ""2026-09-07T12:47:15.588Z""}, ""updatedAt"": {""$date"": ""2026-09-07T12:47:15.588Z""}}, ""createdAt"": {""$date"": ""2026-09-07T12:47:15.588Z""}, ""updatedAt"": {""$date"": ""2026-09-07T12:47:15.588Z""}}",PLACED,2026-09-07T12:47:15.588Z
6a9eb25329877fbd07f88f82,com.gisma.advanced_database.shipment.adapter.secondary.mongo.entity.ShippingDBO,2026-09-07T12:47:15.823Z,03ff02bb-a94f-4cb4-9704-22b18f4ccc09,"{""name"": ""Checking Account neural"", ""address"": {""street"": ""970 W Jefferson Street"", ""city"": ""591 The Oaks"", ""state"": ""621 West Haven"", ""number"": ""67911330"", ""zipCode"": ""51830926"", ""district"": ""haptic"", ""createdAt"": {""$date"": ""2026-09-07T12:47:15.823Z""}, ""updatedAt"": {""$date"": ""2026-09-07T12:47:15.823Z""}}, ""createdAt"": {""$date"": ""2026-09-07T12:47:15.823Z""}, ""updatedAt"": {""$date"": ""2026-09-07T12:47:15.823Z""}}",DELIVERED,2026-09-07T12:47:15.823Z
6a9eb25429877fbd07f88f83,com.gisma.advanced_database.shipment.adapter.secondary.mongo.entity.ShippingDBO,2026-09-07T12:47:16.690Z,69c4ee2c-500d-4685-9a08-ddf322bb1cec,"{""name"": ""Auto Loan Account mobile"", ""address"": {""street"": ""666 Brendan Tunnel"", ""city"": ""822 Reichert Path"", ""state"": ""1073 Bechtelar Expressway"", ""number"": ""73860403"", ""zipCode"": ""52965773"", ""district"": ""back-end"", ""createdAt"": {""$date"": ""2026-09-07T12:47:16.690Z""}, ""updatedAt"": {""$date"": ""2026-09-07T12:47:16.690Z""}}, ""createdAt"": {""$date"": ""2026-09-07T12:47:16.690Z""}, ""updatedAt"": {""$date"": ""2026-09-07T12:47:16.690Z""}}",OUT_FOR_DELIVERY,2026-09-07T12:47:16.690Z
6a9eb25529877fbd07f88f84,com.gisma.advanced_database.shipment.adapter.secondary.mongo.entity.ShippingDBO,2026-09-07T12:47:17.098Z,028ea3b2-0132-4edb-b3ef-9d334888a7a7,"{""name"": ""Credit Card Account multi-byte"", ""address"": {""street"": ""4707 The Grove"", ""city"": ""799 Sigrid Trail"", ""state"": ""79957 Franklin Avenue"", ""number"": ""49457417"", ""zipCode"": ""13486809"", ""district"": ""auxiliary"", ""createdAt"": {""$date"": ""2026-09-07T12:47:17.098Z""}, ""updatedAt"": {""$date"": ""2026-09-07T12:47:17.098Z""}}, ""createdAt"": {""$date"": ""2026-09-07T12:47:17.098Z""}, ""updatedAt"": {""$date"": ""2026-09-07T12:47:17.098Z""}}",PLACED,2026-09-07T12:47:17.098Z
6a9eb25529877fbd07f88f85,com.gisma.advanced_database.shipment.adapter.secondary.mongo.entity.ShippingDBO,2026-09-07T12:47:17.301Z,1d90c631-6b48-4fc6-b33c-a6befed9eb89,"{""name"": ""Auto Loan Account wireless"", ""address"": {""street"": ""6056 Chester Road"", ""city"": ""5629 Annamae Pines"", ""state"": ""78947 Norberto Lodge"", ""number"": ""43280569"", ""zipCode"": ""87620078"", ""district"": ""online"", ""createdAt"": {""$date"": ""2026-09-07T12:47:17.301Z""}, ""updatedAt"": {""$date"": ""2026-09-07T12:47:17.301Z""}}, ""createdAt"": {""$date"": ""2026-09-07T12:47:17.301Z""}, ""updatedAt"": {""$date"": ""2026-09-07T12:47:17.301Z""}}",TRANSIT,2026-09-07T12:47:17.301Z
6a9eb25529877fbd07f88f86,com.gisma.advanced_database.shipment.adapter.secondary.mongo.entity.ShippingDBO,2026-09-07T12:47:17.583Z,8e898582-0750-4cbc-8d8f-4d300eb5cca0,"{""name"": ""Investment Account neural"", ""address"": {""street"": ""257 Rau Pass"", ""city"": ""20526 Trinity Road"", ""state"": ""25228 Ryder Track"", ""number"": ""04448259"", ""zipCode"": ""81501100"", ""district"": ""bluetooth"", ""createdAt"": {""$date"": ""2026-09-07T12:47:17.583Z""}, ""updatedAt"": {""$date"": ""2026-09-07T12:47:17.583Z""}}, ""createdAt"": {""$date"": ""2026-09-07T12:47:17.583Z""}, ""updatedAt"": {""$date"": ""2026-09-07T12:47:17.583Z""}}",PACKED,2026-09-07T12:47:17.583Z
6a9eb25629877fbd07f88f87,com.gisma.advanced_database.shipment.adapter.secondary.mongo.entity.ShippingDBO,2026-09-07T12:47:18.301Z,1d2fdf3d-0148-4e85-82bc-d794631ba7a5,"{""name"": ""Money Market Account virtual"", ""address"": {""street"": ""34484 Avenue Road"", ""city"": ""64567 Manor Drive"", ""state"": ""4134 Schroeder Point"", ""number"": ""25155547"", ""zipCode"": ""94254025"", ""district"": ""auxiliary"", ""createdAt"": {""$date"": ""2026-09-07T12:47:18.301Z""}, ""updatedAt"": {""$date"": ""2026-09-07T12:47:18.301Z""}}, ""createdAt"": {""$date"": ""2026-09-07T12:47:18.301Z""}, ""updatedAt"": {""$date"": ""2026-09-07T12:47:18.301Z""}}",PLACED,2026-09-07T12:47:18.301Z
6a9eb25629877fbd07f88f88,com.gisma.advanced_database.shipment.adapter.secondary.mongo.entity.ShippingDBO,2026-09-07T12:47:18.501Z,ebdf61cc-fa4d-45b3-becc-a8017775f83b,"{""name"": ""Checking Account neural"", ""address"": {""street"": ""59088 Pine Close"", ""city"": ""56002 S Washington Street"", ""state"": ""23058 Leatha Viaduct"", ""number"": ""14375961"", ""zipCode"": ""52961777"", ""district"": ""mobile"", ""createdAt"": {""$date"": ""2026-09-07T12:47:18.500Z""}, ""updatedAt"": {""$date"": ""2026-09-07T12:47:18.500Z""}}, ""createdAt"": {""$date"": ""2026-09-07T12:47:18.501Z""}, ""updatedAt"": {""$date"": ""2026-09-07T12:47:18.501Z""}}",OUT_FOR_DELIVERY,2026-09-07T12:47:18.501Z
6a9eb25629877fbd07f88f89,com.gisma.advanced_database.shipment.adapter.secondary.mongo.entity.ShippingDBO,2026-09-07T12:47:18.759Z,b389f61f-49f2-4640-9179-efd91d836505,"{""name"": ""Auto Loan Account bluetooth"", ""address"": {""street"": ""229 Anabel Greens"", ""city"": ""4430 Wehner Brook"", ""state"": ""938 Josiane Village"", ""number"": ""24108788"", ""zipCode"": ""69915306"", ""district"": ""virtual"", ""createdAt"": {""$date"": ""2026-09-07T12:47:18.759Z""}, ""updatedAt"": {""$date"": ""2026-09-07T12:47:18.759Z""}}, ""createdAt"": {""$date"": ""2026-09-07T12:47:18.759Z""}, ""updatedAt"": {""$date"": ""2026-09-07T12:47:18.759Z""}}",OUT_FOR_DELIVERY,2026-09-07T12:47:18.759Z
6a9eb25629877fbd07f88f8a,com.gisma.advanced_database.shipment.adapter.secondary.mongo.entity.ShippingDBO,2026-09-07T12:47:18.983Z,863d14db-5702-440b-88cb-c957f287fca4,"{""name"": ""Auto Loan Account wireless"", ""address"": {""street"": ""29267 Betty Forge"", ""city"": ""616 Leffler Hills"", ""state"": ""484 The Woodlands"", ""number"": ""69585461"", ""zipCode"": ""93840095"", ""district"": ""redundant"", ""createdAt"": {""$date"": ""2026-09-07T12:47:18.983Z""}, ""updatedAt"": {""$date"": ""2026-09-07T12:47:18.983Z""}}, ""createdAt"": {""$date"": ""2026-09-07T12:47:18.983Z""}, ""updatedAt"": {""$date"": ""2026-09-07T12:47:18.983Z""}}",DELIVERED,2026-09-07T12:47:18.983Z
6a9eb25729877fbd07f88f8b,com.gisma.advanced_database.shipment.adapter.secondary.mongo.entity.ShippingDBO,2026-09-07T12:47:19.762Z,80597379-968e-4658-ab8e-9b4e15ec09b6,"{""name"": ""Money Market Account optical"", ""address"": {""street"": ""834 Grove Lane"", ""city"": ""5592 E State Street"", ""state"": ""19727 Spinka Cove"", ""number"": ""92391929"", ""zipCode"": ""51227458"", ""district"": ""solid state"", ""createdAt"": {""$date"": ""2026-09-07T12:47:19.762Z""}, ""updatedAt"": {""$date"": ""2026-09-07T12:47:19.762Z""}}, ""createdAt"": {""$date"": ""2026-09-07T12:47:19.762Z""}, ""updatedAt"": {""$date"": ""2026-09-07T12:47:19.762Z""}}",DELIVERED,2026-09-07T12:47:19.762Z
6a9eb25729877fbd07f88f8c,com.gisma.advanced_database.shipment.adapter.secondary.mongo.entity.ShippingDBO,2026-09-07T12:47:19.980Z,0e0747c0-221a-4e98-ac88-8d5721bc37f9,"{""name"": ""Auto Loan Account multi-byte"", ""address"": {""street"": ""300 Cartwright Harbors"", ""city"": ""1795 Strosin Cape"", ""state"": ""55022 Megane Passage"", ""number"": ""39233982"", ""zipCode"": ""66874481"", ""district"": ""mobile"", ""createdAt"": {""$date"": ""2026-09-07T12:47:19.980Z""}, ""updatedAt"": {""$date"": ""2026-09-07T12:47:19.980Z""}}, ""createdAt"": {""$date"": ""2026-09-07T12:47:19.980Z""}, ""updatedAt"": {""$date"": ""2026-09-07T12:47:19.980Z""}}",PLACED,2026-09-07T12:47:19.980Z
6a9eb25829877fbd07f88f8d,com.gisma.advanced_database.shipment.adapter.secondary.mongo.entity.ShippingDBO,2026-09-07T12:47:20.162Z,588e5ddd-7ea3-486c-84fb-46dbadaa6a03,"{""name"": ""Personal Loan Account online"", ""address"": {""street"": ""98301 Damaris Row"", ""city"": ""397 Allan Coves"", ""state"": ""6459 Meadow View"", ""number"": ""54717736"", ""zipCode"": ""10900721"", ""district"": ""haptic"", ""createdAt"": {""$date"": ""2026-09-07T12:47:20.162Z""}, ""updatedAt"": {""$date"": ""2026-09-07T12:47:20.162Z""}}, ""createdAt"": {""$date"": ""2026-09-07T12:47:20.162Z""}, ""updatedAt"": {""$date"": ""2026-09-07T12:47:20.162Z""}}",PACKED,2026-09-07T12:47:20.162Z
6a9eb25829877fbd07f88f8e,com.gisma.advanced_database.shipment.adapter.secondary.mongo.entity.ShippingDBO,2026-09-07T12:47:20.350Z,2bb1b3dc-5002-4bcc-bc83-3d1f1dc9b49a,"{""name"": ""Savings Account cross-platform"", ""address"": {""street"": ""44399 Hand Brook"", ""city"": ""3613 Maud Spur"", ""state"": ""463 University Drive"", ""number"": ""80035966"", ""zipCode"": ""42466783"", ""district"": ""virtual"", ""createdAt"": {""$date"": ""2026-09-07T12:47:20.350Z""}, ""updatedAt"": {""$date"": ""2026-09-07T12:47:20.350Z""}}, ""createdAt"": {""$date"": ""2026-09-07T12:47:20.350Z""}, ""updatedAt"": {""$date"": ""2026-09-07T12:47:20.350Z""}}",PACKED,2026-09-07T12:47:20.350Z
6a9eb25929877fbd07f88f8f,com.gisma.advanced_database.shipment.adapter.secondary.mongo.entity.ShippingDBO,2026-09-07T12:47:21.023Z,5ab60d03-e457-4cec-910a-9ac53a069255,"{""name"": ""Personal Loan Account cross-platform"", ""address"": {""street"": ""7424 Lizeth Lakes"", ""city"": ""26382 Crown Street"", ""state"": ""694 Railroad Street"", ""number"": ""07666683"", ""zipCode"": ""89940345"", ""district"": ""optical"", ""createdAt"": {""$date"": ""2026-09-07T12:47:21.023Z""}, ""updatedAt"": {""$date"": ""2026-09-07T12:47:21.023Z""}}, ""createdAt"": {""$date"": ""2026-09-07T12:47:21.023Z""}, ""updatedAt"": {""$date"": ""2026-09-07T12:47:21.023Z""}}",SHIPPED,2026-09-07T12:47:21.023Z
6a9eb25929877fbd07f88f90,com.gisma.advanced_database.shipment.adapter.secondary.mongo.entity.ShippingDBO,2026-09-07T12:47:21.258Z,42cf6efd-3ec4-4960-8f75-0c8afa11cf59,"{""name"": ""Auto Loan Account virtual"", ""address"": {""street"": ""8586 Princes Street"", ""city"": ""984 Jayne Neck"", ""state"": ""6503 Belmont Road"", ""number"": ""13780610"", ""zipCode"": ""25629054"", ""district"": ""virtual"", ""createdAt"": {""$date"": ""2026-09-07T12:47:21.258Z""}, ""updatedAt"": {""$date"": ""2026-09-07T12:47:21.258Z""}}, ""createdAt"": {""$date"": ""2026-09-07T12:47:21.258Z""}, ""updatedAt"": {""$date"": ""2026-09-07T12:47:21.258Z""}}",PACKED,2026-09-07T12:47:21.258Z
6a9eb25929877fbd07f88f91,com.gisma.advanced_database.shipment.adapter.secondary.mongo.entity.ShippingDBO,2026-09-07T12:47:21.487Z,13b6a6e7-384c-4e73-b497-710df92e24a6,"{""name"": ""Money Market Account 1080p"", ""address"": {""street"": ""5813 Sallie Flat"", ""city"": ""325 Rafael Creek"", ""state"": ""245 10th Street"", ""number"": ""56657417"", ""zipCode"": ""58488345"", ""district"": ""open-source"", ""createdAt"": {""$date"": ""2026-09-07T12:47:21.487Z""}, ""updatedAt"": {""$date"": ""2026-09-07T12:47:21.487Z""}}, ""createdAt"": {""$date"": ""2026-09-07T12:47:21.487Z""}, ""updatedAt"": {""$date"": ""2026-09-07T12:47:21.487Z""}}",PACKED,2026-09-07T12:47:21.487Z
6a9eb25929877fbd07f88f92,com.gisma.advanced_database.shipment.adapter.secondary.mongo.entity.ShippingDBO,2026-09-07T12:47:21.693Z,b07263c4-4f28-4ffb-8973-b61545529a23,"{""name"": ""Home Loan Account neural"", ""address"": {""street"": ""179 Parisian Meadow"", ""city"": ""8430 N Broad Street"", ""state"": ""52566 Keebler Point"", ""number"": ""86761038"", ""zipCode"": ""14620012"", ""district"": ""cross-platform"", ""createdAt"": {""$date"": ""2026-09-07T12:47:21.693Z""}, ""updatedAt"": {""$date"": ""2026-09-07T12:47:21.693Z""}}, ""createdAt"": {""$date"": ""2026-09-07T12:47:21.693Z""}, ""updatedAt"": {""$date"": ""2026-09-07T12:47:21.693Z""}}",PACKED,2026-09-07T12:47:21.693Z
6a9eb25a29877fbd07f88f93,com.gisma.advanced_database.shipment.adapter.secondary.mongo.entity.ShippingDBO,2026-09-07T12:47:22.339Z,b6505185-7571-4bdd-9405-57fba44d9cdb,"{""name"": ""Money Market Account mobile"", ""address"": {""street"": ""10541 Wisozk Cape"", ""city"": ""50431 N Oak Street"", ""state"": ""7342 The Sidings"", ""number"": ""19522734"", ""zipCode"": ""56645045"", ""district"": ""open-source"", ""createdAt"": {""$date"": ""2026-09-07T12:47:22.339Z""}, ""updatedAt"": {""$date"": ""2026-09-07T12:47:22.339Z""}}, ""createdAt"": {""$date"": ""2026-09-07T12:47:22.339Z""}, ""updatedAt"": {""$date"": ""2026-09-07T12:47:22.339Z""}}",TRANSIT,2026-09-07T12:47:22.339Z
6a9eb25a29877fbd07f88f94,com.gisma.advanced_database.shipment.adapter.secondary.mongo.entity.ShippingDBO,2026-09-07T12:47:22.626Z,3069bf77-5ac7-4236-8bde-f0d0d8ffb77e,"{""name"": ""Auto Loan Account back-end"", ""address"": {""street"": ""923 Xander Extensions"", ""city"": ""41366 N Franklin Street"", ""state"": ""849 Lilly Stream"", ""number"": ""38083114"", ""zipCode"": ""60970433"", ""district"": ""digital"", ""createdAt"": {""$date"": ""2026-09-07T12:47:22.626Z""}, ""updatedAt"": {""$date"": ""2026-09-07T12:47:22.626Z""}}, ""createdAt"": {""$date"": ""2026-09-07T12:47:22.626Z""}, ""updatedAt"": {""$date"": ""2026-09-07T12:47:22.626Z""}}",PLACED,2026-09-07T12:47:22.626Z
6a9eb25a29877fbd07f88f95,com.gisma.advanced_database.shipment.adapter.secondary.mongo.entity.ShippingDBO,2026-09-07T12:47:22.863Z,eef546c9-42eb-404b-ad23-7738113f462a,"{""name"": ""Credit Card Account bluetooth"", ""address"": {""street"": ""753 Ettie Points"", ""city"": ""49974 Woodland Close"", ""state"": ""68505 Kings Highway"", ""number"": ""75892828"", ""zipCode"": ""94399901"", ""district"": ""solid state"", ""createdAt"": {""$date"": ""2026-09-07T12:47:22.863Z""}, ""updatedAt"": {""$date"": ""2026-09-07T12:47:22.863Z""}}, ""createdAt"": {""$date"": ""2026-09-07T12:47:22.863Z""}, ""updatedAt"": {""$date"": ""2026-09-07T12:47:22.863Z""}}",PACKED,2026-09-07T12:47:22.863Z
6a9eb25b29877fbd07f88f96,com.gisma.advanced_database.shipment.adapter.secondary.mongo.entity.ShippingDBO,2026-09-07T12:47:23.064Z,340844cf-6d6b-48f2-935e-5d7087bf85c5,"{""name"": ""Savings Account digital"", ""address"": {""street"": ""238 S Church Street"", ""city"": ""19242 Bennett Mill"", ""state"": ""8002 Riverside Drive"", ""number"": ""39484063"", ""zipCode"": ""24285799"", ""district"": ""back-end"", ""createdAt"": {""$date"": ""2026-09-07T12:47:23.064Z""}, ""updatedAt"": {""$date"": ""2026-09-07T12:47:23.064Z""}}, ""createdAt"": {""$date"": ""2026-09-07T12:47:23.064Z""}, ""updatedAt"": {""$date"": ""2026-09-07T12:47:23.064Z""}}",SHIPPED,2026-09-07T12:47:23.064Z
6a9eb25b29877fbd07f88f97,com.gisma.advanced_database.shipment.adapter.secondary.mongo.entity.ShippingDBO,2026-09-07T12:47:23.679Z,7451ba0f-cc7d-48f4-8a84-fe37b8f641d0,"{""name"": ""Savings Account mobile"", ""address"": {""street"": ""858 Boyer Hollow"", ""city"": ""64920 Charity Throughway"", ""state"": ""2205 Wilderman Stravenue"", ""number"": ""88621733"", ""zipCode"": ""22756344"", ""district"": ""solid state"", ""createdAt"": {""$date"": ""2026-09-07T12:47:23.679Z""}, ""updatedAt"": {""$date"": ""2026-09-07T12:47:23.679Z""}}, ""createdAt"": {""$date"": ""2026-09-07T12:47:23.679Z""}, ""updatedAt"": {""$date"": ""2026-09-07T12:47:23.679Z""}}",OUT_FOR_DELIVERY,2026-09-07T12:47:23.679Z
6a9eb25b29877fbd07f88f98,com.gisma.advanced_database.shipment.adapter.secondary.mongo.entity.ShippingDBO,2026-09-07T12:47:23.866Z,2004040b-f6dd-47a8-9472-7cc590083ff2,"{""name"": ""Savings Account open-source"", ""address"": {""street"": ""787 Boundary Road"", ""city"": ""223 S Main Avenue"", ""state"": ""1935 Carter Junctions"", ""number"": ""45088958"", ""zipCode"": ""43894828"", ""district"": ""optical"", ""createdAt"": {""$date"": ""2026-09-07T12:47:23.866Z""}, ""updatedAt"": {""$date"": ""2026-09-07T12:47:23.866Z""}}, ""createdAt"": {""$date"": ""2026-09-07T12:47:23.866Z""}, ""updatedAt"": {""$date"": ""2026-09-07T12:47:23.866Z""}}",TRANSIT,2026-09-07T12:47:23.866Z
6a9eb25c29877fbd07f88f99,com.gisma.advanced_database.shipment.adapter.secondary.mongo.entity.ShippingDBO,2026-09-07T12:47:24.034Z,c7a5514b-7e87-4c25-bec7-555825dce098,"{""name"": ""Home Loan Account neural"", ""address"": {""street"": ""78341 E Franklin Street"", ""city"": ""3048 8th Avenue"", ""state"": ""18005 Klein Land"", ""number"": ""98718531"", ""zipCode"": ""72653083"", ""district"": ""primary"", ""createdAt"": {""$date"": ""2026-09-07T12:47:24.034Z""}, ""updatedAt"": {""$date"": ""2026-09-07T12:47:24.034Z""}}, ""createdAt"": {""$date"": ""2026-09-07T12:47:24.034Z""}, ""updatedAt"": {""$date"": ""2026-09-07T12:47:24.034Z""}}",DELIVERED,2026-09-07T12:47:24.034Z
6a9eb25c29877fbd07f88f9a,com.gisma.advanced_database.shipment.adapter.secondary.mongo.entity.ShippingDBO,2026-09-07T12:47:24.197Z,b804d29e-cf8b-4e74-aabe-2d7a3b167725,"{""name"": ""Personal Loan Account back-end"", ""address"": {""street"": ""1134 E Union Street"", ""city"": ""414 S Walnut Street"", ""state"": ""663 N 4th Street"", ""number"": ""25611395"", ""zipCode"": ""58753859"", ""district"": ""digital"", ""createdAt"": {""$date"": ""2026-09-07T12:47:24.197Z""}, ""updatedAt"": {""$date"": ""2026-09-07T12:47:24.197Z""}}, ""createdAt"": {""$date"": ""2026-09-07T12:47:24.197Z""}, ""updatedAt"": {""$date"": ""2026-09-07T12:47:24.197Z""}}",PLACED,2026-09-07T12:47:24.197Z
6a9eb25c29877fbd07f88f9b,com.gisma.advanced_database.shipment.adapter.secondary.mongo.entity.ShippingDBO,2026-09-07T12:47:24.829Z,5749519d-7c01-477e-a5ea-2399d3d1e677,"{""name"": ""Credit Card Account 1080p"", ""address"": {""street"": ""48369 Schulist Mission"", ""city"": ""9865 2nd Avenue"", ""state"": ""90005 Moriah Cape"", ""number"": ""45160158"", ""zipCode"": ""82795437"", ""district"": ""cross-platform"", ""createdAt"": {""$date"": ""2026-09-07T12:47:24.829Z""}, ""updatedAt"": {""$date"": ""2026-09-07T12:47:24.829Z""}}, ""createdAt"": {""$date"": ""2026-09-07T12:47:24.829Z""}, ""updatedAt"": {""$date"": ""2026-09-07T12:47:24.829Z""}}",DELIVERED,2026-09-07T12:47:24.829Z
6a9eb25c29877fbd07f88f9c,com.gisma.advanced_database.shipment.adapter.secondary.mongo.entity.ShippingDBO,2026-09-07T12:47:24.997Z,9de3c8f5-4aef-4502-9fe7-4dbfb3c4d582,"{""name"": ""Home Loan Account virtual"", ""address"": {""street"": ""978 Okuneva Port"", ""city"": ""5870 E Market Street"", ""state"": ""9109 Drake Villages"", ""number"": ""86126853"", ""zipCode"": ""03939338"", ""district"": ""back-end"", ""createdAt"": {""$date"": ""2026-09-07T12:47:24.997Z""}, ""updatedAt"": {""$date"": ""2026-09-07T12:47:24.997Z""}}, ""createdAt"": {""$date"": ""2026-09-07T12:47:24.997Z""}, ""updatedAt"": {""$date"": ""2026-09-07T12:47:24.997Z""}}",TRANSIT,2026-09-07T12:47:24.997Z
6a9eb25d29877fbd07f88f9d,com.gisma.advanced_database.shipment.adapter.secondary.mongo.entity.ShippingDBO,2026-09-07T12:47:25.178Z,efc7f430-ccbe-47e5-a670-a5605959e63c,"{""name"": ""Credit Card Account 1080p"", ""address"": {""street"": ""177 McLaughlin Ranch"", ""city"": ""859 Heaven Points"", ""state"": ""91288 South Avenue"", ""number"": ""00095365"", ""zipCode"": ""85927763"", ""district"": ""1080p"", ""createdAt"": {""$date"": ""2026-09-07T12:47:25.178Z""}, ""updatedAt"": {""$date"": ""2026-09-07T12:47:25.178Z""}}, ""createdAt"": {""$date"": ""2026-09-07T12:47:25.178Z""}, ""updatedAt"": {""$date"": ""2026-09-07T12:47:25.178Z""}}",TRANSIT,2026-09-07T12:47:25.178Z
6a9eb25d29877fbd07f88f9e,com.gisma.advanced_database.shipment.adapter.secondary.mongo.entity.ShippingDBO,2026-09-07T12:47:25.348Z,b8a24f57-7db2-429f-be68-ab215d90e545,"{""name"": ""Checking Account auxiliary"", ""address"": {""street"": ""95221 Denesik Keys"", ""city"": ""6719 Schuster Harbors"", ""state"": ""7157 Casandra Mills"", ""number"": ""03373384"", ""zipCode"": ""64897510"", ""district"": ""redundant"", ""createdAt"": {""$date"": ""2026-09-07T12:47:25.348Z""}, ""updatedAt"": {""$date"": ""2026-09-07T12:47:25.348Z""}}, ""createdAt"": {""$date"": ""2026-09-07T12:47:25.348Z""}, ""updatedAt"": {""$date"": ""2026-09-07T12:47:25.348Z""}}",TRANSIT,2026-09-07T12:47:25.348Z
6a9eb25e29877fbd07f88f9f,com.gisma.advanced_database.shipment.adapter.secondary.mongo.entity.ShippingDBO,2026-09-07T12:47:26.040Z,1bf90d3d-a11c-4eec-86d3-150d1e1ae434,"{""name"": ""Credit Card Account 1080p"", ""address"": {""street"": ""5920 Dicki Rest"", ""city"": ""454 Isidro Islands"", ""state"": ""79546 Kohler Dale"", ""number"": ""49965755"", ""zipCode"": ""31979402"", ""district"": ""optical"", ""createdAt"": {""$date"": ""2026-09-07T12:47:26.040Z""}, ""updatedAt"": {""$date"": ""2026-09-07T12:47:26.040Z""}}, ""createdAt"": {""$date"": ""2026-09-07T12:47:26.040Z""}, ""updatedAt"": {""$date"": ""2026-09-07T12:47:26.040Z""}}",SHIPPED,2026-09-07T12:47:26.040Z
6a9eb25e29877fbd07f88fa0,com.gisma.advanced_database.shipment.adapter.secondary.mongo.entity.ShippingDBO,2026-09-07T12:47:26.221Z,2daf7ab1-4cb7-4c68-9d79-0af85dad114e,"{""name"": ""Auto Loan Account optical"", ""address"": {""street"": ""6471 Eveline Crossing"", ""city"": ""9993 Greenway"", ""state"": ""573 The Laurels"", ""number"": ""49940250"", ""zipCode"": ""70528818"", ""district"": ""auxiliary"", ""createdAt"": {""$date"": ""2026-09-07T12:47:26.221Z""}, ""updatedAt"": {""$date"": ""2026-09-07T12:47:26.221Z""}}, ""createdAt"": {""$date"": ""2026-09-07T12:47:26.221Z""}, ""updatedAt"": {""$date"": ""2026-09-07T12:47:26.221Z""}}",TRANSIT,2026-09-07T12:47:26.221Z
6a9eb25e29877fbd07f88fa1,com.gisma.advanced_database.shipment.adapter.secondary.mongo.entity.ShippingDBO,2026-09-07T12:47:26.386Z,1881d9cc-efac-46e7-a158-619a2e19d763,"{""name"": ""Savings Account virtual"", ""address"": {""street"": ""13914 S Main Avenue"", ""city"": ""66719 Spencer Spur"", ""state"": ""79337 Greenfelder Hills"", ""number"": ""02208416"", ""zipCode"": ""06833109"", ""district"": ""cross-platform"", ""createdAt"": {""$date"": ""2026-09-07T12:47:26.386Z""}, ""updatedAt"": {""$date"": ""2026-09-07T12:47:26.386Z""}}, ""createdAt"": {""$date"": ""2026-09-07T12:47:26.386Z""}, ""updatedAt"": {""$date"": ""2026-09-07T12:47:26.386Z""}}",PLACED,2026-09-07T12:47:26.386Z
6a9eb25e29877fbd07f88fa2,com.gisma.advanced_database.shipment.adapter.secondary.mongo.entity.ShippingDBO,2026-09-07T12:47:26.562Z,5a7984a9-f975-4a9a-9bce-7e563b929f28,"{""name"": ""Money Market Account primary"", ""address"": {""street"": ""39687 Neal Cliff"", ""city"": ""555 Durgan Inlet"", ""state"": ""8693 N Washington Street"", ""number"": ""98510718"", ""zipCode"": ""75158141"", ""district"": ""primary"", ""createdAt"": {""$date"": ""2026-09-07T12:47:26.562Z""}, ""updatedAt"": {""$date"": ""2026-09-07T12:47:26.562Z""}}, ""createdAt"": {""$date"": ""2026-09-07T12:47:26.562Z""}, ""updatedAt"": {""$date"": ""2026-09-07T12:47:26.562Z""}}",SHIPPED,2026-09-07T12:47:26.562Z
6a9eb25f29877fbd07f88fa3,com.gisma.advanced_database.shipment.adapter.secondary.mongo.entity.ShippingDBO,2026-09-07T12:47:27.281Z,77ad5b2e-fd89-4384-a7f4-ede2cd74e447,"{""name"": ""Personal Loan Account virtual"", ""address"": {""street"": ""591 Highfield Road"", ""city"": ""6292 Darrick Locks"", ""state"": ""52613 Dallin Harbors"", ""number"": ""70396112"", ""zipCode"": ""13555487"", ""district"": ""bluetooth"", ""createdAt"": {""$date"": ""2026-09-07T12:47:27.281Z""}, ""updatedAt"": {""$date"": ""2026-09-07T12:47:27.281Z""}}, ""createdAt"": {""$date"": ""2026-09-07T12:47:27.281Z""}, ""updatedAt"": {""$date"": ""2026-09-07T12:47:27.281Z""}}",TRANSIT,2026-09-07T12:47:27.281Z
6a9eb25f29877fbd07f88fa4,com.gisma.advanced_database.shipment.adapter.secondary.mongo.entity.ShippingDBO,2026-09-07T12:47:27.452Z,cb1d20c5-4b8c-42ea-91a5-3334c355291a,"{""name"": ""Checking Account auxiliary"", ""address"": {""street"": ""17519 E Bridge Street"", ""city"": ""820 Adams Rapid"", ""state"": ""893 Leuschke Expressway"", ""number"": ""34879476"", ""zipCode"": ""95614212"", ""district"": ""bluetooth"", ""createdAt"": {""$date"": ""2026-09-07T12:47:27.452Z""}, ""updatedAt"": {""$date"": ""2026-09-07T12:47:27.452Z""}}, ""createdAt"": {""$date"": ""2026-09-07T12:47:27.452Z""}, ""updatedAt"": {""$date"": ""2026-09-07T12:47:27.452Z""}}",PACKED,2026-09-07T12:47:27.452Z
6a9eb25f29877fbd07f88fa5,com.gisma.advanced_database.shipment.adapter.secondary.mongo.entity.ShippingDBO,2026-09-07T12:47:27.628Z,7abafa7f-b03c-4408-bb48-78de3f2f3dfe,"{""name"": ""Checking Account redundant"", ""address"": {""street"": ""8220 Kshlerin Park"", ""city"": ""2398 Libby Key"", ""state"": ""30841 Ward Garden"", ""number"": ""26754743"", ""zipCode"": ""86955024"", ""district"": ""haptic"", ""createdAt"": {""$date"": ""2026-09-07T12:47:27.628Z""}, ""updatedAt"": {""$date"": ""2026-09-07T12:47:27.628Z""}}, ""createdAt"": {""$date"": ""2026-09-07T12:47:27.628Z""}, ""updatedAt"": {""$date"": ""2026-09-07T12:47:27.628Z""}}",TRANSIT,2026-09-07T12:47:27.628Z
6a9eb25f29877fbd07f88fa6,com.gisma.advanced_database.shipment.adapter.secondary.mongo.entity.ShippingDBO,2026-09-07T12:47:27.806Z,2289e4b0-5e37-4b31-9c43-de2ae57a925f,"{""name"": ""Savings Account 1080p"", ""address"": {""street"": ""690 Harber Cliffs"", ""city"": ""783 W 5th Street"", ""state"": ""75074 Broadway"", ""number"": ""01883266"", ""zipCode"": ""51337161"", ""district"": ""digital"", ""createdAt"": {""$date"": ""2026-09-07T12:47:27.806Z""}, ""updatedAt"": {""$date"": ""2026-09-07T12:47:27.806Z""}}, ""createdAt"": {""$date"": ""2026-09-07T12:47:27.806Z""}, ""updatedAt"": {""$date"": ""2026-09-07T12:47:27.806Z""}}",PACKED,2026-09-07T12:47:27.806Z
6a9eb26029877fbd07f88fa7,com.gisma.advanced_database.shipment.adapter.secondary.mongo.entity.ShippingDBO,2026-09-07T12:47:28.559Z,e4e9e193-201a-4858-ba0b-53aac404ec90,"{""name"": ""Home Loan Account redundant"", ""address"": {""street"": ""27399 W Jackson Street"", ""city"": ""423 Chestnut Street"", ""state"": ""538 Mekhi Square"", ""number"": ""88200863"", ""zipCode"": ""30700034"", ""district"": ""haptic"", ""createdAt"": {""$date"": ""2026-09-07T12:47:28.559Z""}, ""updatedAt"": {""$date"": ""2026-09-07T12:47:28.559Z""}}, ""createdAt"": {""$date"": ""2026-09-07T12:47:28.559Z""}, ""updatedAt"": {""$date"": ""2026-09-07T12:47:28.559Z""}}",TRANSIT,2026-09-07T12:47:28.559Z
6a9eb26029877fbd07f88fa8,com.gisma.advanced_database.shipment.adapter.secondary.mongo.entity.ShippingDBO,2026-09-07T12:47:28.750Z,d2ac4bdd-6574-42ac-940a-04316cd505a4,"{""name"": ""Personal Loan Account primary"", ""address"": {""street"": ""68331 Bay Street"", ""city"": ""17924 Claremont Road"", ""state"": ""890 Elza Overpass"", ""number"": ""55686407"", ""zipCode"": ""05758499"", ""district"": ""1080p"", ""createdAt"": {""$date"": ""2026-09-07T12:47:28.750Z""}, ""updatedAt"": {""$date"": ""2026-09-07T12:47:28.750Z""}}, ""createdAt"": {""$date"": ""2026-09-07T12:47:28.750Z""}, ""updatedAt"": {""$date"": ""2026-09-07T12:47:28.750Z""}}",TRANSIT,2026-09-07T12:47:28.750Z
6a9eb26029877fbd07f88fa9,com.gisma.advanced_database.shipment.adapter.secondary.mongo.entity.ShippingDBO,2026-09-07T12:47:28.925Z,990d0228-3bfb-47cf-b76e-27bbe1ba93f4,"{""name"": ""Investment Account multi-byte"", ""address"": {""street"": ""521 Casimir Throughway"", ""city"": ""34385 Earl Ridges"", ""state"": ""92084 Noemy Corners"", ""number"": ""93162879"", ""zipCode"": ""02160426"", ""district"": ""back-end"", ""createdAt"": {""$date"": ""2026-09-07T12:47:28.925Z""}, ""updatedAt"": {""$date"": ""2026-09-07T12:47:28.925Z""}}, ""createdAt"": {""$date"": ""2026-09-07T12:47:28.925Z""}, ""updatedAt"": {""$date"": ""2026-09-07T12:47:28.925Z""}}",OUT_FOR_DELIVERY,2026-09-07T12:47:28.925Z
6a9eb26129877fbd07f88faa,com.gisma.advanced_database.shipment.adapter.secondary.mongo.entity.ShippingDBO,2026-09-07T12:47:29.107Z,223b1c1a-49dd-4995-bd81-fff8eaca109a,"{""name"": ""Checking Account neural"", ""address"": {""street"": ""755 Witting Mount"", ""city"": ""38644 Memorial Drive"", ""state"": ""17718 St Andrew's Road"", ""number"": ""04154743"", ""zipCode"": ""69045821"", ""district"": ""online"", ""createdAt"": {""$date"": ""2026-09-07T12:47:29.107Z""}, ""updatedAt"": {""$date"": ""2026-09-07T12:47:29.107Z""}}, ""createdAt"": {""$date"": ""2026-09-07T12:47:29.107Z""}, ""updatedAt"": {""$date"": ""2026-09-07T12:47:29.107Z""}}",PACKED,2026-09-07T12:47:29.107Z
6a9eb26129877fbd07f88fab,com.gisma.advanced_database.shipment.adapter.secondary.mongo.entity.ShippingDBO,2026-09-07T12:47:29.854Z,559d142a-e73b-4751-8e11-031d018a3810,"{""name"": ""Checking Account cross-platform"", ""address"": {""street"": ""4584 Commerce Street"", ""city"": ""6825 Buddy Pine"", ""state"": ""55447 Hand Skyway"", ""number"": ""72429452"", ""zipCode"": ""77786067"", ""district"": ""multi-byte"", ""createdAt"": {""$date"": ""2026-09-07T12:47:29.854Z""}, ""updatedAt"": {""$date"": ""2026-09-07T12:47:29.854Z""}}, ""createdAt"": {""$date"": ""2026-09-07T12:47:29.854Z""}, ""updatedAt"": {""$date"": ""2026-09-07T12:47:29.854Z""}}",SHIPPED,2026-09-07T12:47:29.854Z
6a9eb26229877fbd07f88fac,com.gisma.advanced_database.shipment.adapter.secondary.mongo.entity.ShippingDBO,2026-09-07T12:47:30.033Z,46645037-f5c9-4272-a6ee-87f7340351ed,"{""name"": ""Money Market Account optical"", ""address"": {""street"": ""489 Fanny Rest"", ""city"": ""857 Dickens Junctions"", ""state"": ""226 Bradtke Falls"", ""number"": ""10653391"", ""zipCode"": ""83493157"", ""district"": ""neural"", ""createdAt"": {""$date"": ""2026-09-07T12:47:30.033Z""}, ""updatedAt"": {""$date"": ""2026-09-07T12:47:30.033Z""}}, ""createdAt"": {""$date"": ""2026-09-07T12:47:30.033Z""}, ""updatedAt"": {""$date"": ""2026-09-07T12:47:30.033Z""}}",OUT_FOR_DELIVERY,2026-09-07T12:47:30.033Z
6a9eb26229877fbd07f88fad,com.gisma.advanced_database.shipment.adapter.secondary.mongo.entity.ShippingDBO,2026-09-07T12:47:30.206Z,0a25eb4e-cf3b-47da-95e7-f3b85017f061,"{""name"": ""Auto Loan Account primary"", ""address"": {""street"": ""93671 Will Oval"", ""city"": ""87740 Doyle Ford"", ""state"": ""8410 Rosetta Place"", ""number"": ""04680381"", ""zipCode"": ""69446377"", ""district"": ""primary"", ""createdAt"": {""$date"": ""2026-09-07T12:47:30.206Z""}, ""updatedAt"": {""$date"": ""2026-09-07T12:47:30.206Z""}}, ""createdAt"": {""$date"": ""2026-09-07T12:47:30.206Z""}, ""updatedAt"": {""$date"": ""2026-09-07T12:47:30.206Z""}}",PACKED,2026-09-07T12:47:30.206Z
6a9eb26229877fbd07f88fae,com.gisma.advanced_database.shipment.adapter.secondary.mongo.entity.ShippingDBO,2026-09-07T12:47:30.385Z,4a952f21-57cf-4100-a46a-5d5045f0bfef,"{""name"": ""Home Loan Account bluetooth"", ""address"": {""street"": ""87241 Cross Street"", ""city"": ""8169 Riverside Avenue"", ""state"": ""2842 Schmidt Mews"", ""number"": ""74967710"", ""zipCode"": ""71230009"", ""district"": ""wireless"", ""createdAt"": {""$date"": ""2026-09-07T12:47:30.385Z""}, ""updatedAt"": {""$date"": ""2026-09-07T12:47:30.385Z""}}, ""createdAt"": {""$date"": ""2026-09-07T12:47:30.385Z""}, ""updatedAt"": {""$date"": ""2026-09-07T12:47:30.385Z""}}",SHIPPED,2026-09-07T12:47:30.385Z
6a9eb26329877fbd07f88faf,com.gisma.advanced_database.shipment.adapter.secondary.mongo.entity.ShippingDBO,2026-09-07T12:47:31.157Z,cdb10412-7b6f-478e-a4f4-9e80e6d5d3ac,"{""name"": ""Checking Account open-source"", ""address"": {""street"": ""6810 Common Lane"", ""city"": ""89979 Arne Ferry"", ""state"": ""995 Florence Crescent"", ""number"": ""64349224"", ""zipCode"": ""46016134"", ""district"": ""neural"", ""createdAt"": {""$date"": ""2026-09-07T12:47:31.157Z""}, ""updatedAt"": {""$date"": ""2026-09-07T12:47:31.157Z""}}, ""createdAt"": {""$date"": ""2026-09-07T12:47:31.157Z""}, ""updatedAt"": {""$date"": ""2026-09-07T12:47:31.157Z""}}",OUT_FOR_DELIVERY,2026-09-07T12:47:31.157Z
6a9eb26329877fbd07f88fb0,com.gisma.advanced_database.shipment.adapter.secondary.mongo.entity.ShippingDBO,2026-09-07T12:47:31.319Z,d018a910-601f-40a7-a8a7-cbc6fba9acf2,"{""name"": ""Auto Loan Account digital"", ""address"": {""street"": ""3269 Tania Views"", ""city"": ""455 Weston Groves"", ""state"": ""99506 Clarendon Road"", ""number"": ""23400100"", ""zipCode"": ""49226529"", ""district"": ""back-end"", ""createdAt"": {""$date"": ""2026-09-07T12:47:31.319Z""}, ""updatedAt"": {""$date"": ""2026-09-07T12:47:31.319Z""}}, ""createdAt"": {""$date"": ""2026-09-07T12:47:31.319Z""}, ""updatedAt"": {""$date"": ""2026-09-07T12:47:31.319Z""}}",PACKED,2026-09-07T12:47:31.319Z
6a9eb26329877fbd07f88fb1,com.gisma.advanced_database.shipment.adapter.secondary.mongo.entity.ShippingDBO,2026-09-07T12:47:31.489Z,282a06aa-d908-4780-9a32-1b494169d38f,"{""name"": ""Money Market Account neural"", ""address"": {""street"": ""19794 Park Street"", ""city"": ""880 Fadel Flats"", ""state"": ""4726 W 2nd Street"", ""number"": ""36037079"", ""zipCode"": ""53750544"", ""district"": ""cross-platform"", ""createdAt"": {""$date"": ""2026-09-07T12:47:31.489Z""}, ""updatedAt"": {""$date"": ""2026-09-07T12:47:31.489Z""}}, ""createdAt"": {""$date"": ""2026-09-07T12:47:31.489Z""}, ""updatedAt"": {""$date"": ""2026-09-07T12:47:31.489Z""}}",PACKED,2026-09-07T12:47:31.489Z
6a9eb26329877fbd07f88fb2,com.gisma.advanced_database.shipment.adapter.secondary.mongo.entity.ShippingDBO,2026-09-07T12:47:31.668Z,dcde6205-9e6e-4aa8-be33-601aa2a890c3,"{""name"": ""Credit Card Account haptic"", ""address"": {""street"": ""12575 N Front Street"", ""city"": ""54642 Alek Harbors"", ""state"": ""399 N State Street"", ""number"": ""28083593"", ""zipCode"": ""93087242"", ""district"": ""neural"", ""createdAt"": {""$date"": ""2026-09-07T12:47:31.668Z""}, ""updatedAt"": {""$date"": ""2026-09-07T12:47:31.668Z""}}, ""createdAt"": {""$date"": ""2026-09-07T12:47:31.668Z""}, ""updatedAt"": {""$date"": ""2026-09-07T12:47:31.668Z""}}",TRANSIT,2026-09-07T12:47:31.668Z
6a9eb26429877fbd07f88fb3,com.gisma.advanced_database.shipment.adapter.secondary.mongo.entity.ShippingDBO,2026-09-07T12:47:32.538Z,1484a114-0029-4f49-aa0c-5a206e6981c6,"{""name"": ""Personal Loan Account primary"", ""address"": {""street"": ""691 Aufderhar Unions"", ""city"": ""520 The Woodlands"", ""state"": ""67562 Emard Haven"", ""number"": ""82480562"", ""zipCode"": ""35304060"", ""district"": ""1080p"", ""createdAt"": {""$date"": ""2026-09-07T12:47:32.538Z""}, ""updatedAt"": {""$date"": ""2026-09-07T12:47:32.538Z""}}, ""createdAt"": {""$date"": ""2026-09-07T12:47:32.538Z""}, ""updatedAt"": {""$date"": ""2026-09-07T12:47:32.538Z""}}",SHIPPED,2026-09-07T12:47:32.538Z
6a9eb26429877fbd07f88fb4,com.gisma.advanced_database.shipment.adapter.secondary.mongo.entity.ShippingDBO,2026-09-07T12:47:32.720Z,1635a826-d967-4732-9415-588fd020557b,"{""name"": ""Personal Loan Account cross-platform"", ""address"": {""street"": ""848 Jerry Valleys"", ""city"": ""347 Rossie Lakes"", ""state"": ""1308 Little Circle"", ""number"": ""90914969"", ""zipCode"": ""16038170"", ""district"": ""neural"", ""createdAt"": {""$date"": ""2026-09-07T12:47:32.720Z""}, ""updatedAt"": {""$date"": ""2026-09-07T12:47:32.720Z""}}, ""createdAt"": {""$date"": ""2026-09-07T12:47:32.720Z""}, ""updatedAt"": {""$date"": ""2026-09-07T12:47:32.720Z""}}",OUT_FOR_DELIVERY,2026-09-07T12:47:32.720Z
6a9eb26429877fbd07f88fb5,com.gisma.advanced_database.shipment.adapter.secondary.mongo.entity.ShippingDBO,2026-09-07T12:47:32.884Z,6211d371-0718-4fda-9686-59f00e4f65b5,"{""name"": ""Investment Account multi-byte"", ""address"": {""street"": ""552 Veterans Memorial Drive"", ""city"": ""8717 Esteban Manor"", ""state"": ""366 Rogelio Mission"", ""number"": ""55628147"", ""zipCode"": ""74818146"", ""district"": ""bluetooth"", ""createdAt"": {""$date"": ""2026-09-07T12:47:32.884Z""}, ""updatedAt"": {""$date"": ""2026-09-07T12:47:32.884Z""}}, ""createdAt"": {""$date"": ""2026-09-07T12:47:32.884Z""}, ""updatedAt"": {""$date"": ""2026-09-07T12:47:32.884Z""}}",TRANSIT,2026-09-07T12:47:32.884Z
6a9eb26529877fbd07f88fb6,com.gisma.advanced_database.shipment.adapter.secondary.mongo.entity.ShippingDBO,2026-09-07T12:47:33.046Z,d880bba9-45c8-4c35-bdd4-83a3cdbfd430,"{""name"": ""Personal Loan Account virtual"", ""address"": {""street"": ""300 The Woodlands"", ""city"": ""46278 Jean Land"", ""state"": ""861 O'Keefe Drive"", ""number"": ""37593015"", ""zipCode"": ""37883484"", ""district"": ""digital"", ""createdAt"": {""$date"": ""2026-09-07T12:47:33.046Z""}, ""updatedAt"": {""$date"": ""2026-09-07T12:47:33.046Z""}}, ""createdAt"": {""$date"": ""2026-09-07T12:47:33.046Z""}, ""updatedAt"": {""$date"": ""2026-09-07T12:47:33.046Z""}}",OUT_FOR_DELIVERY,2026-09-07T12:47:33.046Z
6a9eb26529877fbd07f88fb7,com.gisma.advanced_database.shipment.adapter.secondary.mongo.entity.ShippingDBO,2026-09-07T12:47:33.875Z,f6ccccab-6457-4648-a7a2-1f2937a91d0c,"{""name"": ""Auto Loan Account open-source"", ""address"": {""street"": ""30197 Memorial Drive"", ""city"": ""338 Joesph Mountains"", ""state"": ""28000 Schulist Corner"", ""number"": ""07804757"", ""zipCode"": ""31103178"", ""district"": ""redundant"", ""createdAt"": {""$date"": ""2026-09-07T12:47:33.875Z""}, ""updatedAt"": {""$date"": ""2026-09-07T12:47:33.875Z""}}, ""createdAt"": {""$date"": ""2026-09-07T12:47:33.875Z""}, ""updatedAt"": {""$date"": ""2026-09-07T12:47:33.875Z""}}",TRANSIT,2026-09-07T12:47:33.875Z
6a9eb26629877fbd07f88fb8,com.gisma.advanced_database.shipment.adapter.secondary.mongo.entity.ShippingDBO,2026-09-07T12:47:34.052Z,9492fa86-6820-40da-a63a-f22efeb76704,"{""name"": ""Investment Account neural"", ""address"": {""street"": ""35005 Leffler Dam"", ""city"": ""7307 Boyer Extension"", ""state"": ""8523 Bernier Mountains"", ""number"": ""87920951"", ""zipCode"": ""06015808"", ""district"": ""back-end"", ""createdAt"": {""$date"": ""2026-09-07T12:47:34.052Z""}, ""updatedAt"": {""$date"": ""2026-09-07T12:47:34.052Z""}}, ""createdAt"": {""$date"": ""2026-09-07T12:47:34.052Z""}, ""updatedAt"": {""$date"": ""2026-09-07T12:47:34.052Z""}}",PLACED,2026-09-07T12:47:34.052Z
6a9eb26629877fbd07f88fb9,com.gisma.advanced_database.shipment.adapter.secondary.mongo.entity.ShippingDBO,2026-09-07T12:47:34.206Z,9b9e26b3-5c87-4540-ad44-d377e52e7d75,"{""name"": ""Credit Card Account primary"", ""address"": {""street"": ""8901 W Washington Avenue"", ""city"": ""96733 E High Street"", ""state"": ""729 Jabari Streets"", ""number"": ""25147244"", ""zipCode"": ""79155924"", ""district"": ""open-source"", ""createdAt"": {""$date"": ""2026-09-07T12:47:34.206Z""}, ""updatedAt"": {""$date"": ""2026-09-07T12:47:34.206Z""}}, ""createdAt"": {""$date"": ""2026-09-07T12:47:34.206Z""}, ""updatedAt"": {""$date"": ""2026-09-07T12:47:34.206Z""}}",PLACED,2026-09-07T12:47:34.206Z
6a9eb26629877fbd07f88fba,com.gisma.advanced_database.shipment.adapter.secondary.mongo.entity.ShippingDBO,2026-09-07T12:47:34.378Z,4db66e40-2779-44bd-955d-60b2b92e791f,"{""name"": ""Auto Loan Account multi-byte"", ""address"": {""street"": ""341 Beech Drive"", ""city"": ""2256 Braun Fall"", ""state"": ""724 Gerry Ferry"", ""number"": ""35120587"", ""zipCode"": ""74375146"", ""district"": ""multi-byte"", ""createdAt"": {""$date"": ""2026-09-07T12:47:34.378Z""}, ""updatedAt"": {""$date"": ""2026-09-07T12:47:34.378Z""}}, ""createdAt"": {""$date"": ""2026-09-07T12:47:34.378Z""}, ""updatedAt"": {""$date"": ""2026-09-07T12:47:34.378Z""}}",TRANSIT,2026-09-07T12:47:34.378Z
6a9eb26729877fbd07f88fbb,com.gisma.advanced_database.shipment.adapter.secondary.mongo.entity.ShippingDBO,2026-09-07T12:47:35.278Z,f3e925ad-fa7e-4e4e-82b4-75bdabff4c59,"{""name"": ""Credit Card Account auxiliary"", ""address"": {""street"": ""4065 Wilson Coves"", ""city"": ""107 Hickory Street"", ""state"": ""406 Levi Inlet"", ""number"": ""99523013"", ""zipCode"": ""62209828"", ""district"": ""solid state"", ""createdAt"": {""$date"": ""2026-09-07T12:47:35.278Z""}, ""updatedAt"": {""$date"": ""2026-09-07T12:47:35.278Z""}}, ""createdAt"": {""$date"": ""2026-09-07T12:47:35.278Z""}, ""updatedAt"": {""$date"": ""2026-09-07T12:47:35.278Z""}}",DELIVERED,2026-09-07T12:47:35.278Z
6a9eb26729877fbd07f88fbc,com.gisma.advanced_database.shipment.adapter.secondary.mongo.entity.ShippingDBO,2026-09-07T12:47:35.435Z,aaeaf266-b0d8-48f1-bc78-223c49de64cb,"{""name"": ""Money Market Account bluetooth"", ""address"": {""street"": ""4455 Hill Road"", ""city"": ""608 Nelson Street"", ""state"": ""5734 Hawthorn Avenue"", ""number"": ""36060300"", ""zipCode"": ""89855250"", ""district"": ""haptic"", ""createdAt"": {""$date"": ""2026-09-07T12:47:35.435Z""}, ""updatedAt"": {""$date"": ""2026-09-07T12:47:35.435Z""}}, ""createdAt"": {""$date"": ""2026-09-07T12:47:35.435Z""}, ""updatedAt"": {""$date"": ""2026-09-07T12:47:35.435Z""}}",PLACED,2026-09-07T12:47:35.435Z
6a9eb26729877fbd07f88fbd,com.gisma.advanced_database.shipment.adapter.secondary.mongo.entity.ShippingDBO,2026-09-07T12:47:35.606Z,2bd612bd-9314-4eaf-99f9-0ae17977d386,"{""name"": ""Money Market Account redundant"", ""address"": {""street"": ""819 Clark Street"", ""city"": ""819 Stamm Inlet"", ""state"": ""616 Boehm Fork"", ""number"": ""93599758"", ""zipCode"": ""58058245"", ""district"": ""online"", ""createdAt"": {""$date"": ""2026-09-07T12:47:35.606Z""}, ""updatedAt"": {""$date"": ""2026-09-07T12:47:35.606Z""}}, ""createdAt"": {""$date"": ""2026-09-07T12:47:35.606Z""}, ""updatedAt"": {""$date"": ""2026-09-07T12:47:35.606Z""}}",DELIVERED,2026-09-07T12:47:35.606Z
6a9eb26729877fbd07f88fbe,com.gisma.advanced_database.shipment.adapter.secondary.mongo.entity.ShippingDBO,2026-09-07T12:47:35.775Z,0bebcbee-2bbc-4acb-a2b7-8f1485f62fbe,"{""name"": ""Auto Loan Account solid state"", ""address"": {""street"": ""352 Franklin Road"", ""city"": ""54179 Arlo Rest"", ""state"": ""211 Middle Street"", ""number"": ""90565570"", ""zipCode"": ""54209244"", ""district"": ""back-end"", ""createdAt"": {""$date"": ""2026-09-07T12:47:35.775Z""}, ""updatedAt"": {""$date"": ""2026-09-07T12:47:35.775Z""}}, ""createdAt"": {""$date"": ""2026-09-07T12:47:35.775Z""}, ""updatedAt"": {""$date"": ""2026-09-07T12:47:35.775Z""}}",TRANSIT,2026-09-07T12:47:35.775Z
6a9eb26829877fbd07f88fbf,com.gisma.advanced_database.shipment.adapter.secondary.mongo.entity.ShippingDBO,2026-09-07T12:47:36.663Z,479ca60a-f573-4817-9ff5-4ba063f3f99d,"{""name"": ""Credit Card Account mobile"", ""address"": {""street"": ""920 Brielle Drive"", ""city"": ""816 Feest Station"", ""state"": ""8061 Central Street"", ""number"": ""78891475"", ""zipCode"": ""74123624"", ""district"": ""wireless"", ""createdAt"": {""$date"": ""2026-09-07T12:47:36.663Z""}, ""updatedAt"": {""$date"": ""2026-09-07T12:47:36.663Z""}}, ""createdAt"": {""$date"": ""2026-09-07T12:47:36.663Z""}, ""updatedAt"": {""$date"": ""2026-09-07T12:47:36.663Z""}}",PLACED,2026-09-07T12:47:36.663Z
6a9eb26829877fbd07f88fc0,com.gisma.advanced_database.shipment.adapter.secondary.mongo.entity.ShippingDBO,2026-09-07T12:47:36.861Z,86f13583-b488-477c-b5f8-2dccab1d23cd,"{""name"": ""Checking Account mobile"", ""address"": {""street"": ""8425 Francesco Squares"", ""city"": ""106 Hagenes Cape"", ""state"": ""715 Oxford Street"", ""number"": ""96746910"", ""zipCode"": ""96972067"", ""district"": ""1080p"", ""createdAt"": {""$date"": ""2026-09-07T12:47:36.861Z""}, ""updatedAt"": {""$date"": ""2026-09-07T12:47:36.861Z""}}, ""createdAt"": {""$date"": ""2026-09-07T12:47:36.861Z""}, ""updatedAt"": {""$date"": ""2026-09-07T12:47:36.861Z""}}",SHIPPED,2026-09-07T12:47:36.861Z
6a9eb26929877fbd07f88fc1,com.gisma.advanced_database.shipment.adapter.secondary.mongo.entity.ShippingDBO,2026-09-07T12:47:37.031Z,092366b4-295b-4d00-a411-70704ab676c0,"{""name"": ""Personal Loan Account solid state"", ""address"": {""street"": ""353 Marianna Camp"", ""city"": ""339 Ash Road"", ""state"": ""4041 Judd Falls"", ""number"": ""97722655"", ""zipCode"": ""76405453"", ""district"": ""mobile"", ""createdAt"": {""$date"": ""2026-09-07T12:47:37.031Z""}, ""updatedAt"": {""$date"": ""2026-09-07T12:47:37.031Z""}}, ""createdAt"": {""$date"": ""2026-09-07T12:47:37.031Z""}, ""updatedAt"": {""$date"": ""2026-09-07T12:47:37.031Z""}}",OUT_FOR_DELIVERY,2026-09-07T12:47:37.031Z
6a9eb26929877fbd07f88fc2,com.gisma.advanced_database.shipment.adapter.secondary.mongo.entity.ShippingDBO,2026-09-07T12:47:37.199Z,d7e83c04-673d-4089-a816-30b7da3016d2,"{""name"": ""Credit Card Account primary"", ""address"": {""street"": ""785 Jackson Avenue"", ""city"": ""46273 The Laurels"", ""state"": ""33692 Corwin Throughway"", ""number"": ""33385666"", ""zipCode"": ""51806019"", ""district"": ""optical"", ""createdAt"": {""$date"": ""2026-09-07T12:47:37.199Z""}, ""updatedAt"": {""$date"": ""2026-09-07T12:47:37.199Z""}}, ""createdAt"": {""$date"": ""2026-09-07T12:47:37.199Z""}, ""updatedAt"": {""$date"": ""2026-09-07T12:47:37.199Z""}}",DELIVERED,2026-09-07T12:47:37.199Z
6a9eb26a29877fbd07f88fc3,com.gisma.advanced_database.shipment.adapter.secondary.mongo.entity.ShippingDBO,2026-09-07T12:47:38.332Z,d3407277-073e-4c03-a0a7-9bd3fcad984b,"{""name"": ""Credit Card Account back-end"", ""address"": {""street"": ""2392 Fisher Park"", ""city"": ""57191 Esperanza Place"", ""state"": ""2043 Ena View"", ""number"": ""22103128"", ""zipCode"": ""59374603"", ""district"": ""digital"", ""createdAt"": {""$date"": ""2026-09-07T12:47:38.332Z""}, ""updatedAt"": {""$date"": ""2026-09-07T12:47:38.332Z""}}, ""createdAt"": {""$date"": ""2026-09-07T12:47:38.332Z""}, ""updatedAt"": {""$date"": ""2026-09-07T12:47:38.332Z""}}",TRANSIT,2026-09-07T12:47:38.332Z
6a9eb26a29877fbd07f88fc4,com.gisma.advanced_database.shipment.adapter.secondary.mongo.entity.ShippingDBO,2026-09-07T12:47:38.507Z,970f3dee-b83a-49ff-9603-4162b55af32d,"{""name"": ""Savings Account digital"", ""address"": {""street"": ""90061 Keith Junction"", ""city"": ""80841 Breitenberg Pine"", ""state"": ""343 Beatrice Tunnel"", ""number"": ""13433933"", ""zipCode"": ""74848912"", ""district"": ""haptic"", ""createdAt"": {""$date"": ""2026-09-07T12:47:38.507Z""}, ""updatedAt"": {""$date"": ""2026-09-07T12:47:38.507Z""}}, ""createdAt"": {""$date"": ""2026-09-07T12:47:38.507Z""}, ""updatedAt"": {""$date"": ""2026-09-07T12:47:38.507Z""}}",DELIVERED,2026-09-07T12:47:38.507Z
6a9eb26a29877fbd07f88fc5,com.gisma.advanced_database.shipment.adapter.secondary.mongo.entity.ShippingDBO,2026-09-07T12:47:38.673Z,95e40957-f261-4609-abb1-c6ba29cb456b,"{""name"": ""Checking Account cross-platform"", ""address"": {""street"": ""755 Madelyn Forks"", ""city"": ""426 N 2nd Street"", ""state"": ""7487 Kenneth Harbors"", ""number"": ""90790323"", ""zipCode"": ""79993117"", ""district"": ""multi-byte"", ""createdAt"": {""$date"": ""2026-09-07T12:47:38.673Z""}, ""updatedAt"": {""$date"": ""2026-09-07T12:47:38.673Z""}}, ""createdAt"": {""$date"": ""2026-09-07T12:47:38.673Z""}, ""updatedAt"": {""$date"": ""2026-09-07T12:47:38.673Z""}}",SHIPPED,2026-09-07T12:47:38.673Z
6a9eb26a29877fbd07f88fc6,com.gisma.advanced_database.shipment.adapter.secondary.mongo.entity.ShippingDBO,2026-09-07T12:47:38.834Z,8ddbf79c-bfbe-4e56-b72a-27e0cc66ec74,"{""name"": ""Personal Loan Account digital"", ""address"": {""street"": ""3655 W 12th Street"", ""city"": ""6933 Hill Road"", ""state"": ""4681 North Street"", ""number"": ""32175151"", ""zipCode"": ""61204872"", ""district"": ""optical"", ""createdAt"": {""$date"": ""2026-09-07T12:47:38.834Z""}, ""updatedAt"": {""$date"": ""2026-09-07T12:47:38.834Z""}}, ""createdAt"": {""$date"": ""2026-09-07T12:47:38.834Z""}, ""updatedAt"": {""$date"": ""2026-09-07T12:47:38.834Z""}}",TRANSIT,2026-09-07T12:47:38.834Z
6a9eb26b29877fbd07f88fc7,com.gisma.advanced_database.shipment.adapter.secondary.mongo.entity.ShippingDBO,2026-09-07T12:47:39.602Z,619a1cf6-9bdc-4b38-b5d7-9384ded481eb,"{""name"": ""Savings Account open-source"", ""address"": {""street"": ""3607 Park Drive"", ""city"": ""83471 Candice Branch"", ""state"": ""4674 Weber Wall"", ""number"": ""78042264"", ""zipCode"": ""18028853"", ""district"": ""back-end"", ""createdAt"": {""$date"": ""2026-09-07T12:47:39.602Z""}, ""updatedAt"": {""$date"": ""2026-09-07T12:47:39.602Z""}}, ""createdAt"": {""$date"": ""2026-09-07T12:47:39.602Z""}, ""updatedAt"": {""$date"": ""2026-09-07T12:47:39.602Z""}}",SHIPPED,2026-09-07T12:47:39.602Z
6a9eb26b29877fbd07f88fc8,com.gisma.advanced_database.shipment.adapter.secondary.mongo.entity.ShippingDBO,2026-09-07T12:47:39.765Z,d47167af-ecb2-4a59-8613-3ff138c03f89,"{""name"": ""Personal Loan Account back-end"", ""address"": {""street"": ""640 Von Glens"", ""city"": ""83472 Luettgen Glen"", ""state"": ""5791 Boyer Junctions"", ""number"": ""02115455"", ""zipCode"": ""43638746"", ""district"": ""optical"", ""createdAt"": {""$date"": ""2026-09-07T12:47:39.765Z""}, ""updatedAt"": {""$date"": ""2026-09-07T12:47:39.765Z""}}, ""createdAt"": {""$date"": ""2026-09-07T12:47:39.765Z""}, ""updatedAt"": {""$date"": ""2026-09-07T12:47:39.765Z""}}",TRANSIT,2026-09-07T12:47:39.765Z
6a9eb26b29877fbd07f88fc9,com.gisma.advanced_database.shipment.adapter.secondary.mongo.entity.ShippingDBO,2026-09-07T12:47:39.927Z,92b8a7b8-cc92-4227-b850-e5350f228694,"{""name"": ""Auto Loan Account redundant"", ""address"": {""street"": ""617 Stanford Avenue"", ""city"": ""5100 Liberty Street"", ""state"": ""9212 N 8th Street"", ""number"": ""03611048"", ""zipCode"": ""75389638"", ""district"": ""auxiliary"", ""createdAt"": {""$date"": ""2026-09-07T12:47:39.927Z""}, ""updatedAt"": {""$date"": ""2026-09-07T12:47:39.927Z""}}, ""createdAt"": {""$date"": ""2026-09-07T12:47:39.927Z""}, ""updatedAt"": {""$date"": ""2026-09-07T12:47:39.927Z""}}",DELIVERED,2026-09-07T12:47:39.927Z
6a9eb26c29877fbd07f88fca,com.gisma.advanced_database.shipment.adapter.secondary.mongo.entity.ShippingDBO,2026-09-07T12:47:40.101Z,50ad737c-4dd8-43e5-8dcf-72b5d8df41be,"{""name"": ""Credit Card Account bluetooth"", ""address"": {""street"": ""28926 Conn Crossroad"", ""city"": ""267 Rectory Lane"", ""state"": ""82453 Dangelo Rest"", ""number"": ""60741070"", ""zipCode"": ""78699111"", ""district"": ""wireless"", ""createdAt"": {""$date"": ""2026-09-07T12:47:40.101Z""}, ""updatedAt"": {""$date"": ""2026-09-07T12:47:40.101Z""}}, ""createdAt"": {""$date"": ""2026-09-07T12:47:40.101Z""}, ""updatedAt"": {""$date"": ""2026-09-07T12:47:40.101Z""}}",TRANSIT,2026-09-07T12:47:40.101Z
